# ** Note: (vsim-220) '/eda/tools/siemens/questasim.2025.2/linux/../modelsim.ini' is used as the ini file.
# vsim -c -assertdebug test_NtnuTfe4171Lab1Fifo -l run_fifo.log -do "run -all; quit" 
# Start time: 09:01:32 on Jan 26,2026
# ** Note: (vsim-3812) Design is being optimized...
# ** Note: (vopt-220) '/eda/tools/siemens/questasim.2025.2/linux/../modelsim.ini' is used as the ini file.
# //  Questa Sim
# //  Version 2025.2 linux May 31 2025
# //
# // Unpublished work. Copyright 2025 Siemens
# //
# // This material contains trade secrets or otherwise confidential information
# // owned by Siemens Industry Software Inc. or its affiliates (collectively,
# // "SISW"), or its licensors. Access to and use of this information is strictly
# // limited as set forth in the Customer's applicable agreements with SISW.
# //
# // This material may not be copied, distributed, or otherwise disclosed outside
# // of the Customer's facilities without the express written permission of SISW,
# // and may not be used in any way not expressly authorized by SISW.
# //
# Loading sv_std.std
# Loading work.test_NtnuTfe4171Lab1Fifo(fast)
# ** Warning: (vsim-8492) The -assertdebug option was specified but there are no accessible objects.
# run -all
#    time     | wrEn   wrData | rdEn  rdData | full empty flush
#        31 |   0    0x000  |   0   0x0xx  |   0     1     0
#        93 |   0    0x000  |   0   0x0xx  |   0     1     0
#       155 |   0    0x000  |   0   0x0xx  |   0     1     0
#       217 |   0    0x000  |   0   0x0xx  |   0     1     0
#       279 |   0    0x000  |   0   0x0xx  |   0     1     0
#       341 |   0    0x000  |   0   0x0xx  |   0     1     0
#       403 |   1    0x010  |   0   0x0xx  |   0     1     0
#       465 |   0    0x000  |   0   0x0xx  |   0     0     0
#       527 |   1    0x011  |   0   0x0xx  |   0     0     0
#       589 |   0    0x000  |   0   0x0xx  |   0     0     0
#       651 |   1    0x012  |   0   0x0xx  |   0     0     0
#       713 |   0    0x000  |   0   0x0xx  |   0     0     0
#       775 |   1    0x013  |   0   0x0xx  |   0     0     0
#       837 |   0    0x000  |   0   0x0xx  |   0     0     0
#       899 |   1    0x014  |   0   0x0xx  |   0     0     0
#       961 |   0    0x000  |   0   0x0xx  |   0     0     0
#      1023 |   1    0x015  |   0   0x0xx  |   0     0     0
#      1085 |   0    0x000  |   0   0x0xx  |   0     0     0
#      1147 |   1    0x016  |   0   0x0xx  |   0     0     0
#      1209 |   0    0x000  |   0   0x0xx  |   0     0     0
#      1271 |   1    0x017  |   0   0x0xx  |   0     0     0
#      1333 |   0    0x000  |   0   0x0xx  |   0     0     0
#      1395 |   1    0x018  |   0   0x0xx  |   0     0     0
#      1457 |   0    0x000  |   0   0x0xx  |   0     0     0
#      1519 |   1    0x019  |   0   0x0xx  |   0     0     0
#      1581 |   0    0x000  |   0   0x0xx  |   0     0     0
#      1643 |   1    0x01a  |   0   0x0xx  |   0     0     0
#      1705 |   0    0x000  |   0   0x0xx  |   0     0     0
#      1767 |   1    0x01b  |   0   0x0xx  |   0     0     0
#      1829 |   0    0x000  |   0   0x0xx  |   0     0     0
#      1891 |   1    0x01c  |   0   0x0xx  |   0     0     0
#      1953 |   0    0x000  |   0   0x0xx  |   0     0     0
#      2015 |   1    0x01d  |   0   0x0xx  |   0     0     0
#      2077 |   0    0x000  |   0   0x0xx  |   0     0     0
#      2139 |   1    0x01e  |   0   0x0xx  |   0     0     0
#      2201 |   0    0x000  |   0   0x0xx  |   0     0     0
#      2263 |   1    0x01f  |   0   0x0xx  |   0     0     0
#      2325 |   0    0x000  |   0   0x0xx  |   0     0     0
#      2387 |   0    0x000  |   1   0x010  |   0     0     0
#      2449 |   0    0x000  |   0   0x010  |   0     0     0
#      2511 |   0    0x000  |   1   0x011  |   0     0     0
#      2573 |   0    0x000  |   0   0x011  |   0     0     0
#      2635 |   0    0x000  |   1   0x012  |   0     0     0
#      2697 |   0    0x000  |   0   0x012  |   0     0     0
#      2759 |   0    0x000  |   1   0x013  |   0     0     0
#      2821 |   0    0x000  |   0   0x013  |   0     0     0
#      2883 |   0    0x000  |   1   0x014  |   0     0     0
#      2945 |   0    0x000  |   0   0x014  |   0     0     0
#      3007 |   0    0x000  |   1   0x015  |   0     0     0
#      3069 |   0    0x000  |   0   0x015  |   0     0     0
#      3131 |   0    0x000  |   1   0x016  |   0     0     0
#      3193 |   0    0x000  |   0   0x016  |   0     0     0
#      3255 |   0    0x000  |   1   0x017  |   0     0     0
#      3317 |   0    0x000  |   0   0x017  |   0     0     0
#      3379 |   0    0x000  |   1   0x018  |   0     0     0
#      3441 |   0    0x000  |   0   0x018  |   0     0     0
#      3503 |   0    0x000  |   1   0x019  |   0     0     0
#      3565 |   0    0x000  |   0   0x019  |   0     0     0
#      3627 |   0    0x000  |   1   0x01a  |   0     0     0
#      3689 |   0    0x000  |   0   0x01a  |   0     0     0
#      3751 |   0    0x000  |   1   0x01b  |   0     0     0
#      3813 |   0    0x000  |   0   0x01b  |   0     0     0
#      3875 |   0    0x000  |   1   0x01c  |   0     0     0
#      3937 |   0    0x000  |   0   0x01c  |   0     0     0
#      3999 |   0    0x000  |   1   0x01d  |   0     0     0
#      4061 |   0    0x000  |   0   0x01d  |   0     0     0
#      4123 |   0    0x000  |   1   0x01e  |   0     0     0
#      4185 |   0    0x000  |   0   0x01e  |   0     0     0
#      4247 |   0    0x000  |   1   0x01f  |   0     0     0
# [4309] SUCCESS: (1) FIFO data pushed and emptied after equal write/read
# 
#      4309 |   0    0x000  |   0   0x01f  |   0     1     0
#      4371 |   0    0x000  |   0   0x01f  |   0     1     0
#      4433 |   1    0x020  |   0   0x01f  |   0     1     0
#      4495 |   0    0x000  |   0   0x01f  |   0     0     0
#      4557 |   1    0x021  |   0   0x01f  |   0     0     0
#      4619 |   0    0x000  |   0   0x01f  |   0     0     0
#      4681 |   1    0x022  |   0   0x01f  |   0     0     0
#      4743 |   0    0x000  |   0   0x01f  |   0     0     0
#      4805 |   1    0x023  |   0   0x01f  |   0     0     0
#      4867 |   0    0x000  |   0   0x01f  |   0     0     0
#      4929 |   1    0x024  |   0   0x01f  |   0     0     0
#      4991 |   0    0x000  |   0   0x01f  |   0     0     0
#      5053 |   1    0x025  |   0   0x01f  |   0     0     0
#      5115 |   0    0x000  |   0   0x01f  |   0     0     0
#      5177 |   1    0x026  |   0   0x01f  |   0     0     0
#      5239 |   0    0x000  |   0   0x01f  |   0     0     0
#      5301 |   1    0x027  |   0   0x01f  |   0     0     0
#      5363 |   0    0x000  |   0   0x01f  |   0     0     0
#      5425 |   1    0x028  |   0   0x01f  |   0     0     0
#      5487 |   0    0x000  |   0   0x01f  |   0     0     0
#      5549 |   1    0x029  |   0   0x01f  |   0     0     0
#      5611 |   0    0x000  |   0   0x01f  |   0     0     0
#      5673 |   1    0x02a  |   0   0x01f  |   0     0     0
#      5735 |   0    0x000  |   0   0x01f  |   0     0     0
#      5797 |   1    0x02b  |   0   0x01f  |   0     0     0
#      5859 |   0    0x000  |   0   0x01f  |   0     0     0
#      5921 |   1    0x02c  |   0   0x01f  |   0     0     0
#      5983 |   0    0x000  |   0   0x01f  |   0     0     0
#      6045 |   1    0x02d  |   0   0x01f  |   0     0     0
#      6107 |   0    0x000  |   0   0x01f  |   0     0     0
#      6169 |   1    0x02e  |   0   0x01f  |   0     0     0
#      6231 |   0    0x000  |   0   0x01f  |   0     0     0
#      6293 |   1    0x02f  |   0   0x01f  |   0     0     0
#      6355 |   0    0x000  |   0   0x01f  |   0     0     0
#      6417 |   1    0x030  |   0   0x01f  |   0     0     0
#      6479 |   0    0x000  |   0   0x01f  |   0     0     0
#      6541 |   1    0x031  |   0   0x01f  |   0     0     0
#      6603 |   0    0x000  |   0   0x01f  |   0     0     0
#      6665 |   1    0x032  |   0   0x01f  |   0     0     0
#      6727 |   0    0x000  |   0   0x01f  |   0     0     0
#      6789 |   1    0x033  |   0   0x01f  |   0     0     0
#      6851 |   0    0x000  |   0   0x01f  |   0     0     0
#      6913 |   1    0x034  |   0   0x01f  |   0     0     0
#      6975 |   0    0x000  |   0   0x01f  |   0     0     0
#      7037 |   1    0x035  |   0   0x01f  |   0     0     0
#      7099 |   0    0x000  |   0   0x01f  |   0     0     0
#      7161 |   1    0x036  |   0   0x01f  |   0     0     0
#      7223 |   0    0x000  |   0   0x01f  |   0     0     0
#      7285 |   1    0x037  |   0   0x01f  |   0     0     0
#      7347 |   0    0x000  |   0   0x01f  |   0     0     0
#      7409 |   1    0x038  |   0   0x01f  |   0     0     0
#      7471 |   0    0x000  |   0   0x01f  |   0     0     0
#      7533 |   1    0x039  |   0   0x01f  |   0     0     0
#      7595 |   0    0x000  |   0   0x01f  |   0     0     0
#      7657 |   1    0x03a  |   0   0x01f  |   0     0     0
#      7719 |   0    0x000  |   0   0x01f  |   0     0     0
#      7781 |   1    0x03b  |   0   0x01f  |   0     0     0
#      7843 |   0    0x000  |   0   0x01f  |   0     0     0
#      7905 |   1    0x03c  |   0   0x01f  |   0     0     0
#      7967 |   0    0x000  |   0   0x01f  |   0     0     0
# [8029] SUCCESS: (2) FIFO data pushed and empty de-asserted
# 
#      8029 |   1    0x03d  |   0   0x01f  |   0     0     0
#      8091 |   0    0x000  |   0   0x01f  |   0     0     0
#      8153 |   0    0x000  |   0   0x01f  |   0     0     1
#      8215 |   0    0x000  |   0   0x01f  |   0     1     0
#      8277 |   0    0x000  |   0   0x01f  |   0     1     0
#      8339 |   0    0x000  |   0   0x01f  |   0     1     0
#      8401 |   0    0x000  |   0   0x01f  |   0     1     0
#      8463 |   0    0x000  |   0   0x01f  |   0     1     0
#      8525 |   0    0x000  |   0   0x01f  |   0     1     0
#      8587 |   0    0x000  |   0   0x01f  |   0     1     0
#      8649 |   0    0x000  |   0   0x01f  |   0     1     0
#      8711 |   0    0x000  |   0   0x01f  |   0     1     0
#      8773 |   0    0x000  |   0   0x01f  |   0     1     0
#      8835 |   1    0x040  |   0   0x01f  |   0     1     0
#      8897 |   0    0x000  |   0   0x01f  |   0     0     0
#      8959 |   1    0x041  |   0   0x01f  |   0     0     0
#      9021 |   0    0x000  |   0   0x01f  |   0     0     0
#      9083 |   1    0x042  |   0   0x01f  |   0     0     0
#      9145 |   0    0x000  |   0   0x01f  |   0     0     0
#      9207 |   1    0x043  |   0   0x01f  |   0     0     0
#      9269 |   0    0x000  |   0   0x01f  |   0     0     0
#      9331 |   1    0x044  |   0   0x01f  |   0     0     0
#      9393 |   0    0x000  |   0   0x01f  |   0     0     0
#      9455 |   1    0x045  |   0   0x01f  |   0     0     0
#      9517 |   0    0x000  |   0   0x01f  |   0     0     0
#      9579 |   1    0x046  |   0   0x01f  |   0     0     0
#      9641 |   0    0x000  |   0   0x01f  |   0     0     0
#      9703 |   1    0x047  |   0   0x01f  |   0     0     0
#      9765 |   0    0x000  |   0   0x01f  |   0     0     0
#      9827 |   1    0x048  |   0   0x01f  |   0     0     0
#      9889 |   0    0x000  |   0   0x01f  |   0     0     0
#      9951 |   1    0x049  |   0   0x01f  |   0     0     0
#     10013 |   0    0x000  |   0   0x01f  |   0     0     0
#     10075 |   1    0x04a  |   0   0x01f  |   0     0     0
#     10137 |   0    0x000  |   0   0x01f  |   0     0     0
#     10199 |   1    0x04b  |   0   0x01f  |   0     0     0
#     10261 |   0    0x000  |   0   0x01f  |   0     0     0
#     10323 |   1    0x04c  |   0   0x01f  |   0     0     0
#     10385 |   0    0x000  |   0   0x01f  |   0     0     0
#     10447 |   1    0x04d  |   0   0x01f  |   0     0     0
#     10509 |   0    0x000  |   0   0x01f  |   0     0     0
#     10571 |   1    0x04e  |   0   0x01f  |   0     0     0
#     10633 |   0    0x000  |   0   0x01f  |   0     0     0
#     10695 |   1    0x04f  |   0   0x01f  |   0     0     0
#     10757 |   0    0x000  |   0   0x01f  |   0     0     0
#     10819 |   1    0x050  |   0   0x01f  |   0     0     0
#     10881 |   0    0x000  |   0   0x01f  |   0     0     0
#     10943 |   1    0x051  |   0   0x01f  |   0     0     0
#     11005 |   0    0x000  |   0   0x01f  |   0     0     0
#     11067 |   1    0x052  |   0   0x01f  |   0     0     0
#     11129 |   0    0x000  |   0   0x01f  |   0     0     0
#     11191 |   1    0x053  |   0   0x01f  |   0     0     0
#     11253 |   0    0x000  |   0   0x01f  |   0     0     0
#     11315 |   1    0x054  |   0   0x01f  |   0     0     0
#     11377 |   0    0x000  |   0   0x01f  |   0     0     0
#     11439 |   1    0x055  |   0   0x01f  |   0     0     0
#     11501 |   0    0x000  |   0   0x01f  |   0     0     0
#     11563 |   1    0x056  |   0   0x01f  |   0     0     0
#     11625 |   0    0x000  |   0   0x01f  |   0     0     0
#     11687 |   1    0x057  |   0   0x01f  |   0     0     0
#     11749 |   0    0x000  |   0   0x01f  |   0     0     0
#     11811 |   1    0x058  |   0   0x01f  |   0     0     0
#     11873 |   0    0x000  |   0   0x01f  |   0     0     0
#     11935 |   1    0x059  |   0   0x01f  |   0     0     0
#     11997 |   0    0x000  |   0   0x01f  |   0     0     0
#     12059 |   1    0x05a  |   0   0x01f  |   0     0     0
#     12121 |   0    0x000  |   0   0x01f  |   0     0     0
#     12183 |   1    0x05b  |   0   0x01f  |   0     0     0
#     12245 |   0    0x000  |   0   0x01f  |   0     0     0
#     12307 |   1    0x05c  |   0   0x01f  |   0     0     0
#     12369 |   0    0x000  |   0   0x01f  |   0     0     0
#     12431 |   1    0x05d  |   0   0x01f  |   0     0     0
#     12493 |   0    0x000  |   0   0x01f  |   0     0     0
#     12555 |   1    0x05e  |   0   0x01f  |   0     0     0
#     12617 |   0    0x000  |   0   0x01f  |   0     0     0
#     12679 |   1    0x05f  |   0   0x01f  |   0     0     0
# [12741] SUCCESS: (3a) FIFO filled and full asserted
# 
#     12741 |   0    0x000  |   0   0x01f  |   1     0     0
#     12803 |   0    0x000  |   0   0x01f  |   1     0     0
#     12865 |   0    0x000  |   1   0x040  |   1     0     0
#     12927 |   0    0x000  |   0   0x040  |   0     0     0
#     12989 |   0    0x000  |   1   0x041  |   0     0     0
#     13051 |   0    0x000  |   0   0x041  |   0     0     0
#     13113 |   0    0x000  |   1   0x042  |   0     0     0
#     13175 |   0    0x000  |   0   0x042  |   0     0     0
#     13237 |   0    0x000  |   1   0x043  |   0     0     0
#     13299 |   0    0x000  |   0   0x043  |   0     0     0
#     13361 |   0    0x000  |   1   0x044  |   0     0     0
#     13423 |   0    0x000  |   0   0x044  |   0     0     0
#     13485 |   0    0x000  |   1   0x045  |   0     0     0
#     13547 |   0    0x000  |   0   0x045  |   0     0     0
#     13609 |   0    0x000  |   1   0x046  |   0     0     0
#     13671 |   0    0x000  |   0   0x046  |   0     0     0
#     13733 |   0    0x000  |   1   0x047  |   0     0     0
#     13795 |   0    0x000  |   0   0x047  |   0     0     0
#     13857 |   0    0x000  |   1   0x048  |   0     0     0
#     13919 |   0    0x000  |   0   0x048  |   0     0     0
#     13981 |   0    0x000  |   1   0x049  |   0     0     0
#     14043 |   0    0x000  |   0   0x049  |   0     0     0
#     14105 |   0    0x000  |   1   0x04a  |   0     0     0
#     14167 |   0    0x000  |   0   0x04a  |   0     0     0
#     14229 |   0    0x000  |   1   0x04b  |   0     0     0
#     14291 |   0    0x000  |   0   0x04b  |   0     0     0
#     14353 |   0    0x000  |   1   0x04c  |   0     0     0
#     14415 |   0    0x000  |   0   0x04c  |   0     0     0
#     14477 |   0    0x000  |   1   0x04d  |   0     0     0
#     14539 |   0    0x000  |   0   0x04d  |   0     0     0
#     14601 |   0    0x000  |   1   0x04e  |   0     0     0
#     14663 |   0    0x000  |   0   0x04e  |   0     0     0
#     14725 |   0    0x000  |   1   0x04f  |   0     0     0
#     14787 |   0    0x000  |   0   0x04f  |   0     0     0
#     14849 |   0    0x000  |   1   0x050  |   0     0     0
#     14911 |   0    0x000  |   0   0x050  |   0     0     0
#     14973 |   0    0x000  |   1   0x051  |   0     0     0
#     15035 |   0    0x000  |   0   0x051  |   0     0     0
#     15097 |   0    0x000  |   1   0x052  |   0     0     0
#     15159 |   0    0x000  |   0   0x052  |   0     0     0
#     15221 |   0    0x000  |   1   0x053  |   0     0     0
#     15283 |   0    0x000  |   0   0x053  |   0     0     0
#     15345 |   0    0x000  |   1   0x054  |   0     0     0
#     15407 |   0    0x000  |   0   0x054  |   0     0     0
#     15469 |   0    0x000  |   1   0x055  |   0     0     0
#     15531 |   0    0x000  |   0   0x055  |   0     0     0
#     15593 |   0    0x000  |   1   0x056  |   0     0     0
#     15655 |   0    0x000  |   0   0x056  |   0     0     0
#     15717 |   0    0x000  |   1   0x057  |   0     0     0
#     15779 |   0    0x000  |   0   0x057  |   0     0     0
#     15841 |   0    0x000  |   1   0x058  |   0     0     0
#     15903 |   0    0x000  |   0   0x058  |   0     0     0
#     15965 |   0    0x000  |   1   0x059  |   0     0     0
#     16027 |   0    0x000  |   0   0x059  |   0     0     0
#     16089 |   0    0x000  |   1   0x05a  |   0     0     0
#     16151 |   0    0x000  |   0   0x05a  |   0     0     0
#     16213 |   0    0x000  |   1   0x05b  |   0     0     0
#     16275 |   0    0x000  |   0   0x05b  |   0     0     0
#     16337 |   0    0x000  |   1   0x05c  |   0     0     0
#     16399 |   0    0x000  |   0   0x05c  |   0     0     0
#     16461 |   0    0x000  |   1   0x05d  |   0     0     0
#     16523 |   0    0x000  |   0   0x05d  |   0     0     0
#     16585 |   0    0x000  |   1   0x05e  |   0     0     0
#     16647 |   0    0x000  |   0   0x05e  |   0     0     0
#     16709 |   0    0x000  |   1   0x05f  |   0     0     0
# [16771] SUCCESS: (3b) FIFO emptied after filling and empty asserted
# 
#     16771 |   0    0x000  |   0   0x05f  |   0     1     0
#     16833 |   0    0x000  |   0   0x05f  |   0     1     0
#     16895 |   1    0x080  |   0   0x05f  |   0     1     0
#     16957 |   0    0x000  |   0   0x05f  |   0     0     0
#     17019 |   1    0x081  |   0   0x05f  |   0     0     0
#     17081 |   0    0x000  |   0   0x05f  |   0     0     0
#     17143 |   1    0x082  |   0   0x05f  |   0     0     0
#     17205 |   0    0x000  |   1   0x080  |   0     0     0
#     17267 |   1    0x083  |   0   0x080  |   0     0     0
#     17329 |   0    0x000  |   1   0x081  |   0     0     0
#     17391 |   1    0x084  |   0   0x081  |   0     0     0
#     17453 |   0    0x000  |   1   0x082  |   0     0     0
#     17515 |   1    0x085  |   0   0x082  |   0     0     0
#     17577 |   0    0x000  |   1   0x083  |   0     0     0
#     17639 |   1    0x086  |   0   0x083  |   0     0     0
#     17701 |   0    0x000  |   1   0x084  |   0     0     0
#     17763 |   1    0x087  |   0   0x084  |   0     0     0
#     17825 |   0    0x000  |   1   0x085  |   0     0     0
#     17887 |   1    0x088  |   0   0x085  |   0     0     0
#     17949 |   0    0x000  |   1   0x086  |   0     0     0
#     18011 |   1    0x089  |   0   0x086  |   0     0     0
#     18073 |   0    0x000  |   1   0x087  |   0     0     0
#     18135 |   1    0x08a  |   0   0x087  |   0     0     0
#     18197 |   0    0x000  |   1   0x088  |   0     0     0
#     18259 |   1    0x08b  |   0   0x088  |   0     0     0
#     18321 |   0    0x000  |   1   0x089  |   0     0     0
#     18383 |   1    0x08c  |   0   0x089  |   0     0     0
#     18445 |   0    0x000  |   1   0x08a  |   0     0     0
#     18507 |   1    0x08d  |   0   0x08a  |   0     0     0
#     18569 |   0    0x000  |   1   0x08b  |   0     0     0
#     18631 |   1    0x08e  |   0   0x08b  |   0     0     0
#     18693 |   0    0x000  |   1   0x08c  |   0     0     0
#     18755 |   1    0x08f  |   0   0x08c  |   0     0     0
#     18817 |   0    0x000  |   1   0x08d  |   0     0     0
#     18879 |   1    0x090  |   0   0x08d  |   0     0     0
#     18941 |   0    0x000  |   1   0x08e  |   0     0     0
#     19003 |   1    0x091  |   0   0x08e  |   0     0     0
#     19065 |   0    0x000  |   1   0x08f  |   0     0     0
#     19127 |   1    0x092  |   0   0x08f  |   0     0     0
#     19189 |   0    0x000  |   1   0x090  |   0     0     0
#     19251 |   1    0x093  |   0   0x090  |   0     0     0
#     19313 |   0    0x000  |   1   0x091  |   0     0     0
#     19375 |   1    0x094  |   0   0x091  |   0     0     0
#     19437 |   0    0x000  |   1   0x092  |   0     0     0
#     19499 |   1    0x095  |   0   0x092  |   0     0     0
#     19561 |   0    0x000  |   1   0x093  |   0     0     0
#     19623 |   1    0x096  |   0   0x093  |   0     0     0
#     19685 |   0    0x000  |   1   0x094  |   0     0     0
#     19747 |   1    0x097  |   0   0x094  |   0     0     0
#     19809 |   0    0x000  |   1   0x095  |   0     0     0
#     19871 |   1    0x098  |   0   0x095  |   0     0     0
#     19933 |   0    0x000  |   1   0x096  |   0     0     0
#     19995 |   1    0x099  |   0   0x096  |   0     0     0
#     20057 |   0    0x000  |   1   0x097  |   0     0     0
#     20119 |   1    0x09a  |   0   0x097  |   0     0     0
#     20181 |   0    0x000  |   1   0x098  |   0     0     0
#     20243 |   1    0x080  |   0   0x098  |   0     0     0
#     20305 |   0    0x000  |   1   0x099  |   0     0     0
#     20367 |   1    0x081  |   0   0x099  |   0     0     0
#     20429 |   0    0x000  |   1   0x09a  |   0     0     0
#     20491 |   1    0x082  |   0   0x09a  |   0     0     0
#     20553 |   0    0x000  |   1   0x080  |   0     0     0
#     20615 |   1    0x083  |   0   0x080  |   0     0     0
#     20677 |   0    0x000  |   1   0x081  |   0     0     0
#     20739 |   1    0x084  |   0   0x081  |   0     0     0
#     20801 |   0    0x000  |   1   0x082  |   0     0     0
#     20863 |   1    0x085  |   0   0x082  |   0     0     0
#     20925 |   0    0x000  |   1   0x083  |   0     0     0
#     20987 |   1    0x086  |   0   0x083  |   0     0     0
#     21049 |   0    0x000  |   1   0x084  |   0     0     0
#     21111 |   1    0x087  |   0   0x084  |   0     0     0
#     21173 |   0    0x000  |   1   0x085  |   0     0     0
#     21235 |   1    0x088  |   0   0x085  |   0     0     0
#     21297 |   0    0x000  |   1   0x086  |   0     0     0
#     21359 |   1    0x089  |   0   0x086  |   0     0     0
#     21421 |   0    0x000  |   1   0x087  |   0     0     0
#     21483 |   1    0x08a  |   0   0x087  |   0     0     0
#     21545 |   0    0x000  |   1   0x088  |   0     0     0
#     21607 |   1    0x08b  |   0   0x088  |   0     0     0
#     21669 |   0    0x000  |   1   0x089  |   0     0     0
#     21731 |   1    0x08c  |   0   0x089  |   0     0     0
#     21793 |   0    0x000  |   1   0x08a  |   0     0     0
#     21855 |   1    0x08d  |   0   0x08a  |   0     0     0
#     21917 |   0    0x000  |   1   0x08b  |   0     0     0
#     21979 |   1    0x08e  |   0   0x08b  |   0     0     0
#     22041 |   0    0x000  |   1   0x08c  |   0     0     0
#     22103 |   1    0x08f  |   0   0x08c  |   0     0     0
#     22165 |   0    0x000  |   1   0x08d  |   0     0     0
#     22227 |   1    0x090  |   0   0x08d  |   0     0     0
#     22289 |   0    0x000  |   1   0x08e  |   0     0     0
#     22351 |   1    0x091  |   0   0x08e  |   0     0     0
#     22413 |   0    0x000  |   1   0x08f  |   0     0     0
#     22475 |   1    0x092  |   0   0x08f  |   0     0     0
#     22537 |   0    0x000  |   1   0x090  |   0     0     0
#     22599 |   1    0x093  |   0   0x090  |   0     0     0
#     22661 |   0    0x000  |   1   0x091  |   0     0     0
#     22723 |   1    0x094  |   0   0x091  |   0     0     0
#     22785 |   0    0x000  |   1   0x092  |   0     0     0
#     22847 |   1    0x095  |   0   0x092  |   0     0     0
#     22909 |   0    0x000  |   1   0x093  |   0     0     0
#     22971 |   1    0x096  |   0   0x093  |   0     0     0
#     23033 |   0    0x000  |   1   0x094  |   0     0     0
#     23095 |   1    0x097  |   0   0x094  |   0     0     0
#     23157 |   0    0x000  |   1   0x095  |   0     0     0
#     23219 |   1    0x098  |   0   0x095  |   0     0     0
#     23281 |   0    0x000  |   1   0x096  |   0     0     0
#     23343 |   1    0x099  |   0   0x096  |   0     0     0
#     23405 |   0    0x000  |   1   0x097  |   0     0     0
#     23467 |   1    0x09a  |   0   0x097  |   0     0     0
#     23529 |   0    0x000  |   1   0x098  |   0     0     0
#     23591 |   1    0x080  |   0   0x098  |   0     0     0
#     23653 |   0    0x000  |   1   0x099  |   0     0     0
#     23715 |   1    0x081  |   0   0x099  |   0     0     0
#     23777 |   0    0x000  |   1   0x09a  |   0     0     0
#     23839 |   1    0x082  |   0   0x09a  |   0     0     0
#     23901 |   0    0x000  |   1   0x080  |   0     0     0
#     23963 |   1    0x083  |   0   0x080  |   0     0     0
#     24025 |   0    0x000  |   1   0x081  |   0     0     0
#     24087 |   1    0x084  |   0   0x081  |   0     0     0
#     24149 |   0    0x000  |   1   0x082  |   0     0     0
#     24211 |   1    0x085  |   0   0x082  |   0     0     0
#     24273 |   0    0x000  |   1   0x083  |   0     0     0
#     24335 |   1    0x086  |   0   0x083  |   0     0     0
#     24397 |   0    0x000  |   1   0x084  |   0     0     0
#     24459 |   1    0x087  |   0   0x084  |   0     0     0
#     24521 |   0    0x000  |   1   0x085  |   0     0     0
#     24583 |   1    0x088  |   0   0x085  |   0     0     0
#     24645 |   0    0x000  |   1   0x086  |   0     0     0
#     24707 |   1    0x089  |   0   0x086  |   0     0     0
#     24769 |   0    0x000  |   1   0x087  |   0     0     0
#     24831 |   1    0x08a  |   0   0x087  |   0     0     0
#     24893 |   0    0x000  |   1   0x088  |   0     0     0
#     24955 |   1    0x08b  |   0   0x088  |   0     0     0
#     25017 |   0    0x000  |   1   0x089  |   0     0     0
#     25079 |   1    0x08c  |   0   0x089  |   0     0     0
#     25141 |   0    0x000  |   1   0x08a  |   0     0     0
#     25203 |   1    0x08d  |   0   0x08a  |   0     0     0
#     25265 |   0    0x000  |   1   0x08b  |   0     0     0
#     25327 |   1    0x08e  |   0   0x08b  |   0     0     0
#     25389 |   0    0x000  |   1   0x08c  |   0     0     0
#     25451 |   1    0x08f  |   0   0x08c  |   0     0     0
#     25513 |   0    0x000  |   1   0x08d  |   0     0     0
#     25575 |   1    0x090  |   0   0x08d  |   0     0     0
#     25637 |   0    0x000  |   1   0x08e  |   0     0     0
#     25699 |   1    0x091  |   0   0x08e  |   0     0     0
#     25761 |   0    0x000  |   1   0x08f  |   0     0     0
#     25823 |   1    0x092  |   0   0x08f  |   0     0     0
#     25885 |   0    0x000  |   1   0x090  |   0     0     0
#     25947 |   1    0x093  |   0   0x090  |   0     0     0
#     26009 |   0    0x000  |   1   0x091  |   0     0     0
#     26071 |   1    0x094  |   0   0x091  |   0     0     0
#     26133 |   0    0x000  |   1   0x092  |   0     0     0
#     26195 |   1    0x095  |   0   0x092  |   0     0     0
#     26257 |   0    0x000  |   1   0x093  |   0     0     0
#     26319 |   1    0x096  |   0   0x093  |   0     0     0
#     26381 |   0    0x000  |   1   0x094  |   0     0     0
#     26443 |   1    0x097  |   0   0x094  |   0     0     0
#     26505 |   0    0x000  |   1   0x095  |   0     0     0
#     26567 |   1    0x098  |   0   0x095  |   0     0     0
#     26629 |   0    0x000  |   1   0x096  |   0     0     0
#     26691 |   1    0x099  |   0   0x096  |   0     0     0
#     26753 |   0    0x000  |   1   0x097  |   0     0     0
#     26815 |   1    0x09a  |   0   0x097  |   0     0     0
#     26877 |   1    0x09a  |   1   0x098  |   0     0     0
#     26939 |   1    0x09a  |   0   0x098  |   0     0     0
#     27001 |   1    0x09a  |   1   0x099  |   0     0     0
#     27063 |   1    0x09a  |   0   0x099  |   0     0     0
#     27125 |   1    0x09a  |   1   0x09a  |   0     0     0
#     27187 |   1    0x09a  |   0   0x09a  |   0     0     0
# [27249] ERROR: Read with empty scoreboard!
# ** Error: Assertion error.
#    Time: 27249 ns  Scope: test_NtnuTfe4171Lab1Fifo.scoreBoardPopAndCheck File: ./tb/test_NtnuTfe4171Lab1Fifo.sv Line: 75
# [27249] MISMATCH: expected=0xx actual=0x9a
# ** Error: Assertion error.
#    Time: 27249 ns  Scope: test_NtnuTfe4171Lab1Fifo.scoreBoardPopAndCheck File: ./tb/test_NtnuTfe4171Lab1Fifo.sv Line: 85
#     27249 |   1    0x09a  |   1   0x09a  |   0     0     0
#     27311 |   1    0x09a  |   0   0x09a  |   0     0     0
# [27373] ERROR: Read with empty scoreboard!
# ** Error: Assertion error.
#    Time: 27373 ns  Scope: test_NtnuTfe4171Lab1Fifo.scoreBoardPopAndCheck File: ./tb/test_NtnuTfe4171Lab1Fifo.sv Line: 75
# [27373] MISMATCH: expected=0xx actual=0x9a
# ** Error: Assertion error.
#    Time: 27373 ns  Scope: test_NtnuTfe4171Lab1Fifo.scoreBoardPopAndCheck File: ./tb/test_NtnuTfe4171Lab1Fifo.sv Line: 85
#     27373 |   1    0x09a  |   1   0x09a  |   0     0     0
#     27435 |   1    0x09a  |   0   0x09a  |   0     0     0
# [27497] ERROR: Read with empty scoreboard!
# ** Error: Assertion error.
#    Time: 27497 ns  Scope: test_NtnuTfe4171Lab1Fifo.scoreBoardPopAndCheck File: ./tb/test_NtnuTfe4171Lab1Fifo.sv Line: 75
# [27497] MISMATCH: expected=0xx actual=0x9a
# ** Error: Assertion error.
#    Time: 27497 ns  Scope: test_NtnuTfe4171Lab1Fifo.scoreBoardPopAndCheck File: ./tb/test_NtnuTfe4171Lab1Fifo.sv Line: 85
#     27497 |   1    0x09a  |   1   0x09a  |   0     0     0
#     27559 |   1    0x09a  |   0   0x09a  |   0     0     0
# [27621] ERROR: Read with empty scoreboard!
# ** Error: Assertion error.
#    Time: 27621 ns  Scope: test_NtnuTfe4171Lab1Fifo.scoreBoardPopAndCheck File: ./tb/test_NtnuTfe4171Lab1Fifo.sv Line: 75
# [27621] MISMATCH: expected=0xx actual=0x9a
# ** Error: Assertion error.
#    Time: 27621 ns  Scope: test_NtnuTfe4171Lab1Fifo.scoreBoardPopAndCheck File: ./tb/test_NtnuTfe4171Lab1Fifo.sv Line: 85
#     27621 |   1    0x09a  |   1   0x09a  |   0     0     0
#     27683 |   1    0x09a  |   0   0x09a  |   0     0     0
# [27745] ERROR: Read with empty scoreboard!
# ** Error: Assertion error.
#    Time: 27745 ns  Scope: test_NtnuTfe4171Lab1Fifo.scoreBoardPopAndCheck File: ./tb/test_NtnuTfe4171Lab1Fifo.sv Line: 75
# [27745] MISMATCH: expected=0xx actual=0x9a
# ** Error: Assertion error.
#    Time: 27745 ns  Scope: test_NtnuTfe4171Lab1Fifo.scoreBoardPopAndCheck File: ./tb/test_NtnuTfe4171Lab1Fifo.sv Line: 85
#     27745 |   1    0x09a  |   1   0x09a  |   0     0     0
#     27807 |   1    0x09a  |   0   0x09a  |   0     0     0
# [27869] ERROR: Read with empty scoreboard!
# ** Error: Assertion error.
#    Time: 27869 ns  Scope: test_NtnuTfe4171Lab1Fifo.scoreBoardPopAndCheck File: ./tb/test_NtnuTfe4171Lab1Fifo.sv Line: 75
# [27869] MISMATCH: expected=0xx actual=0x9a
# ** Error: Assertion error.
#    Time: 27869 ns  Scope: test_NtnuTfe4171Lab1Fifo.scoreBoardPopAndCheck File: ./tb/test_NtnuTfe4171Lab1Fifo.sv Line: 85
#     27869 |   1    0x09a  |   1   0x09a  |   0     0     0
#     27931 |   1    0x09a  |   0   0x09a  |   0     0     0
# [27993] ERROR: Read with empty scoreboard!
# ** Error: Assertion error.
#    Time: 27993 ns  Scope: test_NtnuTfe4171Lab1Fifo.scoreBoardPopAndCheck File: ./tb/test_NtnuTfe4171Lab1Fifo.sv Line: 75
# [27993] MISMATCH: expected=0xx actual=0x9a
# ** Error: Assertion error.
#    Time: 27993 ns  Scope: test_NtnuTfe4171Lab1Fifo.scoreBoardPopAndCheck File: ./tb/test_NtnuTfe4171Lab1Fifo.sv Line: 85
#     27993 |   1    0x09a  |   1   0x09a  |   0     0     0
#     28055 |   1    0x09a  |   0   0x09a  |   0     0     0
# [28117] ERROR: Read with empty scoreboard!
# ** Error: Assertion error.
#    Time: 28117 ns  Scope: test_NtnuTfe4171Lab1Fifo.scoreBoardPopAndCheck File: ./tb/test_NtnuTfe4171Lab1Fifo.sv Line: 75
# [28117] MISMATCH: expected=0xx actual=0x9a
# ** Error: Assertion error.
#    Time: 28117 ns  Scope: test_NtnuTfe4171Lab1Fifo.scoreBoardPopAndCheck File: ./tb/test_NtnuTfe4171Lab1Fifo.sv Line: 85
#     28117 |   1    0x09a  |   1   0x09a  |   0     0     0
#     28179 |   1    0x09a  |   0   0x09a  |   0     0     0
# [28241] ERROR: Read with empty scoreboard!
# ** Error: Assertion error.
#    Time: 28241 ns  Scope: test_NtnuTfe4171Lab1Fifo.scoreBoardPopAndCheck File: ./tb/test_NtnuTfe4171Lab1Fifo.sv Line: 75
# [28241] MISMATCH: expected=0xx actual=0x9a
# ** Error: Assertion error.
#    Time: 28241 ns  Scope: test_NtnuTfe4171Lab1Fifo.scoreBoardPopAndCheck File: ./tb/test_NtnuTfe4171Lab1Fifo.sv Line: 85
#     28241 |   1    0x09a  |   1   0x09a  |   0     0     0
#     28303 |   1    0x09a  |   0   0x09a  |   0     0     0
# [28365] ERROR: Read with empty scoreboard!
# ** Error: Assertion error.
#    Time: 28365 ns  Scope: test_NtnuTfe4171Lab1Fifo.scoreBoardPopAndCheck File: ./tb/test_NtnuTfe4171Lab1Fifo.sv Line: 75
# [28365] MISMATCH: expected=0xx actual=0x9a
# ** Error: Assertion error.
#    Time: 28365 ns  Scope: test_NtnuTfe4171Lab1Fifo.scoreBoardPopAndCheck File: ./tb/test_NtnuTfe4171Lab1Fifo.sv Line: 85
#     28365 |   1    0x09a  |   1   0x09a  |   0     0     0
#     28427 |   1    0x09a  |   0   0x09a  |   0     0     0
# [28489] ERROR: Read with empty scoreboard!
# ** Error: Assertion error.
#    Time: 28489 ns  Scope: test_NtnuTfe4171Lab1Fifo.scoreBoardPopAndCheck File: ./tb/test_NtnuTfe4171Lab1Fifo.sv Line: 75
# [28489] MISMATCH: expected=0xx actual=0x9a
# ** Error: Assertion error.
#    Time: 28489 ns  Scope: test_NtnuTfe4171Lab1Fifo.scoreBoardPopAndCheck File: ./tb/test_NtnuTfe4171Lab1Fifo.sv Line: 85
#     28489 |   1    0x09a  |   1   0x09a  |   0     0     0
#     28551 |   1    0x09a  |   0   0x09a  |   0     0     0
# [28613] ERROR: Read with empty scoreboard!
# ** Error: Assertion error.
#    Time: 28613 ns  Scope: test_NtnuTfe4171Lab1Fifo.scoreBoardPopAndCheck File: ./tb/test_NtnuTfe4171Lab1Fifo.sv Line: 75
# [28613] MISMATCH: expected=0xx actual=0x9a
# ** Error: Assertion error.
#    Time: 28613 ns  Scope: test_NtnuTfe4171Lab1Fifo.scoreBoardPopAndCheck File: ./tb/test_NtnuTfe4171Lab1Fifo.sv Line: 85
#     28613 |   1    0x09a  |   1   0x09a  |   0     0     0
#     28675 |   1    0x09a  |   0   0x09a  |   0     0     0
# [28737] ERROR: Read with empty scoreboard!
# ** Error: Assertion error.
#    Time: 28737 ns  Scope: test_NtnuTfe4171Lab1Fifo.scoreBoardPopAndCheck File: ./tb/test_NtnuTfe4171Lab1Fifo.sv Line: 75
# [28737] MISMATCH: expected=0xx actual=0x9a
# ** Error: Assertion error.
#    Time: 28737 ns  Scope: test_NtnuTfe4171Lab1Fifo.scoreBoardPopAndCheck File: ./tb/test_NtnuTfe4171Lab1Fifo.sv Line: 85
#     28737 |   1    0x09a  |   1   0x09a  |   0     0     0
#     28799 |   1    0x09a  |   0   0x09a  |   0     0     0
# [28861] ERROR: Read with empty scoreboard!
# ** Error: Assertion error.
#    Time: 28861 ns  Scope: test_NtnuTfe4171Lab1Fifo.scoreBoardPopAndCheck File: ./tb/test_NtnuTfe4171Lab1Fifo.sv Line: 75
# [28861] MISMATCH: expected=0xx actual=0x9a
# ** Error: Assertion error.
#    Time: 28861 ns  Scope: test_NtnuTfe4171Lab1Fifo.scoreBoardPopAndCheck File: ./tb/test_NtnuTfe4171Lab1Fifo.sv Line: 85
#     28861 |   1    0x09a  |   1   0x09a  |   0     0     0
#     28923 |   1    0x09a  |   0   0x09a  |   0     0     0
# [28985] ERROR: Read with empty scoreboard!
# ** Error: Assertion error.
#    Time: 28985 ns  Scope: test_NtnuTfe4171Lab1Fifo.scoreBoardPopAndCheck File: ./tb/test_NtnuTfe4171Lab1Fifo.sv Line: 75
# [28985] MISMATCH: expected=0xx actual=0x9a
# ** Error: Assertion error.
#    Time: 28985 ns  Scope: test_NtnuTfe4171Lab1Fifo.scoreBoardPopAndCheck File: ./tb/test_NtnuTfe4171Lab1Fifo.sv Line: 85
#     28985 |   1    0x09a  |   1   0x09a  |   0     0     0
#     29047 |   1    0x09a  |   0   0x09a  |   0     0     0
# [29109] ERROR: Read with empty scoreboard!
# ** Error: Assertion error.
#    Time: 29109 ns  Scope: test_NtnuTfe4171Lab1Fifo.scoreBoardPopAndCheck File: ./tb/test_NtnuTfe4171Lab1Fifo.sv Line: 75
# [29109] MISMATCH: expected=0xx actual=0x9a
# ** Error: Assertion error.
#    Time: 29109 ns  Scope: test_NtnuTfe4171Lab1Fifo.scoreBoardPopAndCheck File: ./tb/test_NtnuTfe4171Lab1Fifo.sv Line: 85
#     29109 |   1    0x09a  |   1   0x09a  |   0     0     0
#     29171 |   1    0x09a  |   0   0x09a  |   0     0     0
# [29233] ERROR: Read with empty scoreboard!
# ** Error: Assertion error.
#    Time: 29233 ns  Scope: test_NtnuTfe4171Lab1Fifo.scoreBoardPopAndCheck File: ./tb/test_NtnuTfe4171Lab1Fifo.sv Line: 75
# [29233] MISMATCH: expected=0xx actual=0x9a
# ** Error: Assertion error.
#    Time: 29233 ns  Scope: test_NtnuTfe4171Lab1Fifo.scoreBoardPopAndCheck File: ./tb/test_NtnuTfe4171Lab1Fifo.sv Line: 85
#     29233 |   1    0x09a  |   1   0x09a  |   0     0     0
#     29295 |   1    0x09a  |   0   0x09a  |   0     0     0
# [29357] ERROR: Read with empty scoreboard!
# ** Error: Assertion error.
#    Time: 29357 ns  Scope: test_NtnuTfe4171Lab1Fifo.scoreBoardPopAndCheck File: ./tb/test_NtnuTfe4171Lab1Fifo.sv Line: 75
# [29357] MISMATCH: expected=0xx actual=0x9a
# ** Error: Assertion error.
#    Time: 29357 ns  Scope: test_NtnuTfe4171Lab1Fifo.scoreBoardPopAndCheck File: ./tb/test_NtnuTfe4171Lab1Fifo.sv Line: 85
#     29357 |   1    0x09a  |   1   0x09a  |   0     0     0
#     29419 |   1    0x09a  |   0   0x09a  |   0     0     0
# [29481] ERROR: Read with empty scoreboard!
# ** Error: Assertion error.
#    Time: 29481 ns  Scope: test_NtnuTfe4171Lab1Fifo.scoreBoardPopAndCheck File: ./tb/test_NtnuTfe4171Lab1Fifo.sv Line: 75
# [29481] MISMATCH: expected=0xx actual=0x9a
# ** Error: Assertion error.
#    Time: 29481 ns  Scope: test_NtnuTfe4171Lab1Fifo.scoreBoardPopAndCheck File: ./tb/test_NtnuTfe4171Lab1Fifo.sv Line: 85
#     29481 |   1    0x09a  |   1   0x09a  |   0     0     0
#     29543 |   1    0x09a  |   0   0x09a  |   0     0     0
# [29605] ERROR: Read with empty scoreboard!
# ** Error: Assertion error.
#    Time: 29605 ns  Scope: test_NtnuTfe4171Lab1Fifo.scoreBoardPopAndCheck File: ./tb/test_NtnuTfe4171Lab1Fifo.sv Line: 75
# [29605] MISMATCH: expected=0xx actual=0x9a
# ** Error: Assertion error.
#    Time: 29605 ns  Scope: test_NtnuTfe4171Lab1Fifo.scoreBoardPopAndCheck File: ./tb/test_NtnuTfe4171Lab1Fifo.sv Line: 85
#     29605 |   1    0x09a  |   1   0x09a  |   0     0     0
#     29667 |   1    0x09a  |   0   0x09a  |   0     0     0
# [29729] ERROR: Read with empty scoreboard!
# ** Error: Assertion error.
#    Time: 29729 ns  Scope: test_NtnuTfe4171Lab1Fifo.scoreBoardPopAndCheck File: ./tb/test_NtnuTfe4171Lab1Fifo.sv Line: 75
# [29729] MISMATCH: expected=0xx actual=0x9a
# ** Error: Assertion error.
#    Time: 29729 ns  Scope: test_NtnuTfe4171Lab1Fifo.scoreBoardPopAndCheck File: ./tb/test_NtnuTfe4171Lab1Fifo.sv Line: 85
#     29729 |   1    0x09a  |   1   0x09a  |   0     0     0
#     29791 |   1    0x09a  |   0   0x09a  |   0     0     0
# [29853] ERROR: Read with empty scoreboard!
# ** Error: Assertion error.
#    Time: 29853 ns  Scope: test_NtnuTfe4171Lab1Fifo.scoreBoardPopAndCheck File: ./tb/test_NtnuTfe4171Lab1Fifo.sv Line: 75
# [29853] MISMATCH: expected=0xx actual=0x9a
# ** Error: Assertion error.
#    Time: 29853 ns  Scope: test_NtnuTfe4171Lab1Fifo.scoreBoardPopAndCheck File: ./tb/test_NtnuTfe4171Lab1Fifo.sv Line: 85
#     29853 |   1    0x09a  |   1   0x09a  |   0     0     0
#     29915 |   1    0x09a  |   0   0x09a  |   0     0     0
# [29977] ERROR: Read with empty scoreboard!
# ** Error: Assertion error.
#    Time: 29977 ns  Scope: test_NtnuTfe4171Lab1Fifo.scoreBoardPopAndCheck File: ./tb/test_NtnuTfe4171Lab1Fifo.sv Line: 75
# [29977] MISMATCH: expected=0xx actual=0x9a
# ** Error: Assertion error.
#    Time: 29977 ns  Scope: test_NtnuTfe4171Lab1Fifo.scoreBoardPopAndCheck File: ./tb/test_NtnuTfe4171Lab1Fifo.sv Line: 85
#     29977 |   1    0x09a  |   1   0x09a  |   0     0     0
#     30039 |   1    0x09a  |   0   0x09a  |   0     0     0
# [30101] ERROR: Read with empty scoreboard!
# ** Error: Assertion error.
#    Time: 30101 ns  Scope: test_NtnuTfe4171Lab1Fifo.scoreBoardPopAndCheck File: ./tb/test_NtnuTfe4171Lab1Fifo.sv Line: 75
# [30101] MISMATCH: expected=0xx actual=0x9a
# ** Error: Assertion error.
#    Time: 30101 ns  Scope: test_NtnuTfe4171Lab1Fifo.scoreBoardPopAndCheck File: ./tb/test_NtnuTfe4171Lab1Fifo.sv Line: 85
#     30101 |   1    0x09a  |   1   0x09a  |   0     0     0
#     30163 |   1    0x09a  |   0   0x09a  |   0     0     0
# [30225] ERROR: Read with empty scoreboard!
# ** Error: Assertion error.
#    Time: 30225 ns  Scope: test_NtnuTfe4171Lab1Fifo.scoreBoardPopAndCheck File: ./tb/test_NtnuTfe4171Lab1Fifo.sv Line: 75
# [30225] MISMATCH: expected=0xx actual=0x9a
# ** Error: Assertion error.
#    Time: 30225 ns  Scope: test_NtnuTfe4171Lab1Fifo.scoreBoardPopAndCheck File: ./tb/test_NtnuTfe4171Lab1Fifo.sv Line: 85
#     30225 |   1    0x09a  |   1   0x09a  |   0     0     0
#     30287 |   1    0x09a  |   0   0x09a  |   0     0     0
# [30349] ERROR: Read with empty scoreboard!
# ** Error: Assertion error.
#    Time: 30349 ns  Scope: test_NtnuTfe4171Lab1Fifo.scoreBoardPopAndCheck File: ./tb/test_NtnuTfe4171Lab1Fifo.sv Line: 75
# [30349] MISMATCH: expected=0xx actual=0x9a
# ** Error: Assertion error.
#    Time: 30349 ns  Scope: test_NtnuTfe4171Lab1Fifo.scoreBoardPopAndCheck File: ./tb/test_NtnuTfe4171Lab1Fifo.sv Line: 85
#     30349 |   1    0x09a  |   1   0x09a  |   0     0     0
#     30411 |   1    0x09a  |   0   0x09a  |   0     0     0
# [30473] ERROR: Read with empty scoreboard!
# ** Error: Assertion error.
#    Time: 30473 ns  Scope: test_NtnuTfe4171Lab1Fifo.scoreBoardPopAndCheck File: ./tb/test_NtnuTfe4171Lab1Fifo.sv Line: 75
# [30473] MISMATCH: expected=0xx actual=0x9a
# ** Error: Assertion error.
#    Time: 30473 ns  Scope: test_NtnuTfe4171Lab1Fifo.scoreBoardPopAndCheck File: ./tb/test_NtnuTfe4171Lab1Fifo.sv Line: 85
#     30473 |   1    0x09a  |   1   0x09a  |   1     0     0
#     30535 |   1    0x09a  |   0   0x09a  |   0     0     0
# [30597] ERROR: Read with empty scoreboard!
# ** Error: Assertion error.
#    Time: 30597 ns  Scope: test_NtnuTfe4171Lab1Fifo.scoreBoardPopAndCheck File: ./tb/test_NtnuTfe4171Lab1Fifo.sv Line: 75
# [30597] MISMATCH: expected=0xx actual=0x9a
# ** Error: Assertion error.
#    Time: 30597 ns  Scope: test_NtnuTfe4171Lab1Fifo.scoreBoardPopAndCheck File: ./tb/test_NtnuTfe4171Lab1Fifo.sv Line: 85
#     30597 |   1    0x09a  |   1   0x09a  |   1     0     0
#     30659 |   1    0x09a  |   0   0x09a  |   0     0     0
# [30721] ERROR: Read with empty scoreboard!
# ** Error: Assertion error.
#    Time: 30721 ns  Scope: test_NtnuTfe4171Lab1Fifo.scoreBoardPopAndCheck File: ./tb/test_NtnuTfe4171Lab1Fifo.sv Line: 75
# [30721] MISMATCH: expected=0xx actual=0x9a
# ** Error: Assertion error.
#    Time: 30721 ns  Scope: test_NtnuTfe4171Lab1Fifo.scoreBoardPopAndCheck File: ./tb/test_NtnuTfe4171Lab1Fifo.sv Line: 85
#     30721 |   1    0x09a  |   1   0x09a  |   1     0     0
#     30783 |   1    0x09a  |   0   0x09a  |   0     0     0
# [30845] ERROR: Read with empty scoreboard!
# ** Error: Assertion error.
#    Time: 30845 ns  Scope: test_NtnuTfe4171Lab1Fifo.scoreBoardPopAndCheck File: ./tb/test_NtnuTfe4171Lab1Fifo.sv Line: 75
# [30845] MISMATCH: expected=0xx actual=0x9a
# ** Error: Assertion error.
#    Time: 30845 ns  Scope: test_NtnuTfe4171Lab1Fifo.scoreBoardPopAndCheck File: ./tb/test_NtnuTfe4171Lab1Fifo.sv Line: 85
#     30845 |   1    0x09a  |   1   0x09a  |   1     0     0
#     30907 |   1    0x09a  |   0   0x09a  |   0     0     0
# [30969] ERROR: Read with empty scoreboard!
# ** Error: Assertion error.
#    Time: 30969 ns  Scope: test_NtnuTfe4171Lab1Fifo.scoreBoardPopAndCheck File: ./tb/test_NtnuTfe4171Lab1Fifo.sv Line: 75
# [30969] MISMATCH: expected=0xx actual=0x9a
# ** Error: Assertion error.
#    Time: 30969 ns  Scope: test_NtnuTfe4171Lab1Fifo.scoreBoardPopAndCheck File: ./tb/test_NtnuTfe4171Lab1Fifo.sv Line: 85
#     30969 |   1    0x09a  |   1   0x09a  |   1     0     0
#     31031 |   1    0x09a  |   0   0x09a  |   0     0     0
# [31093] ERROR: Read with empty scoreboard!
# ** Error: Assertion error.
#    Time: 31093 ns  Scope: test_NtnuTfe4171Lab1Fifo.scoreBoardPopAndCheck File: ./tb/test_NtnuTfe4171Lab1Fifo.sv Line: 75
# [31093] MISMATCH: expected=0xx actual=0x9a
# ** Error: Assertion error.
#    Time: 31093 ns  Scope: test_NtnuTfe4171Lab1Fifo.scoreBoardPopAndCheck File: ./tb/test_NtnuTfe4171Lab1Fifo.sv Line: 85
#     31093 |   1    0x09a  |   1   0x09a  |   1     0     0
#     31155 |   1    0x09a  |   0   0x09a  |   0     0     0
# [31217] ERROR: Read with empty scoreboard!
# ** Error: Assertion error.
#    Time: 31217 ns  Scope: test_NtnuTfe4171Lab1Fifo.scoreBoardPopAndCheck File: ./tb/test_NtnuTfe4171Lab1Fifo.sv Line: 75
# [31217] MISMATCH: expected=0xx actual=0x9a
# ** Error: Assertion error.
#    Time: 31217 ns  Scope: test_NtnuTfe4171Lab1Fifo.scoreBoardPopAndCheck File: ./tb/test_NtnuTfe4171Lab1Fifo.sv Line: 85
#     31217 |   1    0x09a  |   1   0x09a  |   1     0     0
#     31279 |   1    0x09a  |   0   0x09a  |   0     0     0
# [31341] ERROR: Read with empty scoreboard!
# ** Error: Assertion error.
#    Time: 31341 ns  Scope: test_NtnuTfe4171Lab1Fifo.scoreBoardPopAndCheck File: ./tb/test_NtnuTfe4171Lab1Fifo.sv Line: 75
# [31341] MISMATCH: expected=0xx actual=0x9a
# ** Error: Assertion error.
#    Time: 31341 ns  Scope: test_NtnuTfe4171Lab1Fifo.scoreBoardPopAndCheck File: ./tb/test_NtnuTfe4171Lab1Fifo.sv Line: 85
#     31341 |   1    0x09a  |   1   0x09a  |   1     0     0
#     31403 |   1    0x09a  |   0   0x09a  |   0     0     0
# [31465] ERROR: Read with empty scoreboard!
# ** Error: Assertion error.
#    Time: 31465 ns  Scope: test_NtnuTfe4171Lab1Fifo.scoreBoardPopAndCheck File: ./tb/test_NtnuTfe4171Lab1Fifo.sv Line: 75
# [31465] MISMATCH: expected=0xx actual=0x9a
# ** Error: Assertion error.
#    Time: 31465 ns  Scope: test_NtnuTfe4171Lab1Fifo.scoreBoardPopAndCheck File: ./tb/test_NtnuTfe4171Lab1Fifo.sv Line: 85
#     31465 |   1    0x09a  |   1   0x09a  |   1     0     0
#     31527 |   1    0x09a  |   0   0x09a  |   0     0     0
# [31589] ERROR: Read with empty scoreboard!
# ** Error: Assertion error.
#    Time: 31589 ns  Scope: test_NtnuTfe4171Lab1Fifo.scoreBoardPopAndCheck File: ./tb/test_NtnuTfe4171Lab1Fifo.sv Line: 75
# [31589] MISMATCH: expected=0xx actual=0x9a
# ** Error: Assertion error.
#    Time: 31589 ns  Scope: test_NtnuTfe4171Lab1Fifo.scoreBoardPopAndCheck File: ./tb/test_NtnuTfe4171Lab1Fifo.sv Line: 85
#     31589 |   1    0x09a  |   1   0x09a  |   1     0     0
#     31651 |   1    0x09a  |   0   0x09a  |   0     0     0
# [31713] ERROR: Read with empty scoreboard!
# ** Error: Assertion error.
#    Time: 31713 ns  Scope: test_NtnuTfe4171Lab1Fifo.scoreBoardPopAndCheck File: ./tb/test_NtnuTfe4171Lab1Fifo.sv Line: 75
# [31713] MISMATCH: expected=0xx actual=0x9a
# ** Error: Assertion error.
#    Time: 31713 ns  Scope: test_NtnuTfe4171Lab1Fifo.scoreBoardPopAndCheck File: ./tb/test_NtnuTfe4171Lab1Fifo.sv Line: 85
#     31713 |   1    0x09a  |   1   0x09a  |   1     0     0
#     31775 |   1    0x09a  |   0   0x09a  |   0     0     0
# [31837] ERROR: Read with empty scoreboard!
# ** Error: Assertion error.
#    Time: 31837 ns  Scope: test_NtnuTfe4171Lab1Fifo.scoreBoardPopAndCheck File: ./tb/test_NtnuTfe4171Lab1Fifo.sv Line: 75
# [31837] MISMATCH: expected=0xx actual=0x9a
# ** Error: Assertion error.
#    Time: 31837 ns  Scope: test_NtnuTfe4171Lab1Fifo.scoreBoardPopAndCheck File: ./tb/test_NtnuTfe4171Lab1Fifo.sv Line: 85
#     31837 |   1    0x09a  |   1   0x09a  |   1     0     0
#     31899 |   1    0x09a  |   0   0x09a  |   0     0     0
# [31961] ERROR: Read with empty scoreboard!
# ** Error: Assertion error.
#    Time: 31961 ns  Scope: test_NtnuTfe4171Lab1Fifo.scoreBoardPopAndCheck File: ./tb/test_NtnuTfe4171Lab1Fifo.sv Line: 75
# [31961] MISMATCH: expected=0xx actual=0x9a
# ** Error: Assertion error.
#    Time: 31961 ns  Scope: test_NtnuTfe4171Lab1Fifo.scoreBoardPopAndCheck File: ./tb/test_NtnuTfe4171Lab1Fifo.sv Line: 85
#     31961 |   1    0x09a  |   1   0x09a  |   1     0     0
#     32023 |   1    0x09a  |   0   0x09a  |   0     0     0
# [32085] ERROR: Read with empty scoreboard!
# ** Error: Assertion error.
#    Time: 32085 ns  Scope: test_NtnuTfe4171Lab1Fifo.scoreBoardPopAndCheck File: ./tb/test_NtnuTfe4171Lab1Fifo.sv Line: 75
# [32085] MISMATCH: expected=0xx actual=0x9a
# ** Error: Assertion error.
#    Time: 32085 ns  Scope: test_NtnuTfe4171Lab1Fifo.scoreBoardPopAndCheck File: ./tb/test_NtnuTfe4171Lab1Fifo.sv Line: 85
#     32085 |   1    0x09a  |   1   0x09a  |   1     0     0
#     32147 |   1    0x09a  |   0   0x09a  |   0     0     0
# [32209] ERROR: Read with empty scoreboard!
# ** Error: Assertion error.
#    Time: 32209 ns  Scope: test_NtnuTfe4171Lab1Fifo.scoreBoardPopAndCheck File: ./tb/test_NtnuTfe4171Lab1Fifo.sv Line: 75
# [32209] MISMATCH: expected=0xx actual=0x9a
# ** Error: Assertion error.
#    Time: 32209 ns  Scope: test_NtnuTfe4171Lab1Fifo.scoreBoardPopAndCheck File: ./tb/test_NtnuTfe4171Lab1Fifo.sv Line: 85
#     32209 |   1    0x09a  |   1   0x09a  |   1     0     0
#     32271 |   1    0x09a  |   0   0x09a  |   0     0     0
# [32333] ERROR: Read with empty scoreboard!
# ** Error: Assertion error.
#    Time: 32333 ns  Scope: test_NtnuTfe4171Lab1Fifo.scoreBoardPopAndCheck File: ./tb/test_NtnuTfe4171Lab1Fifo.sv Line: 75
# [32333] MISMATCH: expected=0xx actual=0x9a
# ** Error: Assertion error.
#    Time: 32333 ns  Scope: test_NtnuTfe4171Lab1Fifo.scoreBoardPopAndCheck File: ./tb/test_NtnuTfe4171Lab1Fifo.sv Line: 85
#     32333 |   1    0x09a  |   1   0x09a  |   1     0     0
#     32395 |   1    0x09a  |   0   0x09a  |   0     0     0
# [32457] ERROR: Read with empty scoreboard!
# ** Error: Assertion error.
#    Time: 32457 ns  Scope: test_NtnuTfe4171Lab1Fifo.scoreBoardPopAndCheck File: ./tb/test_NtnuTfe4171Lab1Fifo.sv Line: 75
# [32457] MISMATCH: expected=0xx actual=0x9a
# ** Error: Assertion error.
#    Time: 32457 ns  Scope: test_NtnuTfe4171Lab1Fifo.scoreBoardPopAndCheck File: ./tb/test_NtnuTfe4171Lab1Fifo.sv Line: 85
#     32457 |   1    0x09a  |   1   0x09a  |   1     0     0
#     32519 |   1    0x09a  |   0   0x09a  |   0     0     0
# [32581] ERROR: Read with empty scoreboard!
# ** Error: Assertion error.
#    Time: 32581 ns  Scope: test_NtnuTfe4171Lab1Fifo.scoreBoardPopAndCheck File: ./tb/test_NtnuTfe4171Lab1Fifo.sv Line: 75
# [32581] MISMATCH: expected=0xx actual=0x9a
# ** Error: Assertion error.
#    Time: 32581 ns  Scope: test_NtnuTfe4171Lab1Fifo.scoreBoardPopAndCheck File: ./tb/test_NtnuTfe4171Lab1Fifo.sv Line: 85
#     32581 |   1    0x09a  |   1   0x09a  |   1     0     0
#     32643 |   1    0x09a  |   0   0x09a  |   0     0     0
# [32705] ERROR: Read with empty scoreboard!
# ** Error: Assertion error.
#    Time: 32705 ns  Scope: test_NtnuTfe4171Lab1Fifo.scoreBoardPopAndCheck File: ./tb/test_NtnuTfe4171Lab1Fifo.sv Line: 75
# [32705] MISMATCH: expected=0xx actual=0x9a
# ** Error: Assertion error.
#    Time: 32705 ns  Scope: test_NtnuTfe4171Lab1Fifo.scoreBoardPopAndCheck File: ./tb/test_NtnuTfe4171Lab1Fifo.sv Line: 85
#     32705 |   1    0x09a  |   1   0x09a  |   1     0     0
#     32767 |   1    0x09a  |   0   0x09a  |   0     0     0
# [32829] ERROR: Read with empty scoreboard!
# ** Error: Assertion error.
#    Time: 32829 ns  Scope: test_NtnuTfe4171Lab1Fifo.scoreBoardPopAndCheck File: ./tb/test_NtnuTfe4171Lab1Fifo.sv Line: 75
# [32829] MISMATCH: expected=0xx actual=0x9a
# ** Error: Assertion error.
#    Time: 32829 ns  Scope: test_NtnuTfe4171Lab1Fifo.scoreBoardPopAndCheck File: ./tb/test_NtnuTfe4171Lab1Fifo.sv Line: 85
#     32829 |   1    0x09a  |   1   0x09a  |   1     0     0
#     32891 |   1    0x09a  |   0   0x09a  |   0     0     0
# [32953] ERROR: Read with empty scoreboard!
# ** Error: Assertion error.
#    Time: 32953 ns  Scope: test_NtnuTfe4171Lab1Fifo.scoreBoardPopAndCheck File: ./tb/test_NtnuTfe4171Lab1Fifo.sv Line: 75
# [32953] MISMATCH: expected=0xx actual=0x9a
# ** Error: Assertion error.
#    Time: 32953 ns  Scope: test_NtnuTfe4171Lab1Fifo.scoreBoardPopAndCheck File: ./tb/test_NtnuTfe4171Lab1Fifo.sv Line: 85
#     32953 |   1    0x09a  |   1   0x09a  |   1     0     0
#     33015 |   1    0x09a  |   0   0x09a  |   0     0     0
# [33077] ERROR: Read with empty scoreboard!
# ** Error: Assertion error.
#    Time: 33077 ns  Scope: test_NtnuTfe4171Lab1Fifo.scoreBoardPopAndCheck File: ./tb/test_NtnuTfe4171Lab1Fifo.sv Line: 75
# [33077] MISMATCH: expected=0xx actual=0x9a
# ** Error: Assertion error.
#    Time: 33077 ns  Scope: test_NtnuTfe4171Lab1Fifo.scoreBoardPopAndCheck File: ./tb/test_NtnuTfe4171Lab1Fifo.sv Line: 85
#     33077 |   1    0x09a  |   1   0x09a  |   0     0     0
#     33139 |   1    0x09a  |   0   0x09a  |   0     0     0
# [33201] ERROR: Read with empty scoreboard!
# ** Error: Assertion error.
#    Time: 33201 ns  Scope: test_NtnuTfe4171Lab1Fifo.scoreBoardPopAndCheck File: ./tb/test_NtnuTfe4171Lab1Fifo.sv Line: 75
# [33201] MISMATCH: expected=0xx actual=0x9a
# ** Error: Assertion error.
#    Time: 33201 ns  Scope: test_NtnuTfe4171Lab1Fifo.scoreBoardPopAndCheck File: ./tb/test_NtnuTfe4171Lab1Fifo.sv Line: 85
#     33201 |   1    0x09a  |   1   0x09a  |   0     0     0
#     33263 |   1    0x09a  |   0   0x09a  |   0     0     0
# [33325] ERROR: Read with empty scoreboard!
# ** Error: Assertion error.
#    Time: 33325 ns  Scope: test_NtnuTfe4171Lab1Fifo.scoreBoardPopAndCheck File: ./tb/test_NtnuTfe4171Lab1Fifo.sv Line: 75
# [33325] MISMATCH: expected=0xx actual=0x9a
# ** Error: Assertion error.
#    Time: 33325 ns  Scope: test_NtnuTfe4171Lab1Fifo.scoreBoardPopAndCheck File: ./tb/test_NtnuTfe4171Lab1Fifo.sv Line: 85
#     33325 |   1    0x09a  |   1   0x09a  |   0     0     0
#     33387 |   1    0x09a  |   0   0x09a  |   0     0     0
# [33449] ERROR: Read with empty scoreboard!
# ** Error: Assertion error.
#    Time: 33449 ns  Scope: test_NtnuTfe4171Lab1Fifo.scoreBoardPopAndCheck File: ./tb/test_NtnuTfe4171Lab1Fifo.sv Line: 75
# [33449] MISMATCH: expected=0xx actual=0x9a
# ** Error: Assertion error.
#    Time: 33449 ns  Scope: test_NtnuTfe4171Lab1Fifo.scoreBoardPopAndCheck File: ./tb/test_NtnuTfe4171Lab1Fifo.sv Line: 85
#     33449 |   1    0x09a  |   1   0x09a  |   0     0     0
#     33511 |   1    0x09a  |   0   0x09a  |   0     0     0
# [33573] ERROR: Read with empty scoreboard!
# ** Error: Assertion error.
#    Time: 33573 ns  Scope: test_NtnuTfe4171Lab1Fifo.scoreBoardPopAndCheck File: ./tb/test_NtnuTfe4171Lab1Fifo.sv Line: 75
# [33573] MISMATCH: expected=0xx actual=0x9a
# ** Error: Assertion error.
#    Time: 33573 ns  Scope: test_NtnuTfe4171Lab1Fifo.scoreBoardPopAndCheck File: ./tb/test_NtnuTfe4171Lab1Fifo.sv Line: 85
#     33573 |   1    0x09a  |   1   0x09a  |   0     0     0
#     33635 |   1    0x09a  |   0   0x09a  |   0     0     0
# [33697] ERROR: Read with empty scoreboard!
# ** Error: Assertion error.
#    Time: 33697 ns  Scope: test_NtnuTfe4171Lab1Fifo.scoreBoardPopAndCheck File: ./tb/test_NtnuTfe4171Lab1Fifo.sv Line: 75
# [33697] MISMATCH: expected=0xx actual=0x9a
# ** Error: Assertion error.
#    Time: 33697 ns  Scope: test_NtnuTfe4171Lab1Fifo.scoreBoardPopAndCheck File: ./tb/test_NtnuTfe4171Lab1Fifo.sv Line: 85
#     33697 |   1    0x09a  |   1   0x09a  |   0     0     0
#     33759 |   1    0x09a  |   0   0x09a  |   0     0     0
# [33821] ERROR: Read with empty scoreboard!
# ** Error: Assertion error.
#    Time: 33821 ns  Scope: test_NtnuTfe4171Lab1Fifo.scoreBoardPopAndCheck File: ./tb/test_NtnuTfe4171Lab1Fifo.sv Line: 75
# [33821] MISMATCH: expected=0xx actual=0x9a
# ** Error: Assertion error.
#    Time: 33821 ns  Scope: test_NtnuTfe4171Lab1Fifo.scoreBoardPopAndCheck File: ./tb/test_NtnuTfe4171Lab1Fifo.sv Line: 85
#     33821 |   1    0x09a  |   1   0x09a  |   0     0     0
#     33883 |   1    0x09a  |   0   0x09a  |   0     0     0
# [33945] ERROR: Read with empty scoreboard!
# ** Error: Assertion error.
#    Time: 33945 ns  Scope: test_NtnuTfe4171Lab1Fifo.scoreBoardPopAndCheck File: ./tb/test_NtnuTfe4171Lab1Fifo.sv Line: 75
# [33945] MISMATCH: expected=0xx actual=0x9a
# ** Error: Assertion error.
#    Time: 33945 ns  Scope: test_NtnuTfe4171Lab1Fifo.scoreBoardPopAndCheck File: ./tb/test_NtnuTfe4171Lab1Fifo.sv Line: 85
#     33945 |   1    0x09a  |   1   0x09a  |   0     0     0
#     34007 |   1    0x09a  |   0   0x09a  |   0     0     0
# [34069] ERROR: Read with empty scoreboard!
# ** Error: Assertion error.
#    Time: 34069 ns  Scope: test_NtnuTfe4171Lab1Fifo.scoreBoardPopAndCheck File: ./tb/test_NtnuTfe4171Lab1Fifo.sv Line: 75
# [34069] MISMATCH: expected=0xx actual=0x9a
# ** Error: Assertion error.
#    Time: 34069 ns  Scope: test_NtnuTfe4171Lab1Fifo.scoreBoardPopAndCheck File: ./tb/test_NtnuTfe4171Lab1Fifo.sv Line: 85
#     34069 |   1    0x09a  |   1   0x09a  |   0     0     0
#     34131 |   1    0x09a  |   0   0x09a  |   0     0     0
# [34193] ERROR: Read with empty scoreboard!
# ** Error: Assertion error.
#    Time: 34193 ns  Scope: test_NtnuTfe4171Lab1Fifo.scoreBoardPopAndCheck File: ./tb/test_NtnuTfe4171Lab1Fifo.sv Line: 75
# [34193] MISMATCH: expected=0xx actual=0x9a
# ** Error: Assertion error.
#    Time: 34193 ns  Scope: test_NtnuTfe4171Lab1Fifo.scoreBoardPopAndCheck File: ./tb/test_NtnuTfe4171Lab1Fifo.sv Line: 85
#     34193 |   1    0x09a  |   1   0x09a  |   0     0     0
#     34255 |   1    0x09a  |   0   0x09a  |   0     0     0
# [34317] ERROR: Read with empty scoreboard!
# ** Error: Assertion error.
#    Time: 34317 ns  Scope: test_NtnuTfe4171Lab1Fifo.scoreBoardPopAndCheck File: ./tb/test_NtnuTfe4171Lab1Fifo.sv Line: 75
# [34317] MISMATCH: expected=0xx actual=0x9a
# ** Error: Assertion error.
#    Time: 34317 ns  Scope: test_NtnuTfe4171Lab1Fifo.scoreBoardPopAndCheck File: ./tb/test_NtnuTfe4171Lab1Fifo.sv Line: 85
#     34317 |   1    0x09a  |   1   0x09a  |   0     0     0
#     34379 |   1    0x09a  |   0   0x09a  |   0     0     0
# [34441] ERROR: Read with empty scoreboard!
# ** Error: Assertion error.
#    Time: 34441 ns  Scope: test_NtnuTfe4171Lab1Fifo.scoreBoardPopAndCheck File: ./tb/test_NtnuTfe4171Lab1Fifo.sv Line: 75
# [34441] MISMATCH: expected=0xx actual=0x9a
# ** Error: Assertion error.
#    Time: 34441 ns  Scope: test_NtnuTfe4171Lab1Fifo.scoreBoardPopAndCheck File: ./tb/test_NtnuTfe4171Lab1Fifo.sv Line: 85
#     34441 |   1    0x09a  |   1   0x09a  |   0     0     0
#     34503 |   1    0x09a  |   0   0x09a  |   0     0     0
# [34565] ERROR: Read with empty scoreboard!
# ** Error: Assertion error.
#    Time: 34565 ns  Scope: test_NtnuTfe4171Lab1Fifo.scoreBoardPopAndCheck File: ./tb/test_NtnuTfe4171Lab1Fifo.sv Line: 75
# [34565] MISMATCH: expected=0xx actual=0x9a
# ** Error: Assertion error.
#    Time: 34565 ns  Scope: test_NtnuTfe4171Lab1Fifo.scoreBoardPopAndCheck File: ./tb/test_NtnuTfe4171Lab1Fifo.sv Line: 85
#     34565 |   1    0x09a  |   1   0x09a  |   0     0     0
#     34627 |   1    0x09a  |   0   0x09a  |   0     0     0
# [34689] ERROR: Read with empty scoreboard!
# ** Error: Assertion error.
#    Time: 34689 ns  Scope: test_NtnuTfe4171Lab1Fifo.scoreBoardPopAndCheck File: ./tb/test_NtnuTfe4171Lab1Fifo.sv Line: 75
# [34689] MISMATCH: expected=0xx actual=0x9a
# ** Error: Assertion error.
#    Time: 34689 ns  Scope: test_NtnuTfe4171Lab1Fifo.scoreBoardPopAndCheck File: ./tb/test_NtnuTfe4171Lab1Fifo.sv Line: 85
#     34689 |   1    0x09a  |   1   0x09a  |   0     0     0
#     34751 |   1    0x09a  |   0   0x09a  |   0     0     0
# [34813] ERROR: Read with empty scoreboard!
# ** Error: Assertion error.
#    Time: 34813 ns  Scope: test_NtnuTfe4171Lab1Fifo.scoreBoardPopAndCheck File: ./tb/test_NtnuTfe4171Lab1Fifo.sv Line: 75
# [34813] MISMATCH: expected=0xx actual=0x9a
# ** Error: Assertion error.
#    Time: 34813 ns  Scope: test_NtnuTfe4171Lab1Fifo.scoreBoardPopAndCheck File: ./tb/test_NtnuTfe4171Lab1Fifo.sv Line: 85
#     34813 |   1    0x09a  |   1   0x09a  |   0     0     0
#     34875 |   1    0x09a  |   0   0x09a  |   0     0     0
# [34937] ERROR: Read with empty scoreboard!
# ** Error: Assertion error.
#    Time: 34937 ns  Scope: test_NtnuTfe4171Lab1Fifo.scoreBoardPopAndCheck File: ./tb/test_NtnuTfe4171Lab1Fifo.sv Line: 75
# [34937] MISMATCH: expected=0xx actual=0x9a
# ** Error: Assertion error.
#    Time: 34937 ns  Scope: test_NtnuTfe4171Lab1Fifo.scoreBoardPopAndCheck File: ./tb/test_NtnuTfe4171Lab1Fifo.sv Line: 85
#     34937 |   1    0x09a  |   1   0x09a  |   0     0     0
#     34999 |   1    0x09a  |   0   0x09a  |   0     0     0
# [35061] ERROR: Read with empty scoreboard!
# ** Error: Assertion error.
#    Time: 35061 ns  Scope: test_NtnuTfe4171Lab1Fifo.scoreBoardPopAndCheck File: ./tb/test_NtnuTfe4171Lab1Fifo.sv Line: 75
# [35061] MISMATCH: expected=0xx actual=0x9a
# ** Error: Assertion error.
#    Time: 35061 ns  Scope: test_NtnuTfe4171Lab1Fifo.scoreBoardPopAndCheck File: ./tb/test_NtnuTfe4171Lab1Fifo.sv Line: 85
#     35061 |   1    0x09a  |   1   0x09a  |   0     0     0
#     35123 |   1    0x09a  |   0   0x09a  |   0     0     0
# [35185] ERROR: Read with empty scoreboard!
# ** Error: Assertion error.
#    Time: 35185 ns  Scope: test_NtnuTfe4171Lab1Fifo.scoreBoardPopAndCheck File: ./tb/test_NtnuTfe4171Lab1Fifo.sv Line: 75
# [35185] MISMATCH: expected=0xx actual=0x9a
# ** Error: Assertion error.
#    Time: 35185 ns  Scope: test_NtnuTfe4171Lab1Fifo.scoreBoardPopAndCheck File: ./tb/test_NtnuTfe4171Lab1Fifo.sv Line: 85
#     35185 |   1    0x09a  |   1   0x09a  |   0     0     0
#     35247 |   1    0x09a  |   0   0x09a  |   0     0     0
# [35309] ERROR: Read with empty scoreboard!
# ** Error: Assertion error.
#    Time: 35309 ns  Scope: test_NtnuTfe4171Lab1Fifo.scoreBoardPopAndCheck File: ./tb/test_NtnuTfe4171Lab1Fifo.sv Line: 75
# [35309] MISMATCH: expected=0xx actual=0x9a
# ** Error: Assertion error.
#    Time: 35309 ns  Scope: test_NtnuTfe4171Lab1Fifo.scoreBoardPopAndCheck File: ./tb/test_NtnuTfe4171Lab1Fifo.sv Line: 85
#     35309 |   1    0x09a  |   1   0x09a  |   0     0     0
#     35371 |   1    0x09a  |   0   0x09a  |   0     0     0
# [35433] ERROR: Read with empty scoreboard!
# ** Error: Assertion error.
#    Time: 35433 ns  Scope: test_NtnuTfe4171Lab1Fifo.scoreBoardPopAndCheck File: ./tb/test_NtnuTfe4171Lab1Fifo.sv Line: 75
# [35433] MISMATCH: expected=0xx actual=0x9a
# ** Error: Assertion error.
#    Time: 35433 ns  Scope: test_NtnuTfe4171Lab1Fifo.scoreBoardPopAndCheck File: ./tb/test_NtnuTfe4171Lab1Fifo.sv Line: 85
#     35433 |   1    0x09a  |   1   0x09a  |   0     0     0
#     35495 |   1    0x09a  |   0   0x09a  |   0     0     0
# [35557] ERROR: Read with empty scoreboard!
# ** Error: Assertion error.
#    Time: 35557 ns  Scope: test_NtnuTfe4171Lab1Fifo.scoreBoardPopAndCheck File: ./tb/test_NtnuTfe4171Lab1Fifo.sv Line: 75
# [35557] MISMATCH: expected=0xx actual=0x9a
# ** Error: Assertion error.
#    Time: 35557 ns  Scope: test_NtnuTfe4171Lab1Fifo.scoreBoardPopAndCheck File: ./tb/test_NtnuTfe4171Lab1Fifo.sv Line: 85
#     35557 |   1    0x09a  |   1   0x09a  |   0     0     0
#     35619 |   1    0x09a  |   0   0x09a  |   0     0     0
# [35681] ERROR: Read with empty scoreboard!
# ** Error: Assertion error.
#    Time: 35681 ns  Scope: test_NtnuTfe4171Lab1Fifo.scoreBoardPopAndCheck File: ./tb/test_NtnuTfe4171Lab1Fifo.sv Line: 75
# [35681] MISMATCH: expected=0xx actual=0x9a
# ** Error: Assertion error.
#    Time: 35681 ns  Scope: test_NtnuTfe4171Lab1Fifo.scoreBoardPopAndCheck File: ./tb/test_NtnuTfe4171Lab1Fifo.sv Line: 85
#     35681 |   1    0x09a  |   1   0x09a  |   0     0     0
#     35743 |   1    0x09a  |   0   0x09a  |   0     0     0
# [35805] ERROR: Read with empty scoreboard!
# ** Error: Assertion error.
#    Time: 35805 ns  Scope: test_NtnuTfe4171Lab1Fifo.scoreBoardPopAndCheck File: ./tb/test_NtnuTfe4171Lab1Fifo.sv Line: 75
# [35805] MISMATCH: expected=0xx actual=0x9a
# ** Error: Assertion error.
#    Time: 35805 ns  Scope: test_NtnuTfe4171Lab1Fifo.scoreBoardPopAndCheck File: ./tb/test_NtnuTfe4171Lab1Fifo.sv Line: 85
#     35805 |   1    0x09a  |   1   0x09a  |   0     0     0
#     35867 |   1    0x09a  |   0   0x09a  |   0     0     0
# [35929] ERROR: Read with empty scoreboard!
# ** Error: Assertion error.
#    Time: 35929 ns  Scope: test_NtnuTfe4171Lab1Fifo.scoreBoardPopAndCheck File: ./tb/test_NtnuTfe4171Lab1Fifo.sv Line: 75
# [35929] MISMATCH: expected=0xx actual=0x9a
# ** Error: Assertion error.
#    Time: 35929 ns  Scope: test_NtnuTfe4171Lab1Fifo.scoreBoardPopAndCheck File: ./tb/test_NtnuTfe4171Lab1Fifo.sv Line: 85
#     35929 |   1    0x09a  |   1   0x09a  |   0     0     0
#     35991 |   1    0x09a  |   0   0x09a  |   0     0     0
# [36053] ERROR: Read with empty scoreboard!
# ** Error: Assertion error.
#    Time: 36053 ns  Scope: test_NtnuTfe4171Lab1Fifo.scoreBoardPopAndCheck File: ./tb/test_NtnuTfe4171Lab1Fifo.sv Line: 75
# [36053] MISMATCH: expected=0xx actual=0x9a
# ** Error: Assertion error.
#    Time: 36053 ns  Scope: test_NtnuTfe4171Lab1Fifo.scoreBoardPopAndCheck File: ./tb/test_NtnuTfe4171Lab1Fifo.sv Line: 85
#     36053 |   1    0x09a  |   1   0x09a  |   0     0     0
#     36115 |   1    0x09a  |   0   0x09a  |   0     0     0
# [36177] ERROR: Read with empty scoreboard!
# ** Error: Assertion error.
#    Time: 36177 ns  Scope: test_NtnuTfe4171Lab1Fifo.scoreBoardPopAndCheck File: ./tb/test_NtnuTfe4171Lab1Fifo.sv Line: 75
# [36177] MISMATCH: expected=0xx actual=0x9a
# ** Error: Assertion error.
#    Time: 36177 ns  Scope: test_NtnuTfe4171Lab1Fifo.scoreBoardPopAndCheck File: ./tb/test_NtnuTfe4171Lab1Fifo.sv Line: 85
#     36177 |   1    0x09a  |   1   0x09a  |   0     0     0
#     36239 |   1    0x09a  |   0   0x09a  |   0     0     0
# [36301] ERROR: Read with empty scoreboard!
# ** Error: Assertion error.
#    Time: 36301 ns  Scope: test_NtnuTfe4171Lab1Fifo.scoreBoardPopAndCheck File: ./tb/test_NtnuTfe4171Lab1Fifo.sv Line: 75
# [36301] MISMATCH: expected=0xx actual=0x9a
# ** Error: Assertion error.
#    Time: 36301 ns  Scope: test_NtnuTfe4171Lab1Fifo.scoreBoardPopAndCheck File: ./tb/test_NtnuTfe4171Lab1Fifo.sv Line: 85
#     36301 |   1    0x09a  |   1   0x09a  |   0     0     0
#     36363 |   1    0x09a  |   0   0x09a  |   0     0     0
# [36425] ERROR: Read with empty scoreboard!
# ** Error: Assertion error.
#    Time: 36425 ns  Scope: test_NtnuTfe4171Lab1Fifo.scoreBoardPopAndCheck File: ./tb/test_NtnuTfe4171Lab1Fifo.sv Line: 75
# [36425] MISMATCH: expected=0xx actual=0x9a
# ** Error: Assertion error.
#    Time: 36425 ns  Scope: test_NtnuTfe4171Lab1Fifo.scoreBoardPopAndCheck File: ./tb/test_NtnuTfe4171Lab1Fifo.sv Line: 85
#     36425 |   1    0x09a  |   1   0x09a  |   0     0     0
#     36487 |   1    0x09a  |   0   0x09a  |   0     0     0
# [36549] ERROR: Read with empty scoreboard!
# ** Error: Assertion error.
#    Time: 36549 ns  Scope: test_NtnuTfe4171Lab1Fifo.scoreBoardPopAndCheck File: ./tb/test_NtnuTfe4171Lab1Fifo.sv Line: 75
# [36549] MISMATCH: expected=0xx actual=0x9a
# ** Error: Assertion error.
#    Time: 36549 ns  Scope: test_NtnuTfe4171Lab1Fifo.scoreBoardPopAndCheck File: ./tb/test_NtnuTfe4171Lab1Fifo.sv Line: 85
#     36549 |   1    0x09a  |   1   0x09a  |   0     0     0
#     36611 |   1    0x09a  |   0   0x09a  |   0     0     0
# [36673] ERROR: Read with empty scoreboard!
# ** Error: Assertion error.
#    Time: 36673 ns  Scope: test_NtnuTfe4171Lab1Fifo.scoreBoardPopAndCheck File: ./tb/test_NtnuTfe4171Lab1Fifo.sv Line: 75
# [36673] MISMATCH: expected=0xx actual=0x9a
# ** Error: Assertion error.
#    Time: 36673 ns  Scope: test_NtnuTfe4171Lab1Fifo.scoreBoardPopAndCheck File: ./tb/test_NtnuTfe4171Lab1Fifo.sv Line: 85
#     36673 |   1    0x09a  |   1   0x09a  |   0     0     0
#     36735 |   1    0x09a  |   0   0x09a  |   0     0     0
# [36797] ERROR: Read with empty scoreboard!
# ** Error: Assertion error.
#    Time: 36797 ns  Scope: test_NtnuTfe4171Lab1Fifo.scoreBoardPopAndCheck File: ./tb/test_NtnuTfe4171Lab1Fifo.sv Line: 75
# [36797] MISMATCH: expected=0xx actual=0x9a
# ** Error: Assertion error.
#    Time: 36797 ns  Scope: test_NtnuTfe4171Lab1Fifo.scoreBoardPopAndCheck File: ./tb/test_NtnuTfe4171Lab1Fifo.sv Line: 85
#     36797 |   1    0x09a  |   1   0x09a  |   0     0     0
#     36859 |   1    0x09a  |   0   0x09a  |   0     0     0
# [36921] ERROR: Read with empty scoreboard!
# ** Error: Assertion error.
#    Time: 36921 ns  Scope: test_NtnuTfe4171Lab1Fifo.scoreBoardPopAndCheck File: ./tb/test_NtnuTfe4171Lab1Fifo.sv Line: 75
# [36921] MISMATCH: expected=0xx actual=0x9a
# ** Error: Assertion error.
#    Time: 36921 ns  Scope: test_NtnuTfe4171Lab1Fifo.scoreBoardPopAndCheck File: ./tb/test_NtnuTfe4171Lab1Fifo.sv Line: 85
#     36921 |   1    0x09a  |   1   0x09a  |   0     0     0
#     36983 |   1    0x09a  |   0   0x09a  |   0     0     0
#     37045 |   1    0x09a  |   1   0x09a  |   0     1     0
#     37107 |   1    0x09a  |   0   0x09a  |   0     0     0
# [37169] ERROR: Read with empty scoreboard!
# ** Error: Assertion error.
#    Time: 37169 ns  Scope: test_NtnuTfe4171Lab1Fifo.scoreBoardPopAndCheck File: ./tb/test_NtnuTfe4171Lab1Fifo.sv Line: 75
# [37169] MISMATCH: expected=0xx actual=0x9a
# ** Error: Assertion error.
#    Time: 37169 ns  Scope: test_NtnuTfe4171Lab1Fifo.scoreBoardPopAndCheck File: ./tb/test_NtnuTfe4171Lab1Fifo.sv Line: 85
#     37169 |   1    0x09a  |   1   0x09a  |   0     0     0
#     37231 |   1    0x09a  |   0   0x09a  |   0     0     0
# [37293] ERROR: Read with empty scoreboard!
# ** Error: Assertion error.
#    Time: 37293 ns  Scope: test_NtnuTfe4171Lab1Fifo.scoreBoardPopAndCheck File: ./tb/test_NtnuTfe4171Lab1Fifo.sv Line: 75
# [37293] MISMATCH: expected=0xx actual=0x9a
# ** Error: Assertion error.
#    Time: 37293 ns  Scope: test_NtnuTfe4171Lab1Fifo.scoreBoardPopAndCheck File: ./tb/test_NtnuTfe4171Lab1Fifo.sv Line: 85
#     37293 |   1    0x09a  |   1   0x09a  |   0     0     0
#     37355 |   1    0x09a  |   0   0x09a  |   0     0     0
# [37417] ERROR: Read with empty scoreboard!
# ** Error: Assertion error.
#    Time: 37417 ns  Scope: test_NtnuTfe4171Lab1Fifo.scoreBoardPopAndCheck File: ./tb/test_NtnuTfe4171Lab1Fifo.sv Line: 75
# [37417] MISMATCH: expected=0xx actual=0x9a
# ** Error: Assertion error.
#    Time: 37417 ns  Scope: test_NtnuTfe4171Lab1Fifo.scoreBoardPopAndCheck File: ./tb/test_NtnuTfe4171Lab1Fifo.sv Line: 85
#     37417 |   1    0x09a  |   1   0x09a  |   0     0     0
#     37479 |   1    0x09a  |   0   0x09a  |   0     0     0
# [37541] ERROR: Read with empty scoreboard!
# ** Error: Assertion error.
#    Time: 37541 ns  Scope: test_NtnuTfe4171Lab1Fifo.scoreBoardPopAndCheck File: ./tb/test_NtnuTfe4171Lab1Fifo.sv Line: 75
# [37541] MISMATCH: expected=0xx actual=0x9a
# ** Error: Assertion error.
#    Time: 37541 ns  Scope: test_NtnuTfe4171Lab1Fifo.scoreBoardPopAndCheck File: ./tb/test_NtnuTfe4171Lab1Fifo.sv Line: 85
#     37541 |   1    0x09a  |   1   0x09a  |   0     0     0
#     37603 |   1    0x09a  |   0   0x09a  |   0     0     0
# [37665] ERROR: Read with empty scoreboard!
# ** Error: Assertion error.
#    Time: 37665 ns  Scope: test_NtnuTfe4171Lab1Fifo.scoreBoardPopAndCheck File: ./tb/test_NtnuTfe4171Lab1Fifo.sv Line: 75
# [37665] MISMATCH: expected=0xx actual=0x9a
# ** Error: Assertion error.
#    Time: 37665 ns  Scope: test_NtnuTfe4171Lab1Fifo.scoreBoardPopAndCheck File: ./tb/test_NtnuTfe4171Lab1Fifo.sv Line: 85
#     37665 |   1    0x09a  |   1   0x09a  |   0     0     0
#     37727 |   1    0x09a  |   0   0x09a  |   0     0     0
# [37789] ERROR: Read with empty scoreboard!
# ** Error: Assertion error.
#    Time: 37789 ns  Scope: test_NtnuTfe4171Lab1Fifo.scoreBoardPopAndCheck File: ./tb/test_NtnuTfe4171Lab1Fifo.sv Line: 75
# [37789] MISMATCH: expected=0xx actual=0x9a
# ** Error: Assertion error.
#    Time: 37789 ns  Scope: test_NtnuTfe4171Lab1Fifo.scoreBoardPopAndCheck File: ./tb/test_NtnuTfe4171Lab1Fifo.sv Line: 85
#     37789 |   1    0x09a  |   1   0x09a  |   0     0     0
#     37851 |   1    0x09a  |   0   0x09a  |   0     0     0
# [37913] ERROR: Read with empty scoreboard!
# ** Error: Assertion error.
#    Time: 37913 ns  Scope: test_NtnuTfe4171Lab1Fifo.scoreBoardPopAndCheck File: ./tb/test_NtnuTfe4171Lab1Fifo.sv Line: 75
# [37913] MISMATCH: expected=0xx actual=0x9a
# ** Error: Assertion error.
#    Time: 37913 ns  Scope: test_NtnuTfe4171Lab1Fifo.scoreBoardPopAndCheck File: ./tb/test_NtnuTfe4171Lab1Fifo.sv Line: 85
#     37913 |   1    0x09a  |   1   0x09a  |   0     0     0
#     37975 |   1    0x09a  |   0   0x09a  |   0     0     0
# [38037] ERROR: Read with empty scoreboard!
# ** Error: Assertion error.
#    Time: 38037 ns  Scope: test_NtnuTfe4171Lab1Fifo.scoreBoardPopAndCheck File: ./tb/test_NtnuTfe4171Lab1Fifo.sv Line: 75
# [38037] MISMATCH: expected=0xx actual=0x9a
# ** Error: Assertion error.
#    Time: 38037 ns  Scope: test_NtnuTfe4171Lab1Fifo.scoreBoardPopAndCheck File: ./tb/test_NtnuTfe4171Lab1Fifo.sv Line: 85
#     38037 |   1    0x09a  |   1   0x09a  |   0     0     0
#     38099 |   1    0x09a  |   0   0x09a  |   0     0     0
# [38161] ERROR: Read with empty scoreboard!
# ** Error: Assertion error.
#    Time: 38161 ns  Scope: test_NtnuTfe4171Lab1Fifo.scoreBoardPopAndCheck File: ./tb/test_NtnuTfe4171Lab1Fifo.sv Line: 75
# [38161] MISMATCH: expected=0xx actual=0x9a
# ** Error: Assertion error.
#    Time: 38161 ns  Scope: test_NtnuTfe4171Lab1Fifo.scoreBoardPopAndCheck File: ./tb/test_NtnuTfe4171Lab1Fifo.sv Line: 85
#     38161 |   1    0x09a  |   1   0x09a  |   0     0     0
#     38223 |   1    0x09a  |   0   0x09a  |   0     0     0
# [38285] ERROR: Read with empty scoreboard!
# ** Error: Assertion error.
#    Time: 38285 ns  Scope: test_NtnuTfe4171Lab1Fifo.scoreBoardPopAndCheck File: ./tb/test_NtnuTfe4171Lab1Fifo.sv Line: 75
# [38285] MISMATCH: expected=0xx actual=0x9a
# ** Error: Assertion error.
#    Time: 38285 ns  Scope: test_NtnuTfe4171Lab1Fifo.scoreBoardPopAndCheck File: ./tb/test_NtnuTfe4171Lab1Fifo.sv Line: 85
#     38285 |   1    0x09a  |   1   0x09a  |   0     0     0
#     38347 |   1    0x09a  |   0   0x09a  |   0     0     0
# [38409] ERROR: Read with empty scoreboard!
# ** Error: Assertion error.
#    Time: 38409 ns  Scope: test_NtnuTfe4171Lab1Fifo.scoreBoardPopAndCheck File: ./tb/test_NtnuTfe4171Lab1Fifo.sv Line: 75
# [38409] MISMATCH: expected=0xx actual=0x9a
# ** Error: Assertion error.
#    Time: 38409 ns  Scope: test_NtnuTfe4171Lab1Fifo.scoreBoardPopAndCheck File: ./tb/test_NtnuTfe4171Lab1Fifo.sv Line: 85
#     38409 |   1    0x09a  |   1   0x09a  |   0     0     0
#     38471 |   1    0x09a  |   0   0x09a  |   0     0     0
# [38533] ERROR: Read with empty scoreboard!
# ** Error: Assertion error.
#    Time: 38533 ns  Scope: test_NtnuTfe4171Lab1Fifo.scoreBoardPopAndCheck File: ./tb/test_NtnuTfe4171Lab1Fifo.sv Line: 75
# [38533] MISMATCH: expected=0xx actual=0x9a
# ** Error: Assertion error.
#    Time: 38533 ns  Scope: test_NtnuTfe4171Lab1Fifo.scoreBoardPopAndCheck File: ./tb/test_NtnuTfe4171Lab1Fifo.sv Line: 85
#     38533 |   1    0x09a  |   1   0x09a  |   0     0     0
#     38595 |   1    0x09a  |   0   0x09a  |   0     0     0
# [38657] ERROR: Read with empty scoreboard!
# ** Error: Assertion error.
#    Time: 38657 ns  Scope: test_NtnuTfe4171Lab1Fifo.scoreBoardPopAndCheck File: ./tb/test_NtnuTfe4171Lab1Fifo.sv Line: 75
# [38657] MISMATCH: expected=0xx actual=0x9a
# ** Error: Assertion error.
#    Time: 38657 ns  Scope: test_NtnuTfe4171Lab1Fifo.scoreBoardPopAndCheck File: ./tb/test_NtnuTfe4171Lab1Fifo.sv Line: 85
#     38657 |   1    0x09a  |   1   0x09a  |   0     0     0
#     38719 |   1    0x09a  |   0   0x09a  |   0     0     0
# [38781] ERROR: Read with empty scoreboard!
# ** Error: Assertion error.
#    Time: 38781 ns  Scope: test_NtnuTfe4171Lab1Fifo.scoreBoardPopAndCheck File: ./tb/test_NtnuTfe4171Lab1Fifo.sv Line: 75
# [38781] MISMATCH: expected=0xx actual=0x9a
# ** Error: Assertion error.
#    Time: 38781 ns  Scope: test_NtnuTfe4171Lab1Fifo.scoreBoardPopAndCheck File: ./tb/test_NtnuTfe4171Lab1Fifo.sv Line: 85
#     38781 |   1    0x09a  |   1   0x09a  |   0     0     0
#     38843 |   1    0x09a  |   0   0x09a  |   0     0     0
# [38905] ERROR: Read with empty scoreboard!
# ** Error: Assertion error.
#    Time: 38905 ns  Scope: test_NtnuTfe4171Lab1Fifo.scoreBoardPopAndCheck File: ./tb/test_NtnuTfe4171Lab1Fifo.sv Line: 75
# [38905] MISMATCH: expected=0xx actual=0x9a
# ** Error: Assertion error.
#    Time: 38905 ns  Scope: test_NtnuTfe4171Lab1Fifo.scoreBoardPopAndCheck File: ./tb/test_NtnuTfe4171Lab1Fifo.sv Line: 85
#     38905 |   1    0x09a  |   1   0x09a  |   0     0     0
#     38967 |   1    0x09a  |   0   0x09a  |   0     0     0
# [39029] ERROR: Read with empty scoreboard!
# ** Error: Assertion error.
#    Time: 39029 ns  Scope: test_NtnuTfe4171Lab1Fifo.scoreBoardPopAndCheck File: ./tb/test_NtnuTfe4171Lab1Fifo.sv Line: 75
# [39029] MISMATCH: expected=0xx actual=0x9a
# ** Error: Assertion error.
#    Time: 39029 ns  Scope: test_NtnuTfe4171Lab1Fifo.scoreBoardPopAndCheck File: ./tb/test_NtnuTfe4171Lab1Fifo.sv Line: 85
#     39029 |   1    0x09a  |   1   0x09a  |   0     0     0
#     39091 |   1    0x09a  |   0   0x09a  |   0     0     0
# [39153] ERROR: Read with empty scoreboard!
# ** Error: Assertion error.
#    Time: 39153 ns  Scope: test_NtnuTfe4171Lab1Fifo.scoreBoardPopAndCheck File: ./tb/test_NtnuTfe4171Lab1Fifo.sv Line: 75
# [39153] MISMATCH: expected=0xx actual=0x9a
# ** Error: Assertion error.
#    Time: 39153 ns  Scope: test_NtnuTfe4171Lab1Fifo.scoreBoardPopAndCheck File: ./tb/test_NtnuTfe4171Lab1Fifo.sv Line: 85
#     39153 |   1    0x09a  |   1   0x09a  |   0     0     0
#     39215 |   1    0x09a  |   0   0x09a  |   0     0     0
# [39277] ERROR: Read with empty scoreboard!
# ** Error: Assertion error.
#    Time: 39277 ns  Scope: test_NtnuTfe4171Lab1Fifo.scoreBoardPopAndCheck File: ./tb/test_NtnuTfe4171Lab1Fifo.sv Line: 75
# [39277] MISMATCH: expected=0xx actual=0x9a
# ** Error: Assertion error.
#    Time: 39277 ns  Scope: test_NtnuTfe4171Lab1Fifo.scoreBoardPopAndCheck File: ./tb/test_NtnuTfe4171Lab1Fifo.sv Line: 85
#     39277 |   1    0x09a  |   1   0x09a  |   0     0     0
#     39339 |   1    0x09a  |   0   0x09a  |   0     0     0
# [39401] ERROR: Read with empty scoreboard!
# ** Error: Assertion error.
#    Time: 39401 ns  Scope: test_NtnuTfe4171Lab1Fifo.scoreBoardPopAndCheck File: ./tb/test_NtnuTfe4171Lab1Fifo.sv Line: 75
# [39401] MISMATCH: expected=0xx actual=0x9a
# ** Error: Assertion error.
#    Time: 39401 ns  Scope: test_NtnuTfe4171Lab1Fifo.scoreBoardPopAndCheck File: ./tb/test_NtnuTfe4171Lab1Fifo.sv Line: 85
#     39401 |   1    0x09a  |   1   0x09a  |   0     0     0
#     39463 |   1    0x09a  |   0   0x09a  |   0     0     0
# [39525] ERROR: Read with empty scoreboard!
# ** Error: Assertion error.
#    Time: 39525 ns  Scope: test_NtnuTfe4171Lab1Fifo.scoreBoardPopAndCheck File: ./tb/test_NtnuTfe4171Lab1Fifo.sv Line: 75
# [39525] MISMATCH: expected=0xx actual=0x9a
# ** Error: Assertion error.
#    Time: 39525 ns  Scope: test_NtnuTfe4171Lab1Fifo.scoreBoardPopAndCheck File: ./tb/test_NtnuTfe4171Lab1Fifo.sv Line: 85
#     39525 |   1    0x09a  |   1   0x09a  |   0     0     0
#     39587 |   1    0x09a  |   0   0x09a  |   0     0     0
# [39649] ERROR: Read with empty scoreboard!
# ** Error: Assertion error.
#    Time: 39649 ns  Scope: test_NtnuTfe4171Lab1Fifo.scoreBoardPopAndCheck File: ./tb/test_NtnuTfe4171Lab1Fifo.sv Line: 75
# [39649] MISMATCH: expected=0xx actual=0x9a
# ** Error: Assertion error.
#    Time: 39649 ns  Scope: test_NtnuTfe4171Lab1Fifo.scoreBoardPopAndCheck File: ./tb/test_NtnuTfe4171Lab1Fifo.sv Line: 85
#     39649 |   1    0x09a  |   1   0x09a  |   0     0     0
#     39711 |   1    0x09a  |   0   0x09a  |   0     0     0
# [39773] ERROR: Read with empty scoreboard!
# ** Error: Assertion error.
#    Time: 39773 ns  Scope: test_NtnuTfe4171Lab1Fifo.scoreBoardPopAndCheck File: ./tb/test_NtnuTfe4171Lab1Fifo.sv Line: 75
# [39773] MISMATCH: expected=0xx actual=0x9a
# ** Error: Assertion error.
#    Time: 39773 ns  Scope: test_NtnuTfe4171Lab1Fifo.scoreBoardPopAndCheck File: ./tb/test_NtnuTfe4171Lab1Fifo.sv Line: 85
#     39773 |   1    0x09a  |   1   0x09a  |   0     0     0
#     39835 |   1    0x09a  |   0   0x09a  |   0     0     0
# [39897] ERROR: Read with empty scoreboard!
# ** Error: Assertion error.
#    Time: 39897 ns  Scope: test_NtnuTfe4171Lab1Fifo.scoreBoardPopAndCheck File: ./tb/test_NtnuTfe4171Lab1Fifo.sv Line: 75
# [39897] MISMATCH: expected=0xx actual=0x9a
# ** Error: Assertion error.
#    Time: 39897 ns  Scope: test_NtnuTfe4171Lab1Fifo.scoreBoardPopAndCheck File: ./tb/test_NtnuTfe4171Lab1Fifo.sv Line: 85
#     39897 |   1    0x09a  |   1   0x09a  |   0     0     0
#     39959 |   1    0x09a  |   0   0x09a  |   0     0     0
# [40021] ERROR: Read with empty scoreboard!
# ** Error: Assertion error.
#    Time: 40021 ns  Scope: test_NtnuTfe4171Lab1Fifo.scoreBoardPopAndCheck File: ./tb/test_NtnuTfe4171Lab1Fifo.sv Line: 75
# [40021] MISMATCH: expected=0xx actual=0x9a
# ** Error: Assertion error.
#    Time: 40021 ns  Scope: test_NtnuTfe4171Lab1Fifo.scoreBoardPopAndCheck File: ./tb/test_NtnuTfe4171Lab1Fifo.sv Line: 85
#     40021 |   1    0x09a  |   1   0x09a  |   0     0     0
#     40083 |   1    0x09a  |   0   0x09a  |   0     0     0
# [40145] ERROR: Read with empty scoreboard!
# ** Error: Assertion error.
#    Time: 40145 ns  Scope: test_NtnuTfe4171Lab1Fifo.scoreBoardPopAndCheck File: ./tb/test_NtnuTfe4171Lab1Fifo.sv Line: 75
# [40145] MISMATCH: expected=0xx actual=0x9a
# ** Error: Assertion error.
#    Time: 40145 ns  Scope: test_NtnuTfe4171Lab1Fifo.scoreBoardPopAndCheck File: ./tb/test_NtnuTfe4171Lab1Fifo.sv Line: 85
#     40145 |   1    0x09a  |   1   0x09a  |   0     0     0
#     40207 |   1    0x09a  |   0   0x09a  |   0     0     0
# [40269] ERROR: Read with empty scoreboard!
# ** Error: Assertion error.
#    Time: 40269 ns  Scope: test_NtnuTfe4171Lab1Fifo.scoreBoardPopAndCheck File: ./tb/test_NtnuTfe4171Lab1Fifo.sv Line: 75
# [40269] MISMATCH: expected=0xx actual=0x9a
# ** Error: Assertion error.
#    Time: 40269 ns  Scope: test_NtnuTfe4171Lab1Fifo.scoreBoardPopAndCheck File: ./tb/test_NtnuTfe4171Lab1Fifo.sv Line: 85
#     40269 |   1    0x09a  |   1   0x09a  |   0     0     0
#     40331 |   1    0x09a  |   0   0x09a  |   0     0     0
# [40393] ERROR: Read with empty scoreboard!
# ** Error: Assertion error.
#    Time: 40393 ns  Scope: test_NtnuTfe4171Lab1Fifo.scoreBoardPopAndCheck File: ./tb/test_NtnuTfe4171Lab1Fifo.sv Line: 75
# [40393] MISMATCH: expected=0xx actual=0x9a
# ** Error: Assertion error.
#    Time: 40393 ns  Scope: test_NtnuTfe4171Lab1Fifo.scoreBoardPopAndCheck File: ./tb/test_NtnuTfe4171Lab1Fifo.sv Line: 85
#     40393 |   1    0x09a  |   1   0x09a  |   0     0     0
#     40455 |   1    0x09a  |   0   0x09a  |   0     0     0
# [40517] ERROR: Read with empty scoreboard!
# ** Error: Assertion error.
#    Time: 40517 ns  Scope: test_NtnuTfe4171Lab1Fifo.scoreBoardPopAndCheck File: ./tb/test_NtnuTfe4171Lab1Fifo.sv Line: 75
# [40517] MISMATCH: expected=0xx actual=0x9a
# ** Error: Assertion error.
#    Time: 40517 ns  Scope: test_NtnuTfe4171Lab1Fifo.scoreBoardPopAndCheck File: ./tb/test_NtnuTfe4171Lab1Fifo.sv Line: 85
#     40517 |   1    0x09a  |   1   0x09a  |   0     0     0
#     40579 |   1    0x09a  |   0   0x09a  |   0     0     0
# [40641] ERROR: Read with empty scoreboard!
# ** Error: Assertion error.
#    Time: 40641 ns  Scope: test_NtnuTfe4171Lab1Fifo.scoreBoardPopAndCheck File: ./tb/test_NtnuTfe4171Lab1Fifo.sv Line: 75
# [40641] MISMATCH: expected=0xx actual=0x9a
# ** Error: Assertion error.
#    Time: 40641 ns  Scope: test_NtnuTfe4171Lab1Fifo.scoreBoardPopAndCheck File: ./tb/test_NtnuTfe4171Lab1Fifo.sv Line: 85
#     40641 |   1    0x09a  |   1   0x09a  |   0     0     0
#     40703 |   1    0x09a  |   0   0x09a  |   0     0     0
# [40765] ERROR: Read with empty scoreboard!
# ** Error: Assertion error.
#    Time: 40765 ns  Scope: test_NtnuTfe4171Lab1Fifo.scoreBoardPopAndCheck File: ./tb/test_NtnuTfe4171Lab1Fifo.sv Line: 75
# [40765] MISMATCH: expected=0xx actual=0x9a
# ** Error: Assertion error.
#    Time: 40765 ns  Scope: test_NtnuTfe4171Lab1Fifo.scoreBoardPopAndCheck File: ./tb/test_NtnuTfe4171Lab1Fifo.sv Line: 85
#     40765 |   1    0x09a  |   1   0x09a  |   0     0     0
#     40827 |   1    0x09a  |   0   0x09a  |   0     0     0
# [40889] ERROR: Read with empty scoreboard!
# ** Error: Assertion error.
#    Time: 40889 ns  Scope: test_NtnuTfe4171Lab1Fifo.scoreBoardPopAndCheck File: ./tb/test_NtnuTfe4171Lab1Fifo.sv Line: 75
# [40889] MISMATCH: expected=0xx actual=0x9a
# ** Error: Assertion error.
#    Time: 40889 ns  Scope: test_NtnuTfe4171Lab1Fifo.scoreBoardPopAndCheck File: ./tb/test_NtnuTfe4171Lab1Fifo.sv Line: 85
#     40889 |   1    0x09a  |   1   0x09a  |   1     0     0
#     40951 |   1    0x09a  |   0   0x09a  |   0     0     0
# [41013] ERROR: Read with empty scoreboard!
# ** Error: Assertion error.
#    Time: 41013 ns  Scope: test_NtnuTfe4171Lab1Fifo.scoreBoardPopAndCheck File: ./tb/test_NtnuTfe4171Lab1Fifo.sv Line: 75
# [41013] MISMATCH: expected=0xx actual=0x9a
# ** Error: Assertion error.
#    Time: 41013 ns  Scope: test_NtnuTfe4171Lab1Fifo.scoreBoardPopAndCheck File: ./tb/test_NtnuTfe4171Lab1Fifo.sv Line: 85
#     41013 |   1    0x09a  |   1   0x09a  |   1     0     0
#     41075 |   1    0x09a  |   0   0x09a  |   0     0     0
# [41137] ERROR: Read with empty scoreboard!
# ** Error: Assertion error.
#    Time: 41137 ns  Scope: test_NtnuTfe4171Lab1Fifo.scoreBoardPopAndCheck File: ./tb/test_NtnuTfe4171Lab1Fifo.sv Line: 75
# [41137] MISMATCH: expected=0xx actual=0x9a
# ** Error: Assertion error.
#    Time: 41137 ns  Scope: test_NtnuTfe4171Lab1Fifo.scoreBoardPopAndCheck File: ./tb/test_NtnuTfe4171Lab1Fifo.sv Line: 85
#     41137 |   1    0x09a  |   1   0x09a  |   0     0     0
#     41199 |   1    0x09a  |   0   0x09a  |   0     0     0
# [41261] ERROR: Read with empty scoreboard!
# ** Error: Assertion error.
#    Time: 41261 ns  Scope: test_NtnuTfe4171Lab1Fifo.scoreBoardPopAndCheck File: ./tb/test_NtnuTfe4171Lab1Fifo.sv Line: 75
# [41261] MISMATCH: expected=0xx actual=0x9a
# ** Error: Assertion error.
#    Time: 41261 ns  Scope: test_NtnuTfe4171Lab1Fifo.scoreBoardPopAndCheck File: ./tb/test_NtnuTfe4171Lab1Fifo.sv Line: 85
#     41261 |   1    0x09a  |   1   0x09a  |   0     0     0
#     41323 |   1    0x09a  |   0   0x09a  |   0     0     0
# [41385] ERROR: Read with empty scoreboard!
# ** Error: Assertion error.
#    Time: 41385 ns  Scope: test_NtnuTfe4171Lab1Fifo.scoreBoardPopAndCheck File: ./tb/test_NtnuTfe4171Lab1Fifo.sv Line: 75
# [41385] MISMATCH: expected=0xx actual=0x9a
# ** Error: Assertion error.
#    Time: 41385 ns  Scope: test_NtnuTfe4171Lab1Fifo.scoreBoardPopAndCheck File: ./tb/test_NtnuTfe4171Lab1Fifo.sv Line: 85
#     41385 |   1    0x09a  |   1   0x09a  |   0     0     0
#     41447 |   1    0x09a  |   0   0x09a  |   0     0     0
# [41509] ERROR: Read with empty scoreboard!
# ** Error: Assertion error.
#    Time: 41509 ns  Scope: test_NtnuTfe4171Lab1Fifo.scoreBoardPopAndCheck File: ./tb/test_NtnuTfe4171Lab1Fifo.sv Line: 75
# [41509] MISMATCH: expected=0xx actual=0x9a
# ** Error: Assertion error.
#    Time: 41509 ns  Scope: test_NtnuTfe4171Lab1Fifo.scoreBoardPopAndCheck File: ./tb/test_NtnuTfe4171Lab1Fifo.sv Line: 85
#     41509 |   1    0x09a  |   1   0x09a  |   0     0     0
#     41571 |   1    0x09a  |   0   0x09a  |   0     0     0
# [41633] ERROR: Read with empty scoreboard!
# ** Error: Assertion error.
#    Time: 41633 ns  Scope: test_NtnuTfe4171Lab1Fifo.scoreBoardPopAndCheck File: ./tb/test_NtnuTfe4171Lab1Fifo.sv Line: 75
# [41633] MISMATCH: expected=0xx actual=0x9a
# ** Error: Assertion error.
#    Time: 41633 ns  Scope: test_NtnuTfe4171Lab1Fifo.scoreBoardPopAndCheck File: ./tb/test_NtnuTfe4171Lab1Fifo.sv Line: 85
#     41633 |   1    0x09a  |   1   0x09a  |   0     0     0
#     41695 |   1    0x09a  |   0   0x09a  |   0     0     0
# [41757] ERROR: Read with empty scoreboard!
# ** Error: Assertion error.
#    Time: 41757 ns  Scope: test_NtnuTfe4171Lab1Fifo.scoreBoardPopAndCheck File: ./tb/test_NtnuTfe4171Lab1Fifo.sv Line: 75
# [41757] MISMATCH: expected=0xx actual=0x9a
# ** Error: Assertion error.
#    Time: 41757 ns  Scope: test_NtnuTfe4171Lab1Fifo.scoreBoardPopAndCheck File: ./tb/test_NtnuTfe4171Lab1Fifo.sv Line: 85
#     41757 |   1    0x09a  |   1   0x09a  |   0     0     0
#     41819 |   1    0x09a  |   0   0x09a  |   0     0     0
# [41881] ERROR: Read with empty scoreboard!
# ** Error: Assertion error.
#    Time: 41881 ns  Scope: test_NtnuTfe4171Lab1Fifo.scoreBoardPopAndCheck File: ./tb/test_NtnuTfe4171Lab1Fifo.sv Line: 75
# [41881] MISMATCH: expected=0xx actual=0x9a
# ** Error: Assertion error.
#    Time: 41881 ns  Scope: test_NtnuTfe4171Lab1Fifo.scoreBoardPopAndCheck File: ./tb/test_NtnuTfe4171Lab1Fifo.sv Line: 85
#     41881 |   1    0x09a  |   1   0x09a  |   0     0     0
#     41943 |   1    0x09a  |   0   0x09a  |   0     0     0
# [42005] ERROR: Read with empty scoreboard!
# ** Error: Assertion error.
#    Time: 42005 ns  Scope: test_NtnuTfe4171Lab1Fifo.scoreBoardPopAndCheck File: ./tb/test_NtnuTfe4171Lab1Fifo.sv Line: 75
# [42005] MISMATCH: expected=0xx actual=0x9a
# ** Error: Assertion error.
#    Time: 42005 ns  Scope: test_NtnuTfe4171Lab1Fifo.scoreBoardPopAndCheck File: ./tb/test_NtnuTfe4171Lab1Fifo.sv Line: 85
#     42005 |   1    0x09a  |   1   0x09a  |   0     0     0
#     42067 |   1    0x09a  |   0   0x09a  |   0     0     0
# [42129] ERROR: Read with empty scoreboard!
# ** Error: Assertion error.
#    Time: 42129 ns  Scope: test_NtnuTfe4171Lab1Fifo.scoreBoardPopAndCheck File: ./tb/test_NtnuTfe4171Lab1Fifo.sv Line: 75
# [42129] MISMATCH: expected=0xx actual=0x9a
# ** Error: Assertion error.
#    Time: 42129 ns  Scope: test_NtnuTfe4171Lab1Fifo.scoreBoardPopAndCheck File: ./tb/test_NtnuTfe4171Lab1Fifo.sv Line: 85
#     42129 |   1    0x09a  |   1   0x09a  |   0     0     0
#     42191 |   1    0x09a  |   0   0x09a  |   0     0     0
# [42253] ERROR: Read with empty scoreboard!
# ** Error: Assertion error.
#    Time: 42253 ns  Scope: test_NtnuTfe4171Lab1Fifo.scoreBoardPopAndCheck File: ./tb/test_NtnuTfe4171Lab1Fifo.sv Line: 75
# [42253] MISMATCH: expected=0xx actual=0x9a
# ** Error: Assertion error.
#    Time: 42253 ns  Scope: test_NtnuTfe4171Lab1Fifo.scoreBoardPopAndCheck File: ./tb/test_NtnuTfe4171Lab1Fifo.sv Line: 85
#     42253 |   1    0x09a  |   1   0x09a  |   0     0     0
#     42315 |   1    0x09a  |   0   0x09a  |   0     0     0
# [42377] ERROR: Read with empty scoreboard!
# ** Error: Assertion error.
#    Time: 42377 ns  Scope: test_NtnuTfe4171Lab1Fifo.scoreBoardPopAndCheck File: ./tb/test_NtnuTfe4171Lab1Fifo.sv Line: 75
# [42377] MISMATCH: expected=0xx actual=0x9a
# ** Error: Assertion error.
#    Time: 42377 ns  Scope: test_NtnuTfe4171Lab1Fifo.scoreBoardPopAndCheck File: ./tb/test_NtnuTfe4171Lab1Fifo.sv Line: 85
#     42377 |   1    0x09a  |   1   0x09a  |   0     0     0
#     42439 |   1    0x09a  |   0   0x09a  |   0     0     0
# [42501] ERROR: Read with empty scoreboard!
# ** Error: Assertion error.
#    Time: 42501 ns  Scope: test_NtnuTfe4171Lab1Fifo.scoreBoardPopAndCheck File: ./tb/test_NtnuTfe4171Lab1Fifo.sv Line: 75
# [42501] MISMATCH: expected=0xx actual=0x9a
# ** Error: Assertion error.
#    Time: 42501 ns  Scope: test_NtnuTfe4171Lab1Fifo.scoreBoardPopAndCheck File: ./tb/test_NtnuTfe4171Lab1Fifo.sv Line: 85
#     42501 |   1    0x09a  |   1   0x09a  |   0     0     0
#     42563 |   1    0x09a  |   0   0x09a  |   0     0     0
# [42625] ERROR: Read with empty scoreboard!
# ** Error: Assertion error.
#    Time: 42625 ns  Scope: test_NtnuTfe4171Lab1Fifo.scoreBoardPopAndCheck File: ./tb/test_NtnuTfe4171Lab1Fifo.sv Line: 75
# [42625] MISMATCH: expected=0xx actual=0x9a
# ** Error: Assertion error.
#    Time: 42625 ns  Scope: test_NtnuTfe4171Lab1Fifo.scoreBoardPopAndCheck File: ./tb/test_NtnuTfe4171Lab1Fifo.sv Line: 85
#     42625 |   1    0x09a  |   1   0x09a  |   0     0     0
#     42687 |   1    0x09a  |   0   0x09a  |   0     0     0
# [42749] ERROR: Read with empty scoreboard!
# ** Error: Assertion error.
#    Time: 42749 ns  Scope: test_NtnuTfe4171Lab1Fifo.scoreBoardPopAndCheck File: ./tb/test_NtnuTfe4171Lab1Fifo.sv Line: 75
# [42749] MISMATCH: expected=0xx actual=0x9a
# ** Error: Assertion error.
#    Time: 42749 ns  Scope: test_NtnuTfe4171Lab1Fifo.scoreBoardPopAndCheck File: ./tb/test_NtnuTfe4171Lab1Fifo.sv Line: 85
#     42749 |   1    0x09a  |   1   0x09a  |   0     0     0
#     42811 |   1    0x09a  |   0   0x09a  |   0     0     0
# [42873] ERROR: Read with empty scoreboard!
# ** Error: Assertion error.
#    Time: 42873 ns  Scope: test_NtnuTfe4171Lab1Fifo.scoreBoardPopAndCheck File: ./tb/test_NtnuTfe4171Lab1Fifo.sv Line: 75
# [42873] MISMATCH: expected=0xx actual=0x9a
# ** Error: Assertion error.
#    Time: 42873 ns  Scope: test_NtnuTfe4171Lab1Fifo.scoreBoardPopAndCheck File: ./tb/test_NtnuTfe4171Lab1Fifo.sv Line: 85
#     42873 |   1    0x09a  |   1   0x09a  |   0     0     0
#     42935 |   1    0x09a  |   0   0x09a  |   0     0     0
# [42997] ERROR: Read with empty scoreboard!
# ** Error: Assertion error.
#    Time: 42997 ns  Scope: test_NtnuTfe4171Lab1Fifo.scoreBoardPopAndCheck File: ./tb/test_NtnuTfe4171Lab1Fifo.sv Line: 75
# [42997] MISMATCH: expected=0xx actual=0x9a
# ** Error: Assertion error.
#    Time: 42997 ns  Scope: test_NtnuTfe4171Lab1Fifo.scoreBoardPopAndCheck File: ./tb/test_NtnuTfe4171Lab1Fifo.sv Line: 85
#     42997 |   1    0x09a  |   1   0x09a  |   0     0     0
#     43059 |   1    0x09a  |   0   0x09a  |   0     0     0
# [43121] ERROR: Read with empty scoreboard!
# ** Error: Assertion error.
#    Time: 43121 ns  Scope: test_NtnuTfe4171Lab1Fifo.scoreBoardPopAndCheck File: ./tb/test_NtnuTfe4171Lab1Fifo.sv Line: 75
# [43121] MISMATCH: expected=0xx actual=0x9a
# ** Error: Assertion error.
#    Time: 43121 ns  Scope: test_NtnuTfe4171Lab1Fifo.scoreBoardPopAndCheck File: ./tb/test_NtnuTfe4171Lab1Fifo.sv Line: 85
#     43121 |   1    0x09a  |   1   0x09a  |   0     0     0
#     43183 |   1    0x09a  |   0   0x09a  |   0     0     0
# [43245] ERROR: Read with empty scoreboard!
# ** Error: Assertion error.
#    Time: 43245 ns  Scope: test_NtnuTfe4171Lab1Fifo.scoreBoardPopAndCheck File: ./tb/test_NtnuTfe4171Lab1Fifo.sv Line: 75
# [43245] MISMATCH: expected=0xx actual=0x9a
# ** Error: Assertion error.
#    Time: 43245 ns  Scope: test_NtnuTfe4171Lab1Fifo.scoreBoardPopAndCheck File: ./tb/test_NtnuTfe4171Lab1Fifo.sv Line: 85
#     43245 |   1    0x09a  |   1   0x09a  |   0     0     0
#     43307 |   1    0x09a  |   0   0x09a  |   0     0     0
# [43369] ERROR: Read with empty scoreboard!
# ** Error: Assertion error.
#    Time: 43369 ns  Scope: test_NtnuTfe4171Lab1Fifo.scoreBoardPopAndCheck File: ./tb/test_NtnuTfe4171Lab1Fifo.sv Line: 75
# [43369] MISMATCH: expected=0xx actual=0x9a
# ** Error: Assertion error.
#    Time: 43369 ns  Scope: test_NtnuTfe4171Lab1Fifo.scoreBoardPopAndCheck File: ./tb/test_NtnuTfe4171Lab1Fifo.sv Line: 85
#     43369 |   1    0x09a  |   1   0x09a  |   0     0     0
#     43431 |   1    0x09a  |   0   0x09a  |   0     0     0
# [43493] ERROR: Read with empty scoreboard!
# ** Error: Assertion error.
#    Time: 43493 ns  Scope: test_NtnuTfe4171Lab1Fifo.scoreBoardPopAndCheck File: ./tb/test_NtnuTfe4171Lab1Fifo.sv Line: 75
# [43493] MISMATCH: expected=0xx actual=0x9a
# ** Error: Assertion error.
#    Time: 43493 ns  Scope: test_NtnuTfe4171Lab1Fifo.scoreBoardPopAndCheck File: ./tb/test_NtnuTfe4171Lab1Fifo.sv Line: 85
#     43493 |   1    0x09a  |   1   0x09a  |   0     0     0
#     43555 |   1    0x09a  |   0   0x09a  |   0     0     0
# [43617] ERROR: Read with empty scoreboard!
# ** Error: Assertion error.
#    Time: 43617 ns  Scope: test_NtnuTfe4171Lab1Fifo.scoreBoardPopAndCheck File: ./tb/test_NtnuTfe4171Lab1Fifo.sv Line: 75
# [43617] MISMATCH: expected=0xx actual=0x9a
# ** Error: Assertion error.
#    Time: 43617 ns  Scope: test_NtnuTfe4171Lab1Fifo.scoreBoardPopAndCheck File: ./tb/test_NtnuTfe4171Lab1Fifo.sv Line: 85
#     43617 |   1    0x09a  |   1   0x09a  |   0     0     0
#     43679 |   1    0x09a  |   0   0x09a  |   0     0     0
# [43741] ERROR: Read with empty scoreboard!
# ** Error: Assertion error.
#    Time: 43741 ns  Scope: test_NtnuTfe4171Lab1Fifo.scoreBoardPopAndCheck File: ./tb/test_NtnuTfe4171Lab1Fifo.sv Line: 75
# [43741] MISMATCH: expected=0xx actual=0x9a
# ** Error: Assertion error.
#    Time: 43741 ns  Scope: test_NtnuTfe4171Lab1Fifo.scoreBoardPopAndCheck File: ./tb/test_NtnuTfe4171Lab1Fifo.sv Line: 85
#     43741 |   1    0x09a  |   1   0x09a  |   0     0     0
#     43803 |   1    0x09a  |   0   0x09a  |   0     0     0
# [43865] ERROR: Read with empty scoreboard!
# ** Error: Assertion error.
#    Time: 43865 ns  Scope: test_NtnuTfe4171Lab1Fifo.scoreBoardPopAndCheck File: ./tb/test_NtnuTfe4171Lab1Fifo.sv Line: 75
# [43865] MISMATCH: expected=0xx actual=0x9a
# ** Error: Assertion error.
#    Time: 43865 ns  Scope: test_NtnuTfe4171Lab1Fifo.scoreBoardPopAndCheck File: ./tb/test_NtnuTfe4171Lab1Fifo.sv Line: 85
#     43865 |   1    0x09a  |   1   0x09a  |   0     0     0
#     43927 |   1    0x09a  |   0   0x09a  |   0     0     0
# [43989] ERROR: Read with empty scoreboard!
# ** Error: Assertion error.
#    Time: 43989 ns  Scope: test_NtnuTfe4171Lab1Fifo.scoreBoardPopAndCheck File: ./tb/test_NtnuTfe4171Lab1Fifo.sv Line: 75
# [43989] MISMATCH: expected=0xx actual=0x9a
# ** Error: Assertion error.
#    Time: 43989 ns  Scope: test_NtnuTfe4171Lab1Fifo.scoreBoardPopAndCheck File: ./tb/test_NtnuTfe4171Lab1Fifo.sv Line: 85
#     43989 |   1    0x09a  |   1   0x09a  |   0     0     0
#     44051 |   1    0x09a  |   0   0x09a  |   0     0     0
# [44113] ERROR: Read with empty scoreboard!
# ** Error: Assertion error.
#    Time: 44113 ns  Scope: test_NtnuTfe4171Lab1Fifo.scoreBoardPopAndCheck File: ./tb/test_NtnuTfe4171Lab1Fifo.sv Line: 75
# [44113] MISMATCH: expected=0xx actual=0x9a
# ** Error: Assertion error.
#    Time: 44113 ns  Scope: test_NtnuTfe4171Lab1Fifo.scoreBoardPopAndCheck File: ./tb/test_NtnuTfe4171Lab1Fifo.sv Line: 85
#     44113 |   1    0x09a  |   1   0x09a  |   0     0     0
#     44175 |   1    0x09a  |   0   0x09a  |   0     0     0
# [44237] ERROR: Read with empty scoreboard!
# ** Error: Assertion error.
#    Time: 44237 ns  Scope: test_NtnuTfe4171Lab1Fifo.scoreBoardPopAndCheck File: ./tb/test_NtnuTfe4171Lab1Fifo.sv Line: 75
# [44237] MISMATCH: expected=0xx actual=0x9a
# ** Error: Assertion error.
#    Time: 44237 ns  Scope: test_NtnuTfe4171Lab1Fifo.scoreBoardPopAndCheck File: ./tb/test_NtnuTfe4171Lab1Fifo.sv Line: 85
#     44237 |   1    0x09a  |   1   0x09a  |   0     0     0
#     44299 |   1    0x09a  |   0   0x09a  |   0     0     0
# [44361] ERROR: Read with empty scoreboard!
# ** Error: Assertion error.
#    Time: 44361 ns  Scope: test_NtnuTfe4171Lab1Fifo.scoreBoardPopAndCheck File: ./tb/test_NtnuTfe4171Lab1Fifo.sv Line: 75
# [44361] MISMATCH: expected=0xx actual=0x9a
# ** Error: Assertion error.
#    Time: 44361 ns  Scope: test_NtnuTfe4171Lab1Fifo.scoreBoardPopAndCheck File: ./tb/test_NtnuTfe4171Lab1Fifo.sv Line: 85
#     44361 |   1    0x09a  |   1   0x09a  |   0     0     0
#     44423 |   1    0x09a  |   0   0x09a  |   0     0     0
# [44485] ERROR: Read with empty scoreboard!
# ** Error: Assertion error.
#    Time: 44485 ns  Scope: test_NtnuTfe4171Lab1Fifo.scoreBoardPopAndCheck File: ./tb/test_NtnuTfe4171Lab1Fifo.sv Line: 75
# [44485] MISMATCH: expected=0xx actual=0x9a
# ** Error: Assertion error.
#    Time: 44485 ns  Scope: test_NtnuTfe4171Lab1Fifo.scoreBoardPopAndCheck File: ./tb/test_NtnuTfe4171Lab1Fifo.sv Line: 85
#     44485 |   1    0x09a  |   1   0x09a  |   0     0     0
#     44547 |   1    0x09a  |   0   0x09a  |   0     0     0
# [44609] ERROR: Read with empty scoreboard!
# ** Error: Assertion error.
#    Time: 44609 ns  Scope: test_NtnuTfe4171Lab1Fifo.scoreBoardPopAndCheck File: ./tb/test_NtnuTfe4171Lab1Fifo.sv Line: 75
# [44609] MISMATCH: expected=0xx actual=0x9a
# ** Error: Assertion error.
#    Time: 44609 ns  Scope: test_NtnuTfe4171Lab1Fifo.scoreBoardPopAndCheck File: ./tb/test_NtnuTfe4171Lab1Fifo.sv Line: 85
#     44609 |   1    0x09a  |   1   0x09a  |   0     0     0
#     44671 |   1    0x09a  |   0   0x09a  |   0     0     0
# [44733] ERROR: Read with empty scoreboard!
# ** Error: Assertion error.
#    Time: 44733 ns  Scope: test_NtnuTfe4171Lab1Fifo.scoreBoardPopAndCheck File: ./tb/test_NtnuTfe4171Lab1Fifo.sv Line: 75
# [44733] MISMATCH: expected=0xx actual=0x9a
# ** Error: Assertion error.
#    Time: 44733 ns  Scope: test_NtnuTfe4171Lab1Fifo.scoreBoardPopAndCheck File: ./tb/test_NtnuTfe4171Lab1Fifo.sv Line: 85
#     44733 |   1    0x09a  |   1   0x09a  |   0     0     0
#     44795 |   1    0x09a  |   0   0x09a  |   0     0     0
# [44857] ERROR: Read with empty scoreboard!
# ** Error: Assertion error.
#    Time: 44857 ns  Scope: test_NtnuTfe4171Lab1Fifo.scoreBoardPopAndCheck File: ./tb/test_NtnuTfe4171Lab1Fifo.sv Line: 75
# [44857] MISMATCH: expected=0xx actual=0x9a
# ** Error: Assertion error.
#    Time: 44857 ns  Scope: test_NtnuTfe4171Lab1Fifo.scoreBoardPopAndCheck File: ./tb/test_NtnuTfe4171Lab1Fifo.sv Line: 85
#     44857 |   1    0x09a  |   1   0x09a  |   0     0     0
#     44919 |   1    0x09a  |   0   0x09a  |   0     0     0
# [44981] ERROR: Read with empty scoreboard!
# ** Error: Assertion error.
#    Time: 44981 ns  Scope: test_NtnuTfe4171Lab1Fifo.scoreBoardPopAndCheck File: ./tb/test_NtnuTfe4171Lab1Fifo.sv Line: 75
# [44981] MISMATCH: expected=0xx actual=0x9a
# ** Error: Assertion error.
#    Time: 44981 ns  Scope: test_NtnuTfe4171Lab1Fifo.scoreBoardPopAndCheck File: ./tb/test_NtnuTfe4171Lab1Fifo.sv Line: 85
#     44981 |   1    0x09a  |   1   0x09a  |   0     0     0
#     45043 |   1    0x09a  |   0   0x09a  |   0     0     0
#     45105 |   1    0x09a  |   1   0x09a  |   0     1     0
#     45167 |   1    0x09a  |   0   0x09a  |   0     0     0
# [45229] ERROR: Read with empty scoreboard!
# ** Error: Assertion error.
#    Time: 45229 ns  Scope: test_NtnuTfe4171Lab1Fifo.scoreBoardPopAndCheck File: ./tb/test_NtnuTfe4171Lab1Fifo.sv Line: 75
# [45229] MISMATCH: expected=0xx actual=0x9a
# ** Error: Assertion error.
#    Time: 45229 ns  Scope: test_NtnuTfe4171Lab1Fifo.scoreBoardPopAndCheck File: ./tb/test_NtnuTfe4171Lab1Fifo.sv Line: 85
#     45229 |   1    0x09a  |   1   0x09a  |   0     0     0
#     45291 |   1    0x09a  |   0   0x09a  |   0     0     0
# [45353] ERROR: Read with empty scoreboard!
# ** Error: Assertion error.
#    Time: 45353 ns  Scope: test_NtnuTfe4171Lab1Fifo.scoreBoardPopAndCheck File: ./tb/test_NtnuTfe4171Lab1Fifo.sv Line: 75
# [45353] MISMATCH: expected=0xx actual=0x9a
# ** Error: Assertion error.
#    Time: 45353 ns  Scope: test_NtnuTfe4171Lab1Fifo.scoreBoardPopAndCheck File: ./tb/test_NtnuTfe4171Lab1Fifo.sv Line: 85
#     45353 |   1    0x09a  |   1   0x09a  |   0     0     0
#     45415 |   1    0x09a  |   0   0x09a  |   0     0     0
# [45477] ERROR: Read with empty scoreboard!
# ** Error: Assertion error.
#    Time: 45477 ns  Scope: test_NtnuTfe4171Lab1Fifo.scoreBoardPopAndCheck File: ./tb/test_NtnuTfe4171Lab1Fifo.sv Line: 75
# [45477] MISMATCH: expected=0xx actual=0x9a
# ** Error: Assertion error.
#    Time: 45477 ns  Scope: test_NtnuTfe4171Lab1Fifo.scoreBoardPopAndCheck File: ./tb/test_NtnuTfe4171Lab1Fifo.sv Line: 85
#     45477 |   1    0x09a  |   1   0x09a  |   0     0     0
#     45539 |   1    0x09a  |   0   0x09a  |   0     0     0
# [45601] ERROR: Read with empty scoreboard!
# ** Error: Assertion error.
#    Time: 45601 ns  Scope: test_NtnuTfe4171Lab1Fifo.scoreBoardPopAndCheck File: ./tb/test_NtnuTfe4171Lab1Fifo.sv Line: 75
# [45601] MISMATCH: expected=0xx actual=0x9a
# ** Error: Assertion error.
#    Time: 45601 ns  Scope: test_NtnuTfe4171Lab1Fifo.scoreBoardPopAndCheck File: ./tb/test_NtnuTfe4171Lab1Fifo.sv Line: 85
#     45601 |   1    0x09a  |   1   0x09a  |   0     0     0
#     45663 |   1    0x09a  |   0   0x09a  |   0     0     0
# [45725] ERROR: Read with empty scoreboard!
# ** Error: Assertion error.
#    Time: 45725 ns  Scope: test_NtnuTfe4171Lab1Fifo.scoreBoardPopAndCheck File: ./tb/test_NtnuTfe4171Lab1Fifo.sv Line: 75
# [45725] MISMATCH: expected=0xx actual=0x9a
# ** Error: Assertion error.
#    Time: 45725 ns  Scope: test_NtnuTfe4171Lab1Fifo.scoreBoardPopAndCheck File: ./tb/test_NtnuTfe4171Lab1Fifo.sv Line: 85
#     45725 |   1    0x09a  |   1   0x09a  |   0     0     0
#     45787 |   1    0x09a  |   0   0x09a  |   0     0     0
# [45849] ERROR: Read with empty scoreboard!
# ** Error: Assertion error.
#    Time: 45849 ns  Scope: test_NtnuTfe4171Lab1Fifo.scoreBoardPopAndCheck File: ./tb/test_NtnuTfe4171Lab1Fifo.sv Line: 75
# [45849] MISMATCH: expected=0xx actual=0x9a
# ** Error: Assertion error.
#    Time: 45849 ns  Scope: test_NtnuTfe4171Lab1Fifo.scoreBoardPopAndCheck File: ./tb/test_NtnuTfe4171Lab1Fifo.sv Line: 85
#     45849 |   1    0x09a  |   1   0x09a  |   0     0     0
#     45911 |   1    0x09a  |   0   0x09a  |   0     0     0
# [45973] ERROR: Read with empty scoreboard!
# ** Error: Assertion error.
#    Time: 45973 ns  Scope: test_NtnuTfe4171Lab1Fifo.scoreBoardPopAndCheck File: ./tb/test_NtnuTfe4171Lab1Fifo.sv Line: 75
# [45973] MISMATCH: expected=0xx actual=0x9a
# ** Error: Assertion error.
#    Time: 45973 ns  Scope: test_NtnuTfe4171Lab1Fifo.scoreBoardPopAndCheck File: ./tb/test_NtnuTfe4171Lab1Fifo.sv Line: 85
#     45973 |   1    0x09a  |   1   0x09a  |   0     0     0
#     46035 |   1    0x09a  |   0   0x09a  |   0     0     0
# [46097] ERROR: Read with empty scoreboard!
# ** Error: Assertion error.
#    Time: 46097 ns  Scope: test_NtnuTfe4171Lab1Fifo.scoreBoardPopAndCheck File: ./tb/test_NtnuTfe4171Lab1Fifo.sv Line: 75
# [46097] MISMATCH: expected=0xx actual=0x9a
# ** Error: Assertion error.
#    Time: 46097 ns  Scope: test_NtnuTfe4171Lab1Fifo.scoreBoardPopAndCheck File: ./tb/test_NtnuTfe4171Lab1Fifo.sv Line: 85
#     46097 |   1    0x09a  |   1   0x09a  |   0     0     0
#     46159 |   1    0x09a  |   0   0x09a  |   0     0     0
# [46221] ERROR: Read with empty scoreboard!
# ** Error: Assertion error.
#    Time: 46221 ns  Scope: test_NtnuTfe4171Lab1Fifo.scoreBoardPopAndCheck File: ./tb/test_NtnuTfe4171Lab1Fifo.sv Line: 75
# [46221] MISMATCH: expected=0xx actual=0x9a
# ** Error: Assertion error.
#    Time: 46221 ns  Scope: test_NtnuTfe4171Lab1Fifo.scoreBoardPopAndCheck File: ./tb/test_NtnuTfe4171Lab1Fifo.sv Line: 85
#     46221 |   1    0x09a  |   1   0x09a  |   0     0     0
#     46283 |   1    0x09a  |   0   0x09a  |   0     0     0
# [46345] ERROR: Read with empty scoreboard!
# ** Error: Assertion error.
#    Time: 46345 ns  Scope: test_NtnuTfe4171Lab1Fifo.scoreBoardPopAndCheck File: ./tb/test_NtnuTfe4171Lab1Fifo.sv Line: 75
# [46345] MISMATCH: expected=0xx actual=0x9a
# ** Error: Assertion error.
#    Time: 46345 ns  Scope: test_NtnuTfe4171Lab1Fifo.scoreBoardPopAndCheck File: ./tb/test_NtnuTfe4171Lab1Fifo.sv Line: 85
#     46345 |   1    0x09a  |   1   0x09a  |   0     0     0
#     46407 |   1    0x09a  |   0   0x09a  |   0     0     0
# [46469] ERROR: Read with empty scoreboard!
# ** Error: Assertion error.
#    Time: 46469 ns  Scope: test_NtnuTfe4171Lab1Fifo.scoreBoardPopAndCheck File: ./tb/test_NtnuTfe4171Lab1Fifo.sv Line: 75
# [46469] MISMATCH: expected=0xx actual=0x9a
# ** Error: Assertion error.
#    Time: 46469 ns  Scope: test_NtnuTfe4171Lab1Fifo.scoreBoardPopAndCheck File: ./tb/test_NtnuTfe4171Lab1Fifo.sv Line: 85
#     46469 |   1    0x09a  |   1   0x09a  |   0     0     0
#     46531 |   1    0x09a  |   0   0x09a  |   0     0     0
# [46593] ERROR: Read with empty scoreboard!
# ** Error: Assertion error.
#    Time: 46593 ns  Scope: test_NtnuTfe4171Lab1Fifo.scoreBoardPopAndCheck File: ./tb/test_NtnuTfe4171Lab1Fifo.sv Line: 75
# [46593] MISMATCH: expected=0xx actual=0x9a
# ** Error: Assertion error.
#    Time: 46593 ns  Scope: test_NtnuTfe4171Lab1Fifo.scoreBoardPopAndCheck File: ./tb/test_NtnuTfe4171Lab1Fifo.sv Line: 85
#     46593 |   1    0x09a  |   1   0x09a  |   0     0     0
#     46655 |   1    0x09a  |   0   0x09a  |   0     0     0
# [46717] ERROR: Read with empty scoreboard!
# ** Error: Assertion error.
#    Time: 46717 ns  Scope: test_NtnuTfe4171Lab1Fifo.scoreBoardPopAndCheck File: ./tb/test_NtnuTfe4171Lab1Fifo.sv Line: 75
# [46717] MISMATCH: expected=0xx actual=0x9a
# ** Error: Assertion error.
#    Time: 46717 ns  Scope: test_NtnuTfe4171Lab1Fifo.scoreBoardPopAndCheck File: ./tb/test_NtnuTfe4171Lab1Fifo.sv Line: 85
#     46717 |   1    0x09a  |   1   0x09a  |   0     0     0
#     46779 |   1    0x09a  |   0   0x09a  |   0     0     0
# [46841] ERROR: Read with empty scoreboard!
# ** Error: Assertion error.
#    Time: 46841 ns  Scope: test_NtnuTfe4171Lab1Fifo.scoreBoardPopAndCheck File: ./tb/test_NtnuTfe4171Lab1Fifo.sv Line: 75
# [46841] MISMATCH: expected=0xx actual=0x9a
# ** Error: Assertion error.
#    Time: 46841 ns  Scope: test_NtnuTfe4171Lab1Fifo.scoreBoardPopAndCheck File: ./tb/test_NtnuTfe4171Lab1Fifo.sv Line: 85
#     46841 |   1    0x09a  |   1   0x09a  |   0     0     0
#     46903 |   1    0x09a  |   0   0x09a  |   0     0     0
# [46965] ERROR: Read with empty scoreboard!
# ** Error: Assertion error.
#    Time: 46965 ns  Scope: test_NtnuTfe4171Lab1Fifo.scoreBoardPopAndCheck File: ./tb/test_NtnuTfe4171Lab1Fifo.sv Line: 75
# [46965] MISMATCH: expected=0xx actual=0x9a
# ** Error: Assertion error.
#    Time: 46965 ns  Scope: test_NtnuTfe4171Lab1Fifo.scoreBoardPopAndCheck File: ./tb/test_NtnuTfe4171Lab1Fifo.sv Line: 85
#     46965 |   1    0x09a  |   1   0x09a  |   0     0     0
#     47027 |   1    0x09a  |   0   0x09a  |   0     0     0
# [47089] ERROR: Read with empty scoreboard!
# ** Error: Assertion error.
#    Time: 47089 ns  Scope: test_NtnuTfe4171Lab1Fifo.scoreBoardPopAndCheck File: ./tb/test_NtnuTfe4171Lab1Fifo.sv Line: 75
# [47089] MISMATCH: expected=0xx actual=0x9a
# ** Error: Assertion error.
#    Time: 47089 ns  Scope: test_NtnuTfe4171Lab1Fifo.scoreBoardPopAndCheck File: ./tb/test_NtnuTfe4171Lab1Fifo.sv Line: 85
#     47089 |   1    0x09a  |   1   0x09a  |   0     0     0
#     47151 |   1    0x09a  |   0   0x09a  |   0     0     0
# [47213] ERROR: Read with empty scoreboard!
# ** Error: Assertion error.
#    Time: 47213 ns  Scope: test_NtnuTfe4171Lab1Fifo.scoreBoardPopAndCheck File: ./tb/test_NtnuTfe4171Lab1Fifo.sv Line: 75
# [47213] MISMATCH: expected=0xx actual=0x9a
# ** Error: Assertion error.
#    Time: 47213 ns  Scope: test_NtnuTfe4171Lab1Fifo.scoreBoardPopAndCheck File: ./tb/test_NtnuTfe4171Lab1Fifo.sv Line: 85
#     47213 |   1    0x09a  |   1   0x09a  |   0     0     0
#     47275 |   1    0x09a  |   0   0x09a  |   0     0     0
# [47337] ERROR: Read with empty scoreboard!
# ** Error: Assertion error.
#    Time: 47337 ns  Scope: test_NtnuTfe4171Lab1Fifo.scoreBoardPopAndCheck File: ./tb/test_NtnuTfe4171Lab1Fifo.sv Line: 75
# [47337] MISMATCH: expected=0xx actual=0x9a
# ** Error: Assertion error.
#    Time: 47337 ns  Scope: test_NtnuTfe4171Lab1Fifo.scoreBoardPopAndCheck File: ./tb/test_NtnuTfe4171Lab1Fifo.sv Line: 85
#     47337 |   1    0x09a  |   1   0x09a  |   0     0     0
#     47399 |   1    0x09a  |   0   0x09a  |   0     0     0
# [47461] ERROR: Read with empty scoreboard!
# ** Error: Assertion error.
#    Time: 47461 ns  Scope: test_NtnuTfe4171Lab1Fifo.scoreBoardPopAndCheck File: ./tb/test_NtnuTfe4171Lab1Fifo.sv Line: 75
# [47461] MISMATCH: expected=0xx actual=0x9a
# ** Error: Assertion error.
#    Time: 47461 ns  Scope: test_NtnuTfe4171Lab1Fifo.scoreBoardPopAndCheck File: ./tb/test_NtnuTfe4171Lab1Fifo.sv Line: 85
#     47461 |   1    0x09a  |   1   0x09a  |   0     0     0
#     47523 |   1    0x09a  |   0   0x09a  |   0     0     0
# [47585] ERROR: Read with empty scoreboard!
# ** Error: Assertion error.
#    Time: 47585 ns  Scope: test_NtnuTfe4171Lab1Fifo.scoreBoardPopAndCheck File: ./tb/test_NtnuTfe4171Lab1Fifo.sv Line: 75
# [47585] MISMATCH: expected=0xx actual=0x9a
# ** Error: Assertion error.
#    Time: 47585 ns  Scope: test_NtnuTfe4171Lab1Fifo.scoreBoardPopAndCheck File: ./tb/test_NtnuTfe4171Lab1Fifo.sv Line: 85
#     47585 |   1    0x09a  |   1   0x09a  |   0     0     0
#     47647 |   1    0x09a  |   0   0x09a  |   0     0     0
# [47709] ERROR: Read with empty scoreboard!
# ** Error: Assertion error.
#    Time: 47709 ns  Scope: test_NtnuTfe4171Lab1Fifo.scoreBoardPopAndCheck File: ./tb/test_NtnuTfe4171Lab1Fifo.sv Line: 75
# [47709] MISMATCH: expected=0xx actual=0x9a
# ** Error: Assertion error.
#    Time: 47709 ns  Scope: test_NtnuTfe4171Lab1Fifo.scoreBoardPopAndCheck File: ./tb/test_NtnuTfe4171Lab1Fifo.sv Line: 85
#     47709 |   1    0x09a  |   1   0x09a  |   0     0     0
#     47771 |   1    0x09a  |   0   0x09a  |   0     0     0
# [47833] ERROR: Read with empty scoreboard!
# ** Error: Assertion error.
#    Time: 47833 ns  Scope: test_NtnuTfe4171Lab1Fifo.scoreBoardPopAndCheck File: ./tb/test_NtnuTfe4171Lab1Fifo.sv Line: 75
# [47833] MISMATCH: expected=0xx actual=0x9a
# ** Error: Assertion error.
#    Time: 47833 ns  Scope: test_NtnuTfe4171Lab1Fifo.scoreBoardPopAndCheck File: ./tb/test_NtnuTfe4171Lab1Fifo.sv Line: 85
#     47833 |   1    0x09a  |   1   0x09a  |   0     0     0
#     47895 |   1    0x09a  |   0   0x09a  |   0     0     0
# [47957] ERROR: Read with empty scoreboard!
# ** Error: Assertion error.
#    Time: 47957 ns  Scope: test_NtnuTfe4171Lab1Fifo.scoreBoardPopAndCheck File: ./tb/test_NtnuTfe4171Lab1Fifo.sv Line: 75
# [47957] MISMATCH: expected=0xx actual=0x9a
# ** Error: Assertion error.
#    Time: 47957 ns  Scope: test_NtnuTfe4171Lab1Fifo.scoreBoardPopAndCheck File: ./tb/test_NtnuTfe4171Lab1Fifo.sv Line: 85
#     47957 |   1    0x09a  |   1   0x09a  |   0     0     0
#     48019 |   1    0x09a  |   0   0x09a  |   0     0     0
# [48081] ERROR: Read with empty scoreboard!
# ** Error: Assertion error.
#    Time: 48081 ns  Scope: test_NtnuTfe4171Lab1Fifo.scoreBoardPopAndCheck File: ./tb/test_NtnuTfe4171Lab1Fifo.sv Line: 75
# [48081] MISMATCH: expected=0xx actual=0x9a
# ** Error: Assertion error.
#    Time: 48081 ns  Scope: test_NtnuTfe4171Lab1Fifo.scoreBoardPopAndCheck File: ./tb/test_NtnuTfe4171Lab1Fifo.sv Line: 85
#     48081 |   1    0x09a  |   1   0x09a  |   0     0     0
#     48143 |   1    0x09a  |   0   0x09a  |   0     0     0
# [48205] ERROR: Read with empty scoreboard!
# ** Error: Assertion error.
#    Time: 48205 ns  Scope: test_NtnuTfe4171Lab1Fifo.scoreBoardPopAndCheck File: ./tb/test_NtnuTfe4171Lab1Fifo.sv Line: 75
# [48205] MISMATCH: expected=0xx actual=0x9a
# ** Error: Assertion error.
#    Time: 48205 ns  Scope: test_NtnuTfe4171Lab1Fifo.scoreBoardPopAndCheck File: ./tb/test_NtnuTfe4171Lab1Fifo.sv Line: 85
#     48205 |   1    0x09a  |   1   0x09a  |   0     0     0
#     48267 |   1    0x09a  |   0   0x09a  |   0     0     0
# [48329] ERROR: Read with empty scoreboard!
# ** Error: Assertion error.
#    Time: 48329 ns  Scope: test_NtnuTfe4171Lab1Fifo.scoreBoardPopAndCheck File: ./tb/test_NtnuTfe4171Lab1Fifo.sv Line: 75
# [48329] MISMATCH: expected=0xx actual=0x9a
# ** Error: Assertion error.
#    Time: 48329 ns  Scope: test_NtnuTfe4171Lab1Fifo.scoreBoardPopAndCheck File: ./tb/test_NtnuTfe4171Lab1Fifo.sv Line: 85
#     48329 |   1    0x09a  |   1   0x09a  |   0     0     0
#     48391 |   1    0x09a  |   0   0x09a  |   0     0     0
# [48453] ERROR: Read with empty scoreboard!
# ** Error: Assertion error.
#    Time: 48453 ns  Scope: test_NtnuTfe4171Lab1Fifo.scoreBoardPopAndCheck File: ./tb/test_NtnuTfe4171Lab1Fifo.sv Line: 75
# [48453] MISMATCH: expected=0xx actual=0x9a
# ** Error: Assertion error.
#    Time: 48453 ns  Scope: test_NtnuTfe4171Lab1Fifo.scoreBoardPopAndCheck File: ./tb/test_NtnuTfe4171Lab1Fifo.sv Line: 85
#     48453 |   1    0x09a  |   1   0x09a  |   0     0     0
#     48515 |   1    0x09a  |   0   0x09a  |   0     0     0
# [48577] ERROR: Read with empty scoreboard!
# ** Error: Assertion error.
#    Time: 48577 ns  Scope: test_NtnuTfe4171Lab1Fifo.scoreBoardPopAndCheck File: ./tb/test_NtnuTfe4171Lab1Fifo.sv Line: 75
# [48577] MISMATCH: expected=0xx actual=0x9a
# ** Error: Assertion error.
#    Time: 48577 ns  Scope: test_NtnuTfe4171Lab1Fifo.scoreBoardPopAndCheck File: ./tb/test_NtnuTfe4171Lab1Fifo.sv Line: 85
#     48577 |   1    0x09a  |   1   0x09a  |   0     0     0
#     48639 |   1    0x09a  |   0   0x09a  |   0     0     0
# [48701] ERROR: Read with empty scoreboard!
# ** Error: Assertion error.
#    Time: 48701 ns  Scope: test_NtnuTfe4171Lab1Fifo.scoreBoardPopAndCheck File: ./tb/test_NtnuTfe4171Lab1Fifo.sv Line: 75
# [48701] MISMATCH: expected=0xx actual=0x9a
# ** Error: Assertion error.
#    Time: 48701 ns  Scope: test_NtnuTfe4171Lab1Fifo.scoreBoardPopAndCheck File: ./tb/test_NtnuTfe4171Lab1Fifo.sv Line: 85
#     48701 |   1    0x09a  |   1   0x09a  |   0     0     0
#     48763 |   1    0x09a  |   0   0x09a  |   0     0     0
# [48825] ERROR: Read with empty scoreboard!
# ** Error: Assertion error.
#    Time: 48825 ns  Scope: test_NtnuTfe4171Lab1Fifo.scoreBoardPopAndCheck File: ./tb/test_NtnuTfe4171Lab1Fifo.sv Line: 75
# [48825] MISMATCH: expected=0xx actual=0x9a
# ** Error: Assertion error.
#    Time: 48825 ns  Scope: test_NtnuTfe4171Lab1Fifo.scoreBoardPopAndCheck File: ./tb/test_NtnuTfe4171Lab1Fifo.sv Line: 85
#     48825 |   1    0x09a  |   1   0x09a  |   0     0     0
#     48887 |   1    0x09a  |   0   0x09a  |   0     0     0
# [48949] ERROR: Read with empty scoreboard!
# ** Error: Assertion error.
#    Time: 48949 ns  Scope: test_NtnuTfe4171Lab1Fifo.scoreBoardPopAndCheck File: ./tb/test_NtnuTfe4171Lab1Fifo.sv Line: 75
# [48949] MISMATCH: expected=0xx actual=0x9a
# ** Error: Assertion error.
#    Time: 48949 ns  Scope: test_NtnuTfe4171Lab1Fifo.scoreBoardPopAndCheck File: ./tb/test_NtnuTfe4171Lab1Fifo.sv Line: 85
#     48949 |   1    0x09a  |   1   0x09a  |   1     0     0
#     49011 |   1    0x09a  |   0   0x09a  |   0     0     0
# [49073] ERROR: Read with empty scoreboard!
# ** Error: Assertion error.
#    Time: 49073 ns  Scope: test_NtnuTfe4171Lab1Fifo.scoreBoardPopAndCheck File: ./tb/test_NtnuTfe4171Lab1Fifo.sv Line: 75
# [49073] MISMATCH: expected=0xx actual=0x9a
# ** Error: Assertion error.
#    Time: 49073 ns  Scope: test_NtnuTfe4171Lab1Fifo.scoreBoardPopAndCheck File: ./tb/test_NtnuTfe4171Lab1Fifo.sv Line: 85
#     49073 |   1    0x09a  |   1   0x09a  |   1     0     0
#     49135 |   1    0x09a  |   0   0x09a  |   0     0     0
# [49197] ERROR: Read with empty scoreboard!
# ** Error: Assertion error.
#    Time: 49197 ns  Scope: test_NtnuTfe4171Lab1Fifo.scoreBoardPopAndCheck File: ./tb/test_NtnuTfe4171Lab1Fifo.sv Line: 75
# [49197] MISMATCH: expected=0xx actual=0x9a
# ** Error: Assertion error.
#    Time: 49197 ns  Scope: test_NtnuTfe4171Lab1Fifo.scoreBoardPopAndCheck File: ./tb/test_NtnuTfe4171Lab1Fifo.sv Line: 85
#     49197 |   1    0x09a  |   1   0x09a  |   0     0     0
#     49259 |   1    0x09a  |   0   0x09a  |   0     0     0
# [49321] ERROR: Read with empty scoreboard!
# ** Error: Assertion error.
#    Time: 49321 ns  Scope: test_NtnuTfe4171Lab1Fifo.scoreBoardPopAndCheck File: ./tb/test_NtnuTfe4171Lab1Fifo.sv Line: 75
# [49321] MISMATCH: expected=0xx actual=0x9a
# ** Error: Assertion error.
#    Time: 49321 ns  Scope: test_NtnuTfe4171Lab1Fifo.scoreBoardPopAndCheck File: ./tb/test_NtnuTfe4171Lab1Fifo.sv Line: 85
#     49321 |   1    0x09a  |   1   0x09a  |   0     0     0
#     49383 |   1    0x09a  |   0   0x09a  |   0     0     0
# [49445] ERROR: Read with empty scoreboard!
# ** Error: Assertion error.
#    Time: 49445 ns  Scope: test_NtnuTfe4171Lab1Fifo.scoreBoardPopAndCheck File: ./tb/test_NtnuTfe4171Lab1Fifo.sv Line: 75
# [49445] MISMATCH: expected=0xx actual=0x9a
# ** Error: Assertion error.
#    Time: 49445 ns  Scope: test_NtnuTfe4171Lab1Fifo.scoreBoardPopAndCheck File: ./tb/test_NtnuTfe4171Lab1Fifo.sv Line: 85
#     49445 |   1    0x09a  |   1   0x09a  |   0     0     0
#     49507 |   1    0x09a  |   0   0x09a  |   0     0     0
# [49569] ERROR: Read with empty scoreboard!
# ** Error: Assertion error.
#    Time: 49569 ns  Scope: test_NtnuTfe4171Lab1Fifo.scoreBoardPopAndCheck File: ./tb/test_NtnuTfe4171Lab1Fifo.sv Line: 75
# [49569] MISMATCH: expected=0xx actual=0x9a
# ** Error: Assertion error.
#    Time: 49569 ns  Scope: test_NtnuTfe4171Lab1Fifo.scoreBoardPopAndCheck File: ./tb/test_NtnuTfe4171Lab1Fifo.sv Line: 85
#     49569 |   1    0x09a  |   1   0x09a  |   0     0     0
#     49631 |   1    0x09a  |   0   0x09a  |   0     0     0
# [49693] ERROR: Read with empty scoreboard!
# ** Error: Assertion error.
#    Time: 49693 ns  Scope: test_NtnuTfe4171Lab1Fifo.scoreBoardPopAndCheck File: ./tb/test_NtnuTfe4171Lab1Fifo.sv Line: 75
# [49693] MISMATCH: expected=0xx actual=0x9a
# ** Error: Assertion error.
#    Time: 49693 ns  Scope: test_NtnuTfe4171Lab1Fifo.scoreBoardPopAndCheck File: ./tb/test_NtnuTfe4171Lab1Fifo.sv Line: 85
#     49693 |   1    0x09a  |   1   0x09a  |   0     0     0
#     49755 |   1    0x09a  |   0   0x09a  |   0     0     0
# [49817] ERROR: Read with empty scoreboard!
# ** Error: Assertion error.
#    Time: 49817 ns  Scope: test_NtnuTfe4171Lab1Fifo.scoreBoardPopAndCheck File: ./tb/test_NtnuTfe4171Lab1Fifo.sv Line: 75
# [49817] MISMATCH: expected=0xx actual=0x9a
# ** Error: Assertion error.
#    Time: 49817 ns  Scope: test_NtnuTfe4171Lab1Fifo.scoreBoardPopAndCheck File: ./tb/test_NtnuTfe4171Lab1Fifo.sv Line: 85
#     49817 |   1    0x09a  |   1   0x09a  |   0     0     0
#     49879 |   1    0x09a  |   0   0x09a  |   0     0     0
# [49941] ERROR: Read with empty scoreboard!
# ** Error: Assertion error.
#    Time: 49941 ns  Scope: test_NtnuTfe4171Lab1Fifo.scoreBoardPopAndCheck File: ./tb/test_NtnuTfe4171Lab1Fifo.sv Line: 75
# [49941] MISMATCH: expected=0xx actual=0x9a
# ** Error: Assertion error.
#    Time: 49941 ns  Scope: test_NtnuTfe4171Lab1Fifo.scoreBoardPopAndCheck File: ./tb/test_NtnuTfe4171Lab1Fifo.sv Line: 85
#     49941 |   1    0x09a  |   1   0x09a  |   0     0     0
#     50003 |   1    0x09a  |   0   0x09a  |   0     0     0
# [50065] ERROR: Read with empty scoreboard!
# ** Error: Assertion error.
#    Time: 50065 ns  Scope: test_NtnuTfe4171Lab1Fifo.scoreBoardPopAndCheck File: ./tb/test_NtnuTfe4171Lab1Fifo.sv Line: 75
# [50065] MISMATCH: expected=0xx actual=0x9a
# ** Error: Assertion error.
#    Time: 50065 ns  Scope: test_NtnuTfe4171Lab1Fifo.scoreBoardPopAndCheck File: ./tb/test_NtnuTfe4171Lab1Fifo.sv Line: 85
#     50065 |   1    0x09a  |   1   0x09a  |   0     0     0
#     50127 |   1    0x09a  |   0   0x09a  |   0     0     0
# [50189] ERROR: Read with empty scoreboard!
# ** Error: Assertion error.
#    Time: 50189 ns  Scope: test_NtnuTfe4171Lab1Fifo.scoreBoardPopAndCheck File: ./tb/test_NtnuTfe4171Lab1Fifo.sv Line: 75
# [50189] MISMATCH: expected=0xx actual=0x9a
# ** Error: Assertion error.
#    Time: 50189 ns  Scope: test_NtnuTfe4171Lab1Fifo.scoreBoardPopAndCheck File: ./tb/test_NtnuTfe4171Lab1Fifo.sv Line: 85
#     50189 |   1    0x09a  |   1   0x09a  |   0     0     0
#     50251 |   1    0x09a  |   0   0x09a  |   0     0     0
# [50313] ERROR: Read with empty scoreboard!
# ** Error: Assertion error.
#    Time: 50313 ns  Scope: test_NtnuTfe4171Lab1Fifo.scoreBoardPopAndCheck File: ./tb/test_NtnuTfe4171Lab1Fifo.sv Line: 75
# [50313] MISMATCH: expected=0xx actual=0x9a
# ** Error: Assertion error.
#    Time: 50313 ns  Scope: test_NtnuTfe4171Lab1Fifo.scoreBoardPopAndCheck File: ./tb/test_NtnuTfe4171Lab1Fifo.sv Line: 85
#     50313 |   1    0x09a  |   1   0x09a  |   0     0     0
#     50375 |   1    0x09a  |   0   0x09a  |   0     0     0
# [50437] ERROR: Read with empty scoreboard!
# ** Error: Assertion error.
#    Time: 50437 ns  Scope: test_NtnuTfe4171Lab1Fifo.scoreBoardPopAndCheck File: ./tb/test_NtnuTfe4171Lab1Fifo.sv Line: 75
# [50437] MISMATCH: expected=0xx actual=0x9a
# ** Error: Assertion error.
#    Time: 50437 ns  Scope: test_NtnuTfe4171Lab1Fifo.scoreBoardPopAndCheck File: ./tb/test_NtnuTfe4171Lab1Fifo.sv Line: 85
#     50437 |   1    0x09a  |   1   0x09a  |   0     0     0
#     50499 |   1    0x09a  |   0   0x09a  |   0     0     0
# [50561] ERROR: Read with empty scoreboard!
# ** Error: Assertion error.
#    Time: 50561 ns  Scope: test_NtnuTfe4171Lab1Fifo.scoreBoardPopAndCheck File: ./tb/test_NtnuTfe4171Lab1Fifo.sv Line: 75
# [50561] MISMATCH: expected=0xx actual=0x9a
# ** Error: Assertion error.
#    Time: 50561 ns  Scope: test_NtnuTfe4171Lab1Fifo.scoreBoardPopAndCheck File: ./tb/test_NtnuTfe4171Lab1Fifo.sv Line: 85
#     50561 |   1    0x09a  |   1   0x09a  |   0     0     0
#     50623 |   1    0x09a  |   0   0x09a  |   0     0     0
# [50685] ERROR: Read with empty scoreboard!
# ** Error: Assertion error.
#    Time: 50685 ns  Scope: test_NtnuTfe4171Lab1Fifo.scoreBoardPopAndCheck File: ./tb/test_NtnuTfe4171Lab1Fifo.sv Line: 75
# [50685] MISMATCH: expected=0xx actual=0x9a
# ** Error: Assertion error.
#    Time: 50685 ns  Scope: test_NtnuTfe4171Lab1Fifo.scoreBoardPopAndCheck File: ./tb/test_NtnuTfe4171Lab1Fifo.sv Line: 85
#     50685 |   1    0x09a  |   1   0x09a  |   0     0     0
#     50747 |   1    0x09a  |   0   0x09a  |   0     0     0
# [50809] ERROR: Read with empty scoreboard!
# ** Error: Assertion error.
#    Time: 50809 ns  Scope: test_NtnuTfe4171Lab1Fifo.scoreBoardPopAndCheck File: ./tb/test_NtnuTfe4171Lab1Fifo.sv Line: 75
# [50809] MISMATCH: expected=0xx actual=0x9a
# ** Error: Assertion error.
#    Time: 50809 ns  Scope: test_NtnuTfe4171Lab1Fifo.scoreBoardPopAndCheck File: ./tb/test_NtnuTfe4171Lab1Fifo.sv Line: 85
#     50809 |   1    0x09a  |   1   0x09a  |   0     0     0
#     50871 |   1    0x09a  |   0   0x09a  |   0     0     0
# [50933] ERROR: Read with empty scoreboard!
# ** Error: Assertion error.
#    Time: 50933 ns  Scope: test_NtnuTfe4171Lab1Fifo.scoreBoardPopAndCheck File: ./tb/test_NtnuTfe4171Lab1Fifo.sv Line: 75
# [50933] MISMATCH: expected=0xx actual=0x9a
# ** Error: Assertion error.
#    Time: 50933 ns  Scope: test_NtnuTfe4171Lab1Fifo.scoreBoardPopAndCheck File: ./tb/test_NtnuTfe4171Lab1Fifo.sv Line: 85
#     50933 |   1    0x09a  |   1   0x09a  |   0     0     0
#     50995 |   1    0x09a  |   0   0x09a  |   0     0     0
# [51057] ERROR: Read with empty scoreboard!
# ** Error: Assertion error.
#    Time: 51057 ns  Scope: test_NtnuTfe4171Lab1Fifo.scoreBoardPopAndCheck File: ./tb/test_NtnuTfe4171Lab1Fifo.sv Line: 75
# [51057] MISMATCH: expected=0xx actual=0x9a
# ** Error: Assertion error.
#    Time: 51057 ns  Scope: test_NtnuTfe4171Lab1Fifo.scoreBoardPopAndCheck File: ./tb/test_NtnuTfe4171Lab1Fifo.sv Line: 85
#     51057 |   1    0x09a  |   1   0x09a  |   0     0     0
#     51119 |   1    0x09a  |   0   0x09a  |   0     0     0
# [51181] ERROR: Read with empty scoreboard!
# ** Error: Assertion error.
#    Time: 51181 ns  Scope: test_NtnuTfe4171Lab1Fifo.scoreBoardPopAndCheck File: ./tb/test_NtnuTfe4171Lab1Fifo.sv Line: 75
# [51181] MISMATCH: expected=0xx actual=0x9a
# ** Error: Assertion error.
#    Time: 51181 ns  Scope: test_NtnuTfe4171Lab1Fifo.scoreBoardPopAndCheck File: ./tb/test_NtnuTfe4171Lab1Fifo.sv Line: 85
#     51181 |   1    0x09a  |   1   0x09a  |   0     0     0
#     51243 |   1    0x09a  |   0   0x09a  |   0     0     0
# [51305] ERROR: Read with empty scoreboard!
# ** Error: Assertion error.
#    Time: 51305 ns  Scope: test_NtnuTfe4171Lab1Fifo.scoreBoardPopAndCheck File: ./tb/test_NtnuTfe4171Lab1Fifo.sv Line: 75
# [51305] MISMATCH: expected=0xx actual=0x9a
# ** Error: Assertion error.
#    Time: 51305 ns  Scope: test_NtnuTfe4171Lab1Fifo.scoreBoardPopAndCheck File: ./tb/test_NtnuTfe4171Lab1Fifo.sv Line: 85
#     51305 |   1    0x09a  |   1   0x09a  |   0     0     0
#     51367 |   1    0x09a  |   0   0x09a  |   0     0     0
# [51429] ERROR: Read with empty scoreboard!
# ** Error: Assertion error.
#    Time: 51429 ns  Scope: test_NtnuTfe4171Lab1Fifo.scoreBoardPopAndCheck File: ./tb/test_NtnuTfe4171Lab1Fifo.sv Line: 75
# [51429] MISMATCH: expected=0xx actual=0x9a
# ** Error: Assertion error.
#    Time: 51429 ns  Scope: test_NtnuTfe4171Lab1Fifo.scoreBoardPopAndCheck File: ./tb/test_NtnuTfe4171Lab1Fifo.sv Line: 85
#     51429 |   1    0x09a  |   1   0x09a  |   0     0     0
#     51491 |   1    0x09a  |   0   0x09a  |   0     0     0
# [51553] ERROR: Read with empty scoreboard!
# ** Error: Assertion error.
#    Time: 51553 ns  Scope: test_NtnuTfe4171Lab1Fifo.scoreBoardPopAndCheck File: ./tb/test_NtnuTfe4171Lab1Fifo.sv Line: 75
# [51553] MISMATCH: expected=0xx actual=0x9a
# ** Error: Assertion error.
#    Time: 51553 ns  Scope: test_NtnuTfe4171Lab1Fifo.scoreBoardPopAndCheck File: ./tb/test_NtnuTfe4171Lab1Fifo.sv Line: 85
#     51553 |   1    0x09a  |   1   0x09a  |   0     0     0
#     51615 |   1    0x09a  |   0   0x09a  |   0     0     0
# [51677] ERROR: Read with empty scoreboard!
# ** Error: Assertion error.
#    Time: 51677 ns  Scope: test_NtnuTfe4171Lab1Fifo.scoreBoardPopAndCheck File: ./tb/test_NtnuTfe4171Lab1Fifo.sv Line: 75
# [51677] MISMATCH: expected=0xx actual=0x9a
# ** Error: Assertion error.
#    Time: 51677 ns  Scope: test_NtnuTfe4171Lab1Fifo.scoreBoardPopAndCheck File: ./tb/test_NtnuTfe4171Lab1Fifo.sv Line: 85
#     51677 |   1    0x09a  |   1   0x09a  |   0     0     0
#     51739 |   1    0x09a  |   0   0x09a  |   0     0     0
# [51801] ERROR: Read with empty scoreboard!
# ** Error: Assertion error.
#    Time: 51801 ns  Scope: test_NtnuTfe4171Lab1Fifo.scoreBoardPopAndCheck File: ./tb/test_NtnuTfe4171Lab1Fifo.sv Line: 75
# [51801] MISMATCH: expected=0xx actual=0x9a
# ** Error: Assertion error.
#    Time: 51801 ns  Scope: test_NtnuTfe4171Lab1Fifo.scoreBoardPopAndCheck File: ./tb/test_NtnuTfe4171Lab1Fifo.sv Line: 85
#     51801 |   1    0x09a  |   1   0x09a  |   0     0     0
#     51863 |   1    0x09a  |   0   0x09a  |   0     0     0
# [51925] ERROR: Read with empty scoreboard!
# ** Error: Assertion error.
#    Time: 51925 ns  Scope: test_NtnuTfe4171Lab1Fifo.scoreBoardPopAndCheck File: ./tb/test_NtnuTfe4171Lab1Fifo.sv Line: 75
# [51925] MISMATCH: expected=0xx actual=0x9a
# ** Error: Assertion error.
#    Time: 51925 ns  Scope: test_NtnuTfe4171Lab1Fifo.scoreBoardPopAndCheck File: ./tb/test_NtnuTfe4171Lab1Fifo.sv Line: 85
#     51925 |   1    0x09a  |   1   0x09a  |   0     0     0
#     51987 |   1    0x09a  |   0   0x09a  |   0     0     0
# [52049] ERROR: Read with empty scoreboard!
# ** Error: Assertion error.
#    Time: 52049 ns  Scope: test_NtnuTfe4171Lab1Fifo.scoreBoardPopAndCheck File: ./tb/test_NtnuTfe4171Lab1Fifo.sv Line: 75
# [52049] MISMATCH: expected=0xx actual=0x9a
# ** Error: Assertion error.
#    Time: 52049 ns  Scope: test_NtnuTfe4171Lab1Fifo.scoreBoardPopAndCheck File: ./tb/test_NtnuTfe4171Lab1Fifo.sv Line: 85
#     52049 |   1    0x09a  |   1   0x09a  |   0     0     0
#     52111 |   1    0x09a  |   0   0x09a  |   0     0     0
# [52173] ERROR: Read with empty scoreboard!
# ** Error: Assertion error.
#    Time: 52173 ns  Scope: test_NtnuTfe4171Lab1Fifo.scoreBoardPopAndCheck File: ./tb/test_NtnuTfe4171Lab1Fifo.sv Line: 75
# [52173] MISMATCH: expected=0xx actual=0x9a
# ** Error: Assertion error.
#    Time: 52173 ns  Scope: test_NtnuTfe4171Lab1Fifo.scoreBoardPopAndCheck File: ./tb/test_NtnuTfe4171Lab1Fifo.sv Line: 85
#     52173 |   1    0x09a  |   1   0x09a  |   0     0     0
#     52235 |   1    0x09a  |   0   0x09a  |   0     0     0
# [52297] ERROR: Read with empty scoreboard!
# ** Error: Assertion error.
#    Time: 52297 ns  Scope: test_NtnuTfe4171Lab1Fifo.scoreBoardPopAndCheck File: ./tb/test_NtnuTfe4171Lab1Fifo.sv Line: 75
# [52297] MISMATCH: expected=0xx actual=0x9a
# ** Error: Assertion error.
#    Time: 52297 ns  Scope: test_NtnuTfe4171Lab1Fifo.scoreBoardPopAndCheck File: ./tb/test_NtnuTfe4171Lab1Fifo.sv Line: 85
#     52297 |   1    0x09a  |   1   0x09a  |   0     0     0
#     52359 |   1    0x09a  |   0   0x09a  |   0     0     0
# [52421] ERROR: Read with empty scoreboard!
# ** Error: Assertion error.
#    Time: 52421 ns  Scope: test_NtnuTfe4171Lab1Fifo.scoreBoardPopAndCheck File: ./tb/test_NtnuTfe4171Lab1Fifo.sv Line: 75
# [52421] MISMATCH: expected=0xx actual=0x9a
# ** Error: Assertion error.
#    Time: 52421 ns  Scope: test_NtnuTfe4171Lab1Fifo.scoreBoardPopAndCheck File: ./tb/test_NtnuTfe4171Lab1Fifo.sv Line: 85
#     52421 |   1    0x09a  |   1   0x09a  |   0     0     0
#     52483 |   1    0x09a  |   0   0x09a  |   0     0     0
# [52545] ERROR: Read with empty scoreboard!
# ** Error: Assertion error.
#    Time: 52545 ns  Scope: test_NtnuTfe4171Lab1Fifo.scoreBoardPopAndCheck File: ./tb/test_NtnuTfe4171Lab1Fifo.sv Line: 75
# [52545] MISMATCH: expected=0xx actual=0x9a
# ** Error: Assertion error.
#    Time: 52545 ns  Scope: test_NtnuTfe4171Lab1Fifo.scoreBoardPopAndCheck File: ./tb/test_NtnuTfe4171Lab1Fifo.sv Line: 85
#     52545 |   1    0x09a  |   1   0x09a  |   0     0     0
#     52607 |   1    0x09a  |   0   0x09a  |   0     0     0
# [52669] ERROR: Read with empty scoreboard!
# ** Error: Assertion error.
#    Time: 52669 ns  Scope: test_NtnuTfe4171Lab1Fifo.scoreBoardPopAndCheck File: ./tb/test_NtnuTfe4171Lab1Fifo.sv Line: 75
# [52669] MISMATCH: expected=0xx actual=0x9a
# ** Error: Assertion error.
#    Time: 52669 ns  Scope: test_NtnuTfe4171Lab1Fifo.scoreBoardPopAndCheck File: ./tb/test_NtnuTfe4171Lab1Fifo.sv Line: 85
#     52669 |   1    0x09a  |   1   0x09a  |   0     0     0
#     52731 |   1    0x09a  |   0   0x09a  |   0     0     0
# [52793] ERROR: Read with empty scoreboard!
# ** Error: Assertion error.
#    Time: 52793 ns  Scope: test_NtnuTfe4171Lab1Fifo.scoreBoardPopAndCheck File: ./tb/test_NtnuTfe4171Lab1Fifo.sv Line: 75
# [52793] MISMATCH: expected=0xx actual=0x9a
# ** Error: Assertion error.
#    Time: 52793 ns  Scope: test_NtnuTfe4171Lab1Fifo.scoreBoardPopAndCheck File: ./tb/test_NtnuTfe4171Lab1Fifo.sv Line: 85
#     52793 |   1    0x09a  |   1   0x09a  |   0     0     0
#     52855 |   1    0x09a  |   0   0x09a  |   0     0     0
# [52917] ERROR: Read with empty scoreboard!
# ** Error: Assertion error.
#    Time: 52917 ns  Scope: test_NtnuTfe4171Lab1Fifo.scoreBoardPopAndCheck File: ./tb/test_NtnuTfe4171Lab1Fifo.sv Line: 75
# [52917] MISMATCH: expected=0xx actual=0x9a
# ** Error: Assertion error.
#    Time: 52917 ns  Scope: test_NtnuTfe4171Lab1Fifo.scoreBoardPopAndCheck File: ./tb/test_NtnuTfe4171Lab1Fifo.sv Line: 85
#     52917 |   1    0x09a  |   1   0x09a  |   0     0     0
#     52979 |   1    0x09a  |   0   0x09a  |   0     0     0
# [53041] ERROR: Read with empty scoreboard!
# ** Error: Assertion error.
#    Time: 53041 ns  Scope: test_NtnuTfe4171Lab1Fifo.scoreBoardPopAndCheck File: ./tb/test_NtnuTfe4171Lab1Fifo.sv Line: 75
# [53041] MISMATCH: expected=0xx actual=0x9a
# ** Error: Assertion error.
#    Time: 53041 ns  Scope: test_NtnuTfe4171Lab1Fifo.scoreBoardPopAndCheck File: ./tb/test_NtnuTfe4171Lab1Fifo.sv Line: 85
#     53041 |   1    0x09a  |   1   0x09a  |   0     0     0
#     53103 |   1    0x09a  |   0   0x09a  |   0     0     0
#     53165 |   1    0x09a  |   1   0x09a  |   0     1     0
#     53227 |   1    0x09a  |   0   0x09a  |   0     0     0
# [53289] ERROR: Read with empty scoreboard!
# ** Error: Assertion error.
#    Time: 53289 ns  Scope: test_NtnuTfe4171Lab1Fifo.scoreBoardPopAndCheck File: ./tb/test_NtnuTfe4171Lab1Fifo.sv Line: 75
# [53289] MISMATCH: expected=0xx actual=0x9a
# ** Error: Assertion error.
#    Time: 53289 ns  Scope: test_NtnuTfe4171Lab1Fifo.scoreBoardPopAndCheck File: ./tb/test_NtnuTfe4171Lab1Fifo.sv Line: 85
#     53289 |   1    0x09a  |   1   0x09a  |   0     0     0
#     53351 |   1    0x09a  |   0   0x09a  |   0     0     0
# [53413] ERROR: Read with empty scoreboard!
# ** Error: Assertion error.
#    Time: 53413 ns  Scope: test_NtnuTfe4171Lab1Fifo.scoreBoardPopAndCheck File: ./tb/test_NtnuTfe4171Lab1Fifo.sv Line: 75
# [53413] MISMATCH: expected=0xx actual=0x9a
# ** Error: Assertion error.
#    Time: 53413 ns  Scope: test_NtnuTfe4171Lab1Fifo.scoreBoardPopAndCheck File: ./tb/test_NtnuTfe4171Lab1Fifo.sv Line: 85
#     53413 |   1    0x09a  |   1   0x09a  |   0     0     0
#     53475 |   1    0x09a  |   0   0x09a  |   0     0     0
# [53537] ERROR: Read with empty scoreboard!
# ** Error: Assertion error.
#    Time: 53537 ns  Scope: test_NtnuTfe4171Lab1Fifo.scoreBoardPopAndCheck File: ./tb/test_NtnuTfe4171Lab1Fifo.sv Line: 75
# [53537] MISMATCH: expected=0xx actual=0x9a
# ** Error: Assertion error.
#    Time: 53537 ns  Scope: test_NtnuTfe4171Lab1Fifo.scoreBoardPopAndCheck File: ./tb/test_NtnuTfe4171Lab1Fifo.sv Line: 85
#     53537 |   1    0x09a  |   1   0x09a  |   0     0     0
#     53599 |   1    0x09a  |   0   0x09a  |   0     0     0
# [53661] ERROR: Read with empty scoreboard!
# ** Error: Assertion error.
#    Time: 53661 ns  Scope: test_NtnuTfe4171Lab1Fifo.scoreBoardPopAndCheck File: ./tb/test_NtnuTfe4171Lab1Fifo.sv Line: 75
# [53661] MISMATCH: expected=0xx actual=0x9a
# ** Error: Assertion error.
#    Time: 53661 ns  Scope: test_NtnuTfe4171Lab1Fifo.scoreBoardPopAndCheck File: ./tb/test_NtnuTfe4171Lab1Fifo.sv Line: 85
#     53661 |   1    0x09a  |   1   0x09a  |   0     0     0
#     53723 |   1    0x09a  |   0   0x09a  |   0     0     0
# [53785] ERROR: Read with empty scoreboard!
# ** Error: Assertion error.
#    Time: 53785 ns  Scope: test_NtnuTfe4171Lab1Fifo.scoreBoardPopAndCheck File: ./tb/test_NtnuTfe4171Lab1Fifo.sv Line: 75
# [53785] MISMATCH: expected=0xx actual=0x9a
# ** Error: Assertion error.
#    Time: 53785 ns  Scope: test_NtnuTfe4171Lab1Fifo.scoreBoardPopAndCheck File: ./tb/test_NtnuTfe4171Lab1Fifo.sv Line: 85
#     53785 |   1    0x09a  |   1   0x09a  |   0     0     0
#     53847 |   1    0x09a  |   0   0x09a  |   0     0     0
# [53909] ERROR: Read with empty scoreboard!
# ** Error: Assertion error.
#    Time: 53909 ns  Scope: test_NtnuTfe4171Lab1Fifo.scoreBoardPopAndCheck File: ./tb/test_NtnuTfe4171Lab1Fifo.sv Line: 75
# [53909] MISMATCH: expected=0xx actual=0x9a
# ** Error: Assertion error.
#    Time: 53909 ns  Scope: test_NtnuTfe4171Lab1Fifo.scoreBoardPopAndCheck File: ./tb/test_NtnuTfe4171Lab1Fifo.sv Line: 85
#     53909 |   1    0x09a  |   1   0x09a  |   0     0     0
#     53971 |   1    0x09a  |   0   0x09a  |   0     0     0
# [54033] ERROR: Read with empty scoreboard!
# ** Error: Assertion error.
#    Time: 54033 ns  Scope: test_NtnuTfe4171Lab1Fifo.scoreBoardPopAndCheck File: ./tb/test_NtnuTfe4171Lab1Fifo.sv Line: 75
# [54033] MISMATCH: expected=0xx actual=0x9a
# ** Error: Assertion error.
#    Time: 54033 ns  Scope: test_NtnuTfe4171Lab1Fifo.scoreBoardPopAndCheck File: ./tb/test_NtnuTfe4171Lab1Fifo.sv Line: 85
#     54033 |   1    0x09a  |   1   0x09a  |   0     0     0
#     54095 |   1    0x09a  |   0   0x09a  |   0     0     0
# [54157] ERROR: Read with empty scoreboard!
# ** Error: Assertion error.
#    Time: 54157 ns  Scope: test_NtnuTfe4171Lab1Fifo.scoreBoardPopAndCheck File: ./tb/test_NtnuTfe4171Lab1Fifo.sv Line: 75
# [54157] MISMATCH: expected=0xx actual=0x9a
# ** Error: Assertion error.
#    Time: 54157 ns  Scope: test_NtnuTfe4171Lab1Fifo.scoreBoardPopAndCheck File: ./tb/test_NtnuTfe4171Lab1Fifo.sv Line: 85
#     54157 |   1    0x09a  |   1   0x09a  |   0     0     0
#     54219 |   1    0x09a  |   0   0x09a  |   0     0     0
# [54281] ERROR: Read with empty scoreboard!
# ** Error: Assertion error.
#    Time: 54281 ns  Scope: test_NtnuTfe4171Lab1Fifo.scoreBoardPopAndCheck File: ./tb/test_NtnuTfe4171Lab1Fifo.sv Line: 75
# [54281] MISMATCH: expected=0xx actual=0x9a
# ** Error: Assertion error.
#    Time: 54281 ns  Scope: test_NtnuTfe4171Lab1Fifo.scoreBoardPopAndCheck File: ./tb/test_NtnuTfe4171Lab1Fifo.sv Line: 85
#     54281 |   1    0x09a  |   1   0x09a  |   0     0     0
#     54343 |   1    0x09a  |   0   0x09a  |   0     0     0
# [54405] ERROR: Read with empty scoreboard!
# ** Error: Assertion error.
#    Time: 54405 ns  Scope: test_NtnuTfe4171Lab1Fifo.scoreBoardPopAndCheck File: ./tb/test_NtnuTfe4171Lab1Fifo.sv Line: 75
# [54405] MISMATCH: expected=0xx actual=0x9a
# ** Error: Assertion error.
#    Time: 54405 ns  Scope: test_NtnuTfe4171Lab1Fifo.scoreBoardPopAndCheck File: ./tb/test_NtnuTfe4171Lab1Fifo.sv Line: 85
#     54405 |   1    0x09a  |   1   0x09a  |   0     0     0
#     54467 |   1    0x09a  |   0   0x09a  |   0     0     0
# [54529] ERROR: Read with empty scoreboard!
# ** Error: Assertion error.
#    Time: 54529 ns  Scope: test_NtnuTfe4171Lab1Fifo.scoreBoardPopAndCheck File: ./tb/test_NtnuTfe4171Lab1Fifo.sv Line: 75
# [54529] MISMATCH: expected=0xx actual=0x9a
# ** Error: Assertion error.
#    Time: 54529 ns  Scope: test_NtnuTfe4171Lab1Fifo.scoreBoardPopAndCheck File: ./tb/test_NtnuTfe4171Lab1Fifo.sv Line: 85
#     54529 |   1    0x09a  |   1   0x09a  |   0     0     0
#     54591 |   1    0x09a  |   0   0x09a  |   0     0     0
# [54653] ERROR: Read with empty scoreboard!
# ** Error: Assertion error.
#    Time: 54653 ns  Scope: test_NtnuTfe4171Lab1Fifo.scoreBoardPopAndCheck File: ./tb/test_NtnuTfe4171Lab1Fifo.sv Line: 75
# [54653] MISMATCH: expected=0xx actual=0x9a
# ** Error: Assertion error.
#    Time: 54653 ns  Scope: test_NtnuTfe4171Lab1Fifo.scoreBoardPopAndCheck File: ./tb/test_NtnuTfe4171Lab1Fifo.sv Line: 85
#     54653 |   1    0x09a  |   1   0x09a  |   0     0     0
#     54715 |   1    0x09a  |   0   0x09a  |   0     0     0
# [54777] ERROR: Read with empty scoreboard!
# ** Error: Assertion error.
#    Time: 54777 ns  Scope: test_NtnuTfe4171Lab1Fifo.scoreBoardPopAndCheck File: ./tb/test_NtnuTfe4171Lab1Fifo.sv Line: 75
# [54777] MISMATCH: expected=0xx actual=0x9a
# ** Error: Assertion error.
#    Time: 54777 ns  Scope: test_NtnuTfe4171Lab1Fifo.scoreBoardPopAndCheck File: ./tb/test_NtnuTfe4171Lab1Fifo.sv Line: 85
#     54777 |   1    0x09a  |   1   0x09a  |   0     0     0
#     54839 |   1    0x09a  |   0   0x09a  |   0     0     0
# [54901] ERROR: Read with empty scoreboard!
# ** Error: Assertion error.
#    Time: 54901 ns  Scope: test_NtnuTfe4171Lab1Fifo.scoreBoardPopAndCheck File: ./tb/test_NtnuTfe4171Lab1Fifo.sv Line: 75
# [54901] MISMATCH: expected=0xx actual=0x9a
# ** Error: Assertion error.
#    Time: 54901 ns  Scope: test_NtnuTfe4171Lab1Fifo.scoreBoardPopAndCheck File: ./tb/test_NtnuTfe4171Lab1Fifo.sv Line: 85
#     54901 |   1    0x09a  |   1   0x09a  |   0     0     0
#     54963 |   1    0x09a  |   0   0x09a  |   0     0     0
# [55025] ERROR: Read with empty scoreboard!
# ** Error: Assertion error.
#    Time: 55025 ns  Scope: test_NtnuTfe4171Lab1Fifo.scoreBoardPopAndCheck File: ./tb/test_NtnuTfe4171Lab1Fifo.sv Line: 75
# [55025] MISMATCH: expected=0xx actual=0x9a
# ** Error: Assertion error.
#    Time: 55025 ns  Scope: test_NtnuTfe4171Lab1Fifo.scoreBoardPopAndCheck File: ./tb/test_NtnuTfe4171Lab1Fifo.sv Line: 85
#     55025 |   1    0x09a  |   1   0x09a  |   0     0     0
#     55087 |   1    0x09a  |   0   0x09a  |   0     0     0
# [55149] ERROR: Read with empty scoreboard!
# ** Error: Assertion error.
#    Time: 55149 ns  Scope: test_NtnuTfe4171Lab1Fifo.scoreBoardPopAndCheck File: ./tb/test_NtnuTfe4171Lab1Fifo.sv Line: 75
# [55149] MISMATCH: expected=0xx actual=0x9a
# ** Error: Assertion error.
#    Time: 55149 ns  Scope: test_NtnuTfe4171Lab1Fifo.scoreBoardPopAndCheck File: ./tb/test_NtnuTfe4171Lab1Fifo.sv Line: 85
#     55149 |   1    0x09a  |   1   0x09a  |   0     0     0
#     55211 |   1    0x09a  |   0   0x09a  |   0     0     0
# [55273] ERROR: Read with empty scoreboard!
# ** Error: Assertion error.
#    Time: 55273 ns  Scope: test_NtnuTfe4171Lab1Fifo.scoreBoardPopAndCheck File: ./tb/test_NtnuTfe4171Lab1Fifo.sv Line: 75
# [55273] MISMATCH: expected=0xx actual=0x9a
# ** Error: Assertion error.
#    Time: 55273 ns  Scope: test_NtnuTfe4171Lab1Fifo.scoreBoardPopAndCheck File: ./tb/test_NtnuTfe4171Lab1Fifo.sv Line: 85
#     55273 |   1    0x09a  |   1   0x09a  |   0     0     0
#     55335 |   1    0x09a  |   0   0x09a  |   0     0     0
# [55397] ERROR: Read with empty scoreboard!
# ** Error: Assertion error.
#    Time: 55397 ns  Scope: test_NtnuTfe4171Lab1Fifo.scoreBoardPopAndCheck File: ./tb/test_NtnuTfe4171Lab1Fifo.sv Line: 75
# [55397] MISMATCH: expected=0xx actual=0x9a
# ** Error: Assertion error.
#    Time: 55397 ns  Scope: test_NtnuTfe4171Lab1Fifo.scoreBoardPopAndCheck File: ./tb/test_NtnuTfe4171Lab1Fifo.sv Line: 85
#     55397 |   1    0x09a  |   1   0x09a  |   0     0     0
#     55459 |   1    0x09a  |   0   0x09a  |   0     0     0
# [55521] ERROR: Read with empty scoreboard!
# ** Error: Assertion error.
#    Time: 55521 ns  Scope: test_NtnuTfe4171Lab1Fifo.scoreBoardPopAndCheck File: ./tb/test_NtnuTfe4171Lab1Fifo.sv Line: 75
# [55521] MISMATCH: expected=0xx actual=0x9a
# ** Error: Assertion error.
#    Time: 55521 ns  Scope: test_NtnuTfe4171Lab1Fifo.scoreBoardPopAndCheck File: ./tb/test_NtnuTfe4171Lab1Fifo.sv Line: 85
#     55521 |   1    0x09a  |   1   0x09a  |   0     0     0
#     55583 |   1    0x09a  |   0   0x09a  |   0     0     0
# [55645] ERROR: Read with empty scoreboard!
# ** Error: Assertion error.
#    Time: 55645 ns  Scope: test_NtnuTfe4171Lab1Fifo.scoreBoardPopAndCheck File: ./tb/test_NtnuTfe4171Lab1Fifo.sv Line: 75
# [55645] MISMATCH: expected=0xx actual=0x9a
# ** Error: Assertion error.
#    Time: 55645 ns  Scope: test_NtnuTfe4171Lab1Fifo.scoreBoardPopAndCheck File: ./tb/test_NtnuTfe4171Lab1Fifo.sv Line: 85
#     55645 |   1    0x09a  |   1   0x09a  |   0     0     0
#     55707 |   1    0x09a  |   0   0x09a  |   0     0     0
# [55769] ERROR: Read with empty scoreboard!
# ** Error: Assertion error.
#    Time: 55769 ns  Scope: test_NtnuTfe4171Lab1Fifo.scoreBoardPopAndCheck File: ./tb/test_NtnuTfe4171Lab1Fifo.sv Line: 75
# [55769] MISMATCH: expected=0xx actual=0x9a
# ** Error: Assertion error.
#    Time: 55769 ns  Scope: test_NtnuTfe4171Lab1Fifo.scoreBoardPopAndCheck File: ./tb/test_NtnuTfe4171Lab1Fifo.sv Line: 85
#     55769 |   1    0x09a  |   1   0x09a  |   0     0     0
#     55831 |   1    0x09a  |   0   0x09a  |   0     0     0
# [55893] ERROR: Read with empty scoreboard!
# ** Error: Assertion error.
#    Time: 55893 ns  Scope: test_NtnuTfe4171Lab1Fifo.scoreBoardPopAndCheck File: ./tb/test_NtnuTfe4171Lab1Fifo.sv Line: 75
# [55893] MISMATCH: expected=0xx actual=0x9a
# ** Error: Assertion error.
#    Time: 55893 ns  Scope: test_NtnuTfe4171Lab1Fifo.scoreBoardPopAndCheck File: ./tb/test_NtnuTfe4171Lab1Fifo.sv Line: 85
#     55893 |   1    0x09a  |   1   0x09a  |   0     0     0
#     55955 |   1    0x09a  |   0   0x09a  |   0     0     0
# [56017] ERROR: Read with empty scoreboard!
# ** Error: Assertion error.
#    Time: 56017 ns  Scope: test_NtnuTfe4171Lab1Fifo.scoreBoardPopAndCheck File: ./tb/test_NtnuTfe4171Lab1Fifo.sv Line: 75
# [56017] MISMATCH: expected=0xx actual=0x9a
# ** Error: Assertion error.
#    Time: 56017 ns  Scope: test_NtnuTfe4171Lab1Fifo.scoreBoardPopAndCheck File: ./tb/test_NtnuTfe4171Lab1Fifo.sv Line: 85
#     56017 |   1    0x09a  |   1   0x09a  |   0     0     0
#     56079 |   1    0x09a  |   0   0x09a  |   0     0     0
# [56141] ERROR: Read with empty scoreboard!
# ** Error: Assertion error.
#    Time: 56141 ns  Scope: test_NtnuTfe4171Lab1Fifo.scoreBoardPopAndCheck File: ./tb/test_NtnuTfe4171Lab1Fifo.sv Line: 75
# [56141] MISMATCH: expected=0xx actual=0x9a
# ** Error: Assertion error.
#    Time: 56141 ns  Scope: test_NtnuTfe4171Lab1Fifo.scoreBoardPopAndCheck File: ./tb/test_NtnuTfe4171Lab1Fifo.sv Line: 85
#     56141 |   1    0x09a  |   1   0x09a  |   0     0     0
#     56203 |   1    0x09a  |   0   0x09a  |   0     0     0
# [56265] ERROR: Read with empty scoreboard!
# ** Error: Assertion error.
#    Time: 56265 ns  Scope: test_NtnuTfe4171Lab1Fifo.scoreBoardPopAndCheck File: ./tb/test_NtnuTfe4171Lab1Fifo.sv Line: 75
# [56265] MISMATCH: expected=0xx actual=0x9a
# ** Error: Assertion error.
#    Time: 56265 ns  Scope: test_NtnuTfe4171Lab1Fifo.scoreBoardPopAndCheck File: ./tb/test_NtnuTfe4171Lab1Fifo.sv Line: 85
#     56265 |   1    0x09a  |   1   0x09a  |   0     0     0
#     56327 |   1    0x09a  |   0   0x09a  |   0     0     0
# [56389] ERROR: Read with empty scoreboard!
# ** Error: Assertion error.
#    Time: 56389 ns  Scope: test_NtnuTfe4171Lab1Fifo.scoreBoardPopAndCheck File: ./tb/test_NtnuTfe4171Lab1Fifo.sv Line: 75
# [56389] MISMATCH: expected=0xx actual=0x9a
# ** Error: Assertion error.
#    Time: 56389 ns  Scope: test_NtnuTfe4171Lab1Fifo.scoreBoardPopAndCheck File: ./tb/test_NtnuTfe4171Lab1Fifo.sv Line: 85
#     56389 |   1    0x09a  |   1   0x09a  |   0     0     0
#     56451 |   1    0x09a  |   0   0x09a  |   0     0     0
# [56513] ERROR: Read with empty scoreboard!
# ** Error: Assertion error.
#    Time: 56513 ns  Scope: test_NtnuTfe4171Lab1Fifo.scoreBoardPopAndCheck File: ./tb/test_NtnuTfe4171Lab1Fifo.sv Line: 75
# [56513] MISMATCH: expected=0xx actual=0x9a
# ** Error: Assertion error.
#    Time: 56513 ns  Scope: test_NtnuTfe4171Lab1Fifo.scoreBoardPopAndCheck File: ./tb/test_NtnuTfe4171Lab1Fifo.sv Line: 85
#     56513 |   1    0x09a  |   1   0x09a  |   0     0     0
#     56575 |   1    0x09a  |   0   0x09a  |   0     0     0
# [56637] ERROR: Read with empty scoreboard!
# ** Error: Assertion error.
#    Time: 56637 ns  Scope: test_NtnuTfe4171Lab1Fifo.scoreBoardPopAndCheck File: ./tb/test_NtnuTfe4171Lab1Fifo.sv Line: 75
# [56637] MISMATCH: expected=0xx actual=0x9a
# ** Error: Assertion error.
#    Time: 56637 ns  Scope: test_NtnuTfe4171Lab1Fifo.scoreBoardPopAndCheck File: ./tb/test_NtnuTfe4171Lab1Fifo.sv Line: 85
#     56637 |   1    0x09a  |   1   0x09a  |   0     0     0
#     56699 |   1    0x09a  |   0   0x09a  |   0     0     0
# [56761] ERROR: Read with empty scoreboard!
# ** Error: Assertion error.
#    Time: 56761 ns  Scope: test_NtnuTfe4171Lab1Fifo.scoreBoardPopAndCheck File: ./tb/test_NtnuTfe4171Lab1Fifo.sv Line: 75
# [56761] MISMATCH: expected=0xx actual=0x9a
# ** Error: Assertion error.
#    Time: 56761 ns  Scope: test_NtnuTfe4171Lab1Fifo.scoreBoardPopAndCheck File: ./tb/test_NtnuTfe4171Lab1Fifo.sv Line: 85
#     56761 |   1    0x09a  |   1   0x09a  |   0     0     0
#     56823 |   1    0x09a  |   0   0x09a  |   0     0     0
# [56885] ERROR: Read with empty scoreboard!
# ** Error: Assertion error.
#    Time: 56885 ns  Scope: test_NtnuTfe4171Lab1Fifo.scoreBoardPopAndCheck File: ./tb/test_NtnuTfe4171Lab1Fifo.sv Line: 75
# [56885] MISMATCH: expected=0xx actual=0x9a
# ** Error: Assertion error.
#    Time: 56885 ns  Scope: test_NtnuTfe4171Lab1Fifo.scoreBoardPopAndCheck File: ./tb/test_NtnuTfe4171Lab1Fifo.sv Line: 85
#     56885 |   1    0x09a  |   1   0x09a  |   0     0     0
#     56947 |   1    0x09a  |   0   0x09a  |   0     0     0
# [57009] ERROR: Read with empty scoreboard!
# ** Error: Assertion error.
#    Time: 57009 ns  Scope: test_NtnuTfe4171Lab1Fifo.scoreBoardPopAndCheck File: ./tb/test_NtnuTfe4171Lab1Fifo.sv Line: 75
# [57009] MISMATCH: expected=0xx actual=0x9a
# ** Error: Assertion error.
#    Time: 57009 ns  Scope: test_NtnuTfe4171Lab1Fifo.scoreBoardPopAndCheck File: ./tb/test_NtnuTfe4171Lab1Fifo.sv Line: 85
#     57009 |   1    0x09a  |   1   0x09a  |   1     0     0
#     57071 |   1    0x09a  |   0   0x09a  |   0     0     0
# [57133] ERROR: Read with empty scoreboard!
# ** Error: Assertion error.
#    Time: 57133 ns  Scope: test_NtnuTfe4171Lab1Fifo.scoreBoardPopAndCheck File: ./tb/test_NtnuTfe4171Lab1Fifo.sv Line: 75
# [57133] MISMATCH: expected=0xx actual=0x9a
# ** Error: Assertion error.
#    Time: 57133 ns  Scope: test_NtnuTfe4171Lab1Fifo.scoreBoardPopAndCheck File: ./tb/test_NtnuTfe4171Lab1Fifo.sv Line: 85
#     57133 |   1    0x09a  |   1   0x09a  |   1     0     0
#     57195 |   1    0x09a  |   0   0x09a  |   0     0     0
# [57257] ERROR: Read with empty scoreboard!
# ** Error: Assertion error.
#    Time: 57257 ns  Scope: test_NtnuTfe4171Lab1Fifo.scoreBoardPopAndCheck File: ./tb/test_NtnuTfe4171Lab1Fifo.sv Line: 75
# [57257] MISMATCH: expected=0xx actual=0x9a
# ** Error: Assertion error.
#    Time: 57257 ns  Scope: test_NtnuTfe4171Lab1Fifo.scoreBoardPopAndCheck File: ./tb/test_NtnuTfe4171Lab1Fifo.sv Line: 85
#     57257 |   1    0x09a  |   1   0x09a  |   0     0     0
#     57319 |   1    0x09a  |   0   0x09a  |   0     0     0
# [57381] ERROR: Read with empty scoreboard!
# ** Error: Assertion error.
#    Time: 57381 ns  Scope: test_NtnuTfe4171Lab1Fifo.scoreBoardPopAndCheck File: ./tb/test_NtnuTfe4171Lab1Fifo.sv Line: 75
# [57381] MISMATCH: expected=0xx actual=0x9a
# ** Error: Assertion error.
#    Time: 57381 ns  Scope: test_NtnuTfe4171Lab1Fifo.scoreBoardPopAndCheck File: ./tb/test_NtnuTfe4171Lab1Fifo.sv Line: 85
#     57381 |   1    0x09a  |   1   0x09a  |   0     0     0
#     57443 |   1    0x09a  |   0   0x09a  |   0     0     0
# [57505] ERROR: Read with empty scoreboard!
# ** Error: Assertion error.
#    Time: 57505 ns  Scope: test_NtnuTfe4171Lab1Fifo.scoreBoardPopAndCheck File: ./tb/test_NtnuTfe4171Lab1Fifo.sv Line: 75
# [57505] MISMATCH: expected=0xx actual=0x9a
# ** Error: Assertion error.
#    Time: 57505 ns  Scope: test_NtnuTfe4171Lab1Fifo.scoreBoardPopAndCheck File: ./tb/test_NtnuTfe4171Lab1Fifo.sv Line: 85
#     57505 |   1    0x09a  |   1   0x09a  |   0     0     0
#     57567 |   1    0x09a  |   0   0x09a  |   0     0     0
# [57629] ERROR: Read with empty scoreboard!
# ** Error: Assertion error.
#    Time: 57629 ns  Scope: test_NtnuTfe4171Lab1Fifo.scoreBoardPopAndCheck File: ./tb/test_NtnuTfe4171Lab1Fifo.sv Line: 75
# [57629] MISMATCH: expected=0xx actual=0x9a
# ** Error: Assertion error.
#    Time: 57629 ns  Scope: test_NtnuTfe4171Lab1Fifo.scoreBoardPopAndCheck File: ./tb/test_NtnuTfe4171Lab1Fifo.sv Line: 85
#     57629 |   1    0x09a  |   1   0x09a  |   0     0     0
#     57691 |   1    0x09a  |   0   0x09a  |   0     0     0
# [57753] ERROR: Read with empty scoreboard!
# ** Error: Assertion error.
#    Time: 57753 ns  Scope: test_NtnuTfe4171Lab1Fifo.scoreBoardPopAndCheck File: ./tb/test_NtnuTfe4171Lab1Fifo.sv Line: 75
# [57753] MISMATCH: expected=0xx actual=0x9a
# ** Error: Assertion error.
#    Time: 57753 ns  Scope: test_NtnuTfe4171Lab1Fifo.scoreBoardPopAndCheck File: ./tb/test_NtnuTfe4171Lab1Fifo.sv Line: 85
#     57753 |   1    0x09a  |   1   0x09a  |   0     0     0
#     57815 |   1    0x09a  |   0   0x09a  |   0     0     0
# [57877] ERROR: Read with empty scoreboard!
# ** Error: Assertion error.
#    Time: 57877 ns  Scope: test_NtnuTfe4171Lab1Fifo.scoreBoardPopAndCheck File: ./tb/test_NtnuTfe4171Lab1Fifo.sv Line: 75
# [57877] MISMATCH: expected=0xx actual=0x9a
# ** Error: Assertion error.
#    Time: 57877 ns  Scope: test_NtnuTfe4171Lab1Fifo.scoreBoardPopAndCheck File: ./tb/test_NtnuTfe4171Lab1Fifo.sv Line: 85
#     57877 |   1    0x09a  |   1   0x09a  |   0     0     0
#     57939 |   1    0x09a  |   0   0x09a  |   0     0     0
# [58001] ERROR: Read with empty scoreboard!
# ** Error: Assertion error.
#    Time: 58001 ns  Scope: test_NtnuTfe4171Lab1Fifo.scoreBoardPopAndCheck File: ./tb/test_NtnuTfe4171Lab1Fifo.sv Line: 75
# [58001] MISMATCH: expected=0xx actual=0x9a
# ** Error: Assertion error.
#    Time: 58001 ns  Scope: test_NtnuTfe4171Lab1Fifo.scoreBoardPopAndCheck File: ./tb/test_NtnuTfe4171Lab1Fifo.sv Line: 85
#     58001 |   1    0x09a  |   1   0x09a  |   0     0     0
#     58063 |   1    0x09a  |   0   0x09a  |   0     0     0
# [58125] ERROR: Read with empty scoreboard!
# ** Error: Assertion error.
#    Time: 58125 ns  Scope: test_NtnuTfe4171Lab1Fifo.scoreBoardPopAndCheck File: ./tb/test_NtnuTfe4171Lab1Fifo.sv Line: 75
# [58125] MISMATCH: expected=0xx actual=0x9a
# ** Error: Assertion error.
#    Time: 58125 ns  Scope: test_NtnuTfe4171Lab1Fifo.scoreBoardPopAndCheck File: ./tb/test_NtnuTfe4171Lab1Fifo.sv Line: 85
#     58125 |   1    0x09a  |   1   0x09a  |   0     0     0
#     58187 |   1    0x09a  |   0   0x09a  |   0     0     0
# [58249] ERROR: Read with empty scoreboard!
# ** Error: Assertion error.
#    Time: 58249 ns  Scope: test_NtnuTfe4171Lab1Fifo.scoreBoardPopAndCheck File: ./tb/test_NtnuTfe4171Lab1Fifo.sv Line: 75
# [58249] MISMATCH: expected=0xx actual=0x9a
# ** Error: Assertion error.
#    Time: 58249 ns  Scope: test_NtnuTfe4171Lab1Fifo.scoreBoardPopAndCheck File: ./tb/test_NtnuTfe4171Lab1Fifo.sv Line: 85
#     58249 |   1    0x09a  |   1   0x09a  |   0     0     0
#     58311 |   1    0x09a  |   0   0x09a  |   0     0     0
# [58373] ERROR: Read with empty scoreboard!
# ** Error: Assertion error.
#    Time: 58373 ns  Scope: test_NtnuTfe4171Lab1Fifo.scoreBoardPopAndCheck File: ./tb/test_NtnuTfe4171Lab1Fifo.sv Line: 75
# [58373] MISMATCH: expected=0xx actual=0x9a
# ** Error: Assertion error.
#    Time: 58373 ns  Scope: test_NtnuTfe4171Lab1Fifo.scoreBoardPopAndCheck File: ./tb/test_NtnuTfe4171Lab1Fifo.sv Line: 85
#     58373 |   1    0x09a  |   1   0x09a  |   0     0     0
#     58435 |   1    0x09a  |   0   0x09a  |   0     0     0
# [58497] ERROR: Read with empty scoreboard!
# ** Error: Assertion error.
#    Time: 58497 ns  Scope: test_NtnuTfe4171Lab1Fifo.scoreBoardPopAndCheck File: ./tb/test_NtnuTfe4171Lab1Fifo.sv Line: 75
# [58497] MISMATCH: expected=0xx actual=0x9a
# ** Error: Assertion error.
#    Time: 58497 ns  Scope: test_NtnuTfe4171Lab1Fifo.scoreBoardPopAndCheck File: ./tb/test_NtnuTfe4171Lab1Fifo.sv Line: 85
#     58497 |   1    0x09a  |   1   0x09a  |   0     0     0
#     58559 |   1    0x09a  |   0   0x09a  |   0     0     0
# [58621] ERROR: Read with empty scoreboard!
# ** Error: Assertion error.
#    Time: 58621 ns  Scope: test_NtnuTfe4171Lab1Fifo.scoreBoardPopAndCheck File: ./tb/test_NtnuTfe4171Lab1Fifo.sv Line: 75
# [58621] MISMATCH: expected=0xx actual=0x9a
# ** Error: Assertion error.
#    Time: 58621 ns  Scope: test_NtnuTfe4171Lab1Fifo.scoreBoardPopAndCheck File: ./tb/test_NtnuTfe4171Lab1Fifo.sv Line: 85
#     58621 |   1    0x09a  |   1   0x09a  |   0     0     0
#     58683 |   1    0x09a  |   0   0x09a  |   0     0     0
# [58745] ERROR: Read with empty scoreboard!
# ** Error: Assertion error.
#    Time: 58745 ns  Scope: test_NtnuTfe4171Lab1Fifo.scoreBoardPopAndCheck File: ./tb/test_NtnuTfe4171Lab1Fifo.sv Line: 75
# [58745] MISMATCH: expected=0xx actual=0x9a
# ** Error: Assertion error.
#    Time: 58745 ns  Scope: test_NtnuTfe4171Lab1Fifo.scoreBoardPopAndCheck File: ./tb/test_NtnuTfe4171Lab1Fifo.sv Line: 85
#     58745 |   1    0x09a  |   1   0x09a  |   0     0     0
#     58807 |   1    0x09a  |   0   0x09a  |   0     0     0
# [58869] ERROR: Read with empty scoreboard!
# ** Error: Assertion error.
#    Time: 58869 ns  Scope: test_NtnuTfe4171Lab1Fifo.scoreBoardPopAndCheck File: ./tb/test_NtnuTfe4171Lab1Fifo.sv Line: 75
# [58869] MISMATCH: expected=0xx actual=0x9a
# ** Error: Assertion error.
#    Time: 58869 ns  Scope: test_NtnuTfe4171Lab1Fifo.scoreBoardPopAndCheck File: ./tb/test_NtnuTfe4171Lab1Fifo.sv Line: 85
#     58869 |   1    0x09a  |   1   0x09a  |   0     0     0
#     58931 |   1    0x09a  |   0   0x09a  |   0     0     0
# [58993] ERROR: Read with empty scoreboard!
# ** Error: Assertion error.
#    Time: 58993 ns  Scope: test_NtnuTfe4171Lab1Fifo.scoreBoardPopAndCheck File: ./tb/test_NtnuTfe4171Lab1Fifo.sv Line: 75
# [58993] MISMATCH: expected=0xx actual=0x9a
# ** Error: Assertion error.
#    Time: 58993 ns  Scope: test_NtnuTfe4171Lab1Fifo.scoreBoardPopAndCheck File: ./tb/test_NtnuTfe4171Lab1Fifo.sv Line: 85
#     58993 |   1    0x09a  |   1   0x09a  |   0     0     0
#     59055 |   1    0x09a  |   0   0x09a  |   0     0     0
# [59117] ERROR: Read with empty scoreboard!
# ** Error: Assertion error.
#    Time: 59117 ns  Scope: test_NtnuTfe4171Lab1Fifo.scoreBoardPopAndCheck File: ./tb/test_NtnuTfe4171Lab1Fifo.sv Line: 75
# [59117] MISMATCH: expected=0xx actual=0x9a
# ** Error: Assertion error.
#    Time: 59117 ns  Scope: test_NtnuTfe4171Lab1Fifo.scoreBoardPopAndCheck File: ./tb/test_NtnuTfe4171Lab1Fifo.sv Line: 85
#     59117 |   1    0x09a  |   1   0x09a  |   0     0     0
#     59179 |   1    0x09a  |   0   0x09a  |   0     0     0
# [59241] ERROR: Read with empty scoreboard!
# ** Error: Assertion error.
#    Time: 59241 ns  Scope: test_NtnuTfe4171Lab1Fifo.scoreBoardPopAndCheck File: ./tb/test_NtnuTfe4171Lab1Fifo.sv Line: 75
# [59241] MISMATCH: expected=0xx actual=0x9a
# ** Error: Assertion error.
#    Time: 59241 ns  Scope: test_NtnuTfe4171Lab1Fifo.scoreBoardPopAndCheck File: ./tb/test_NtnuTfe4171Lab1Fifo.sv Line: 85
#     59241 |   1    0x09a  |   1   0x09a  |   0     0     0
#     59303 |   1    0x09a  |   0   0x09a  |   0     0     0
# [59365] ERROR: Read with empty scoreboard!
# ** Error: Assertion error.
#    Time: 59365 ns  Scope: test_NtnuTfe4171Lab1Fifo.scoreBoardPopAndCheck File: ./tb/test_NtnuTfe4171Lab1Fifo.sv Line: 75
# [59365] MISMATCH: expected=0xx actual=0x9a
# ** Error: Assertion error.
#    Time: 59365 ns  Scope: test_NtnuTfe4171Lab1Fifo.scoreBoardPopAndCheck File: ./tb/test_NtnuTfe4171Lab1Fifo.sv Line: 85
#     59365 |   1    0x09a  |   1   0x09a  |   0     0     0
#     59427 |   1    0x09a  |   0   0x09a  |   0     0     0
# [59489] ERROR: Read with empty scoreboard!
# ** Error: Assertion error.
#    Time: 59489 ns  Scope: test_NtnuTfe4171Lab1Fifo.scoreBoardPopAndCheck File: ./tb/test_NtnuTfe4171Lab1Fifo.sv Line: 75
# [59489] MISMATCH: expected=0xx actual=0x9a
# ** Error: Assertion error.
#    Time: 59489 ns  Scope: test_NtnuTfe4171Lab1Fifo.scoreBoardPopAndCheck File: ./tb/test_NtnuTfe4171Lab1Fifo.sv Line: 85
#     59489 |   1    0x09a  |   1   0x09a  |   0     0     0
#     59551 |   1    0x09a  |   0   0x09a  |   0     0     0
# [59613] ERROR: Read with empty scoreboard!
# ** Error: Assertion error.
#    Time: 59613 ns  Scope: test_NtnuTfe4171Lab1Fifo.scoreBoardPopAndCheck File: ./tb/test_NtnuTfe4171Lab1Fifo.sv Line: 75
# [59613] MISMATCH: expected=0xx actual=0x9a
# ** Error: Assertion error.
#    Time: 59613 ns  Scope: test_NtnuTfe4171Lab1Fifo.scoreBoardPopAndCheck File: ./tb/test_NtnuTfe4171Lab1Fifo.sv Line: 85
#     59613 |   1    0x09a  |   1   0x09a  |   0     0     0
#     59675 |   1    0x09a  |   0   0x09a  |   0     0     0
# [59737] ERROR: Read with empty scoreboard!
# ** Error: Assertion error.
#    Time: 59737 ns  Scope: test_NtnuTfe4171Lab1Fifo.scoreBoardPopAndCheck File: ./tb/test_NtnuTfe4171Lab1Fifo.sv Line: 75
# [59737] MISMATCH: expected=0xx actual=0x9a
# ** Error: Assertion error.
#    Time: 59737 ns  Scope: test_NtnuTfe4171Lab1Fifo.scoreBoardPopAndCheck File: ./tb/test_NtnuTfe4171Lab1Fifo.sv Line: 85
#     59737 |   1    0x09a  |   1   0x09a  |   0     0     0
#     59799 |   1    0x09a  |   0   0x09a  |   0     0     0
# [59861] ERROR: Read with empty scoreboard!
# ** Error: Assertion error.
#    Time: 59861 ns  Scope: test_NtnuTfe4171Lab1Fifo.scoreBoardPopAndCheck File: ./tb/test_NtnuTfe4171Lab1Fifo.sv Line: 75
# [59861] MISMATCH: expected=0xx actual=0x9a
# ** Error: Assertion error.
#    Time: 59861 ns  Scope: test_NtnuTfe4171Lab1Fifo.scoreBoardPopAndCheck File: ./tb/test_NtnuTfe4171Lab1Fifo.sv Line: 85
#     59861 |   1    0x09a  |   1   0x09a  |   0     0     0
#     59923 |   1    0x09a  |   0   0x09a  |   0     0     0
# [59985] ERROR: Read with empty scoreboard!
# ** Error: Assertion error.
#    Time: 59985 ns  Scope: test_NtnuTfe4171Lab1Fifo.scoreBoardPopAndCheck File: ./tb/test_NtnuTfe4171Lab1Fifo.sv Line: 75
# [59985] MISMATCH: expected=0xx actual=0x9a
# ** Error: Assertion error.
#    Time: 59985 ns  Scope: test_NtnuTfe4171Lab1Fifo.scoreBoardPopAndCheck File: ./tb/test_NtnuTfe4171Lab1Fifo.sv Line: 85
#     59985 |   1    0x09a  |   1   0x09a  |   0     0     0
#     60047 |   1    0x09a  |   0   0x09a  |   0     0     0
# [60109] ERROR: Read with empty scoreboard!
# ** Error: Assertion error.
#    Time: 60109 ns  Scope: test_NtnuTfe4171Lab1Fifo.scoreBoardPopAndCheck File: ./tb/test_NtnuTfe4171Lab1Fifo.sv Line: 75
# [60109] MISMATCH: expected=0xx actual=0x9a
# ** Error: Assertion error.
#    Time: 60109 ns  Scope: test_NtnuTfe4171Lab1Fifo.scoreBoardPopAndCheck File: ./tb/test_NtnuTfe4171Lab1Fifo.sv Line: 85
#     60109 |   1    0x09a  |   1   0x09a  |   0     0     0
#     60171 |   1    0x09a  |   0   0x09a  |   0     0     0
# [60233] ERROR: Read with empty scoreboard!
# ** Error: Assertion error.
#    Time: 60233 ns  Scope: test_NtnuTfe4171Lab1Fifo.scoreBoardPopAndCheck File: ./tb/test_NtnuTfe4171Lab1Fifo.sv Line: 75
# [60233] MISMATCH: expected=0xx actual=0x9a
# ** Error: Assertion error.
#    Time: 60233 ns  Scope: test_NtnuTfe4171Lab1Fifo.scoreBoardPopAndCheck File: ./tb/test_NtnuTfe4171Lab1Fifo.sv Line: 85
#     60233 |   1    0x09a  |   1   0x09a  |   0     0     0
#     60295 |   1    0x09a  |   0   0x09a  |   0     0     0
# [60357] ERROR: Read with empty scoreboard!
# ** Error: Assertion error.
#    Time: 60357 ns  Scope: test_NtnuTfe4171Lab1Fifo.scoreBoardPopAndCheck File: ./tb/test_NtnuTfe4171Lab1Fifo.sv Line: 75
# [60357] MISMATCH: expected=0xx actual=0x9a
# ** Error: Assertion error.
#    Time: 60357 ns  Scope: test_NtnuTfe4171Lab1Fifo.scoreBoardPopAndCheck File: ./tb/test_NtnuTfe4171Lab1Fifo.sv Line: 85
#     60357 |   1    0x09a  |   1   0x09a  |   0     0     0
#     60419 |   1    0x09a  |   0   0x09a  |   0     0     0
# [60481] ERROR: Read with empty scoreboard!
# ** Error: Assertion error.
#    Time: 60481 ns  Scope: test_NtnuTfe4171Lab1Fifo.scoreBoardPopAndCheck File: ./tb/test_NtnuTfe4171Lab1Fifo.sv Line: 75
# [60481] MISMATCH: expected=0xx actual=0x9a
# ** Error: Assertion error.
#    Time: 60481 ns  Scope: test_NtnuTfe4171Lab1Fifo.scoreBoardPopAndCheck File: ./tb/test_NtnuTfe4171Lab1Fifo.sv Line: 85
#     60481 |   1    0x09a  |   1   0x09a  |   0     0     0
#     60543 |   1    0x09a  |   0   0x09a  |   0     0     0
# [60605] ERROR: Read with empty scoreboard!
# ** Error: Assertion error.
#    Time: 60605 ns  Scope: test_NtnuTfe4171Lab1Fifo.scoreBoardPopAndCheck File: ./tb/test_NtnuTfe4171Lab1Fifo.sv Line: 75
# [60605] MISMATCH: expected=0xx actual=0x9a
# ** Error: Assertion error.
#    Time: 60605 ns  Scope: test_NtnuTfe4171Lab1Fifo.scoreBoardPopAndCheck File: ./tb/test_NtnuTfe4171Lab1Fifo.sv Line: 85
#     60605 |   1    0x09a  |   1   0x09a  |   0     0     0
#     60667 |   1    0x09a  |   0   0x09a  |   0     0     0
# [60729] ERROR: Read with empty scoreboard!
# ** Error: Assertion error.
#    Time: 60729 ns  Scope: test_NtnuTfe4171Lab1Fifo.scoreBoardPopAndCheck File: ./tb/test_NtnuTfe4171Lab1Fifo.sv Line: 75
# [60729] MISMATCH: expected=0xx actual=0x9a
# ** Error: Assertion error.
#    Time: 60729 ns  Scope: test_NtnuTfe4171Lab1Fifo.scoreBoardPopAndCheck File: ./tb/test_NtnuTfe4171Lab1Fifo.sv Line: 85
#     60729 |   1    0x09a  |   1   0x09a  |   0     0     0
#     60791 |   1    0x09a  |   0   0x09a  |   0     0     0
# [60853] ERROR: Read with empty scoreboard!
# ** Error: Assertion error.
#    Time: 60853 ns  Scope: test_NtnuTfe4171Lab1Fifo.scoreBoardPopAndCheck File: ./tb/test_NtnuTfe4171Lab1Fifo.sv Line: 75
# [60853] MISMATCH: expected=0xx actual=0x9a
# ** Error: Assertion error.
#    Time: 60853 ns  Scope: test_NtnuTfe4171Lab1Fifo.scoreBoardPopAndCheck File: ./tb/test_NtnuTfe4171Lab1Fifo.sv Line: 85
#     60853 |   1    0x09a  |   1   0x09a  |   0     0     0
#     60915 |   1    0x09a  |   0   0x09a  |   0     0     0
# [60977] ERROR: Read with empty scoreboard!
# ** Error: Assertion error.
#    Time: 60977 ns  Scope: test_NtnuTfe4171Lab1Fifo.scoreBoardPopAndCheck File: ./tb/test_NtnuTfe4171Lab1Fifo.sv Line: 75
# [60977] MISMATCH: expected=0xx actual=0x9a
# ** Error: Assertion error.
#    Time: 60977 ns  Scope: test_NtnuTfe4171Lab1Fifo.scoreBoardPopAndCheck File: ./tb/test_NtnuTfe4171Lab1Fifo.sv Line: 85
#     60977 |   1    0x09a  |   1   0x09a  |   0     0     0
#     61039 |   1    0x09a  |   0   0x09a  |   0     0     0
# [61101] ERROR: Read with empty scoreboard!
# ** Error: Assertion error.
#    Time: 61101 ns  Scope: test_NtnuTfe4171Lab1Fifo.scoreBoardPopAndCheck File: ./tb/test_NtnuTfe4171Lab1Fifo.sv Line: 75
# [61101] MISMATCH: expected=0xx actual=0x9a
# ** Error: Assertion error.
#    Time: 61101 ns  Scope: test_NtnuTfe4171Lab1Fifo.scoreBoardPopAndCheck File: ./tb/test_NtnuTfe4171Lab1Fifo.sv Line: 85
#     61101 |   1    0x09a  |   1   0x09a  |   0     0     0
#     61163 |   1    0x09a  |   0   0x09a  |   0     0     0
#     61225 |   1    0x09a  |   1   0x09a  |   0     1     0
#     61287 |   1    0x09a  |   0   0x09a  |   0     0     0
# [61349] ERROR: Read with empty scoreboard!
# ** Error: Assertion error.
#    Time: 61349 ns  Scope: test_NtnuTfe4171Lab1Fifo.scoreBoardPopAndCheck File: ./tb/test_NtnuTfe4171Lab1Fifo.sv Line: 75
# [61349] MISMATCH: expected=0xx actual=0x9a
# ** Error: Assertion error.
#    Time: 61349 ns  Scope: test_NtnuTfe4171Lab1Fifo.scoreBoardPopAndCheck File: ./tb/test_NtnuTfe4171Lab1Fifo.sv Line: 85
#     61349 |   1    0x09a  |   1   0x09a  |   0     0     0
#     61411 |   1    0x09a  |   0   0x09a  |   0     0     0
# [61473] ERROR: Read with empty scoreboard!
# ** Error: Assertion error.
#    Time: 61473 ns  Scope: test_NtnuTfe4171Lab1Fifo.scoreBoardPopAndCheck File: ./tb/test_NtnuTfe4171Lab1Fifo.sv Line: 75
# [61473] MISMATCH: expected=0xx actual=0x9a
# ** Error: Assertion error.
#    Time: 61473 ns  Scope: test_NtnuTfe4171Lab1Fifo.scoreBoardPopAndCheck File: ./tb/test_NtnuTfe4171Lab1Fifo.sv Line: 85
#     61473 |   1    0x09a  |   1   0x09a  |   0     0     0
#     61535 |   1    0x09a  |   0   0x09a  |   0     0     0
# [61597] ERROR: Read with empty scoreboard!
# ** Error: Assertion error.
#    Time: 61597 ns  Scope: test_NtnuTfe4171Lab1Fifo.scoreBoardPopAndCheck File: ./tb/test_NtnuTfe4171Lab1Fifo.sv Line: 75
# [61597] MISMATCH: expected=0xx actual=0x9a
# ** Error: Assertion error.
#    Time: 61597 ns  Scope: test_NtnuTfe4171Lab1Fifo.scoreBoardPopAndCheck File: ./tb/test_NtnuTfe4171Lab1Fifo.sv Line: 85
#     61597 |   1    0x09a  |   1   0x09a  |   0     0     0
#     61659 |   1    0x09a  |   0   0x09a  |   0     0     0
# [61721] ERROR: Read with empty scoreboard!
# ** Error: Assertion error.
#    Time: 61721 ns  Scope: test_NtnuTfe4171Lab1Fifo.scoreBoardPopAndCheck File: ./tb/test_NtnuTfe4171Lab1Fifo.sv Line: 75
# [61721] MISMATCH: expected=0xx actual=0x9a
# ** Error: Assertion error.
#    Time: 61721 ns  Scope: test_NtnuTfe4171Lab1Fifo.scoreBoardPopAndCheck File: ./tb/test_NtnuTfe4171Lab1Fifo.sv Line: 85
#     61721 |   1    0x09a  |   1   0x09a  |   0     0     0
#     61783 |   1    0x09a  |   0   0x09a  |   0     0     0
# [61845] ERROR: Read with empty scoreboard!
# ** Error: Assertion error.
#    Time: 61845 ns  Scope: test_NtnuTfe4171Lab1Fifo.scoreBoardPopAndCheck File: ./tb/test_NtnuTfe4171Lab1Fifo.sv Line: 75
# [61845] MISMATCH: expected=0xx actual=0x9a
# ** Error: Assertion error.
#    Time: 61845 ns  Scope: test_NtnuTfe4171Lab1Fifo.scoreBoardPopAndCheck File: ./tb/test_NtnuTfe4171Lab1Fifo.sv Line: 85
#     61845 |   1    0x09a  |   1   0x09a  |   0     0     0
#     61907 |   1    0x09a  |   0   0x09a  |   0     0     0
# [61969] ERROR: Read with empty scoreboard!
# ** Error: Assertion error.
#    Time: 61969 ns  Scope: test_NtnuTfe4171Lab1Fifo.scoreBoardPopAndCheck File: ./tb/test_NtnuTfe4171Lab1Fifo.sv Line: 75
# [61969] MISMATCH: expected=0xx actual=0x9a
# ** Error: Assertion error.
#    Time: 61969 ns  Scope: test_NtnuTfe4171Lab1Fifo.scoreBoardPopAndCheck File: ./tb/test_NtnuTfe4171Lab1Fifo.sv Line: 85
#     61969 |   1    0x09a  |   1   0x09a  |   0     0     0
#     62031 |   1    0x09a  |   0   0x09a  |   0     0     0
# [62093] ERROR: Read with empty scoreboard!
# ** Error: Assertion error.
#    Time: 62093 ns  Scope: test_NtnuTfe4171Lab1Fifo.scoreBoardPopAndCheck File: ./tb/test_NtnuTfe4171Lab1Fifo.sv Line: 75
# [62093] MISMATCH: expected=0xx actual=0x9a
# ** Error: Assertion error.
#    Time: 62093 ns  Scope: test_NtnuTfe4171Lab1Fifo.scoreBoardPopAndCheck File: ./tb/test_NtnuTfe4171Lab1Fifo.sv Line: 85
#     62093 |   1    0x09a  |   1   0x09a  |   0     0     0
#     62155 |   1    0x09a  |   0   0x09a  |   0     0     0
# [62217] ERROR: Read with empty scoreboard!
# ** Error: Assertion error.
#    Time: 62217 ns  Scope: test_NtnuTfe4171Lab1Fifo.scoreBoardPopAndCheck File: ./tb/test_NtnuTfe4171Lab1Fifo.sv Line: 75
# [62217] MISMATCH: expected=0xx actual=0x9a
# ** Error: Assertion error.
#    Time: 62217 ns  Scope: test_NtnuTfe4171Lab1Fifo.scoreBoardPopAndCheck File: ./tb/test_NtnuTfe4171Lab1Fifo.sv Line: 85
#     62217 |   1    0x09a  |   1   0x09a  |   0     0     0
#     62279 |   1    0x09a  |   0   0x09a  |   0     0     0
# [62341] ERROR: Read with empty scoreboard!
# ** Error: Assertion error.
#    Time: 62341 ns  Scope: test_NtnuTfe4171Lab1Fifo.scoreBoardPopAndCheck File: ./tb/test_NtnuTfe4171Lab1Fifo.sv Line: 75
# [62341] MISMATCH: expected=0xx actual=0x9a
# ** Error: Assertion error.
#    Time: 62341 ns  Scope: test_NtnuTfe4171Lab1Fifo.scoreBoardPopAndCheck File: ./tb/test_NtnuTfe4171Lab1Fifo.sv Line: 85
#     62341 |   1    0x09a  |   1   0x09a  |   0     0     0
#     62403 |   1    0x09a  |   0   0x09a  |   0     0     0
# [62465] ERROR: Read with empty scoreboard!
# ** Error: Assertion error.
#    Time: 62465 ns  Scope: test_NtnuTfe4171Lab1Fifo.scoreBoardPopAndCheck File: ./tb/test_NtnuTfe4171Lab1Fifo.sv Line: 75
# [62465] MISMATCH: expected=0xx actual=0x9a
# ** Error: Assertion error.
#    Time: 62465 ns  Scope: test_NtnuTfe4171Lab1Fifo.scoreBoardPopAndCheck File: ./tb/test_NtnuTfe4171Lab1Fifo.sv Line: 85
#     62465 |   1    0x09a  |   1   0x09a  |   0     0     0
#     62527 |   1    0x09a  |   0   0x09a  |   0     0     0
# [62589] ERROR: Read with empty scoreboard!
# ** Error: Assertion error.
#    Time: 62589 ns  Scope: test_NtnuTfe4171Lab1Fifo.scoreBoardPopAndCheck File: ./tb/test_NtnuTfe4171Lab1Fifo.sv Line: 75
# [62589] MISMATCH: expected=0xx actual=0x9a
# ** Error: Assertion error.
#    Time: 62589 ns  Scope: test_NtnuTfe4171Lab1Fifo.scoreBoardPopAndCheck File: ./tb/test_NtnuTfe4171Lab1Fifo.sv Line: 85
#     62589 |   1    0x09a  |   1   0x09a  |   0     0     0
#     62651 |   1    0x09a  |   0   0x09a  |   0     0     0
# [62713] ERROR: Read with empty scoreboard!
# ** Error: Assertion error.
#    Time: 62713 ns  Scope: test_NtnuTfe4171Lab1Fifo.scoreBoardPopAndCheck File: ./tb/test_NtnuTfe4171Lab1Fifo.sv Line: 75
# [62713] MISMATCH: expected=0xx actual=0x9a
# ** Error: Assertion error.
#    Time: 62713 ns  Scope: test_NtnuTfe4171Lab1Fifo.scoreBoardPopAndCheck File: ./tb/test_NtnuTfe4171Lab1Fifo.sv Line: 85
#     62713 |   1    0x09a  |   1   0x09a  |   0     0     0
#     62775 |   1    0x09a  |   0   0x09a  |   0     0     0
# [62837] ERROR: Read with empty scoreboard!
# ** Error: Assertion error.
#    Time: 62837 ns  Scope: test_NtnuTfe4171Lab1Fifo.scoreBoardPopAndCheck File: ./tb/test_NtnuTfe4171Lab1Fifo.sv Line: 75
# [62837] MISMATCH: expected=0xx actual=0x9a
# ** Error: Assertion error.
#    Time: 62837 ns  Scope: test_NtnuTfe4171Lab1Fifo.scoreBoardPopAndCheck File: ./tb/test_NtnuTfe4171Lab1Fifo.sv Line: 85
#     62837 |   1    0x09a  |   1   0x09a  |   0     0     0
#     62899 |   1    0x09a  |   0   0x09a  |   0     0     0
# [62961] ERROR: Read with empty scoreboard!
# ** Error: Assertion error.
#    Time: 62961 ns  Scope: test_NtnuTfe4171Lab1Fifo.scoreBoardPopAndCheck File: ./tb/test_NtnuTfe4171Lab1Fifo.sv Line: 75
# [62961] MISMATCH: expected=0xx actual=0x9a
# ** Error: Assertion error.
#    Time: 62961 ns  Scope: test_NtnuTfe4171Lab1Fifo.scoreBoardPopAndCheck File: ./tb/test_NtnuTfe4171Lab1Fifo.sv Line: 85
#     62961 |   1    0x09a  |   1   0x09a  |   0     0     0
#     63023 |   1    0x09a  |   0   0x09a  |   0     0     0
# [63085] ERROR: Read with empty scoreboard!
# ** Error: Assertion error.
#    Time: 63085 ns  Scope: test_NtnuTfe4171Lab1Fifo.scoreBoardPopAndCheck File: ./tb/test_NtnuTfe4171Lab1Fifo.sv Line: 75
# [63085] MISMATCH: expected=0xx actual=0x9a
# ** Error: Assertion error.
#    Time: 63085 ns  Scope: test_NtnuTfe4171Lab1Fifo.scoreBoardPopAndCheck File: ./tb/test_NtnuTfe4171Lab1Fifo.sv Line: 85
#     63085 |   1    0x09a  |   1   0x09a  |   0     0     0
#     63147 |   1    0x09a  |   0   0x09a  |   0     0     0
# [63209] ERROR: Read with empty scoreboard!
# ** Error: Assertion error.
#    Time: 63209 ns  Scope: test_NtnuTfe4171Lab1Fifo.scoreBoardPopAndCheck File: ./tb/test_NtnuTfe4171Lab1Fifo.sv Line: 75
# [63209] MISMATCH: expected=0xx actual=0x9a
# ** Error: Assertion error.
#    Time: 63209 ns  Scope: test_NtnuTfe4171Lab1Fifo.scoreBoardPopAndCheck File: ./tb/test_NtnuTfe4171Lab1Fifo.sv Line: 85
#     63209 |   1    0x09a  |   1   0x09a  |   0     0     0
#     63271 |   1    0x09a  |   0   0x09a  |   0     0     0
# [63333] ERROR: Read with empty scoreboard!
# ** Error: Assertion error.
#    Time: 63333 ns  Scope: test_NtnuTfe4171Lab1Fifo.scoreBoardPopAndCheck File: ./tb/test_NtnuTfe4171Lab1Fifo.sv Line: 75
# [63333] MISMATCH: expected=0xx actual=0x9a
# ** Error: Assertion error.
#    Time: 63333 ns  Scope: test_NtnuTfe4171Lab1Fifo.scoreBoardPopAndCheck File: ./tb/test_NtnuTfe4171Lab1Fifo.sv Line: 85
#     63333 |   1    0x09a  |   1   0x09a  |   0     0     0
#     63395 |   1    0x09a  |   0   0x09a  |   0     0     0
# [63457] ERROR: Read with empty scoreboard!
# ** Error: Assertion error.
#    Time: 63457 ns  Scope: test_NtnuTfe4171Lab1Fifo.scoreBoardPopAndCheck File: ./tb/test_NtnuTfe4171Lab1Fifo.sv Line: 75
# [63457] MISMATCH: expected=0xx actual=0x9a
# ** Error: Assertion error.
#    Time: 63457 ns  Scope: test_NtnuTfe4171Lab1Fifo.scoreBoardPopAndCheck File: ./tb/test_NtnuTfe4171Lab1Fifo.sv Line: 85
#     63457 |   1    0x09a  |   1   0x09a  |   0     0     0
#     63519 |   1    0x09a  |   0   0x09a  |   0     0     0
# [63581] ERROR: Read with empty scoreboard!
# ** Error: Assertion error.
#    Time: 63581 ns  Scope: test_NtnuTfe4171Lab1Fifo.scoreBoardPopAndCheck File: ./tb/test_NtnuTfe4171Lab1Fifo.sv Line: 75
# [63581] MISMATCH: expected=0xx actual=0x9a
# ** Error: Assertion error.
#    Time: 63581 ns  Scope: test_NtnuTfe4171Lab1Fifo.scoreBoardPopAndCheck File: ./tb/test_NtnuTfe4171Lab1Fifo.sv Line: 85
#     63581 |   1    0x09a  |   1   0x09a  |   0     0     0
#     63643 |   1    0x09a  |   0   0x09a  |   0     0     0
# [63705] ERROR: Read with empty scoreboard!
# ** Error: Assertion error.
#    Time: 63705 ns  Scope: test_NtnuTfe4171Lab1Fifo.scoreBoardPopAndCheck File: ./tb/test_NtnuTfe4171Lab1Fifo.sv Line: 75
# [63705] MISMATCH: expected=0xx actual=0x9a
# ** Error: Assertion error.
#    Time: 63705 ns  Scope: test_NtnuTfe4171Lab1Fifo.scoreBoardPopAndCheck File: ./tb/test_NtnuTfe4171Lab1Fifo.sv Line: 85
#     63705 |   1    0x09a  |   1   0x09a  |   0     0     0
#     63767 |   1    0x09a  |   0   0x09a  |   0     0     0
# [63829] ERROR: Read with empty scoreboard!
# ** Error: Assertion error.
#    Time: 63829 ns  Scope: test_NtnuTfe4171Lab1Fifo.scoreBoardPopAndCheck File: ./tb/test_NtnuTfe4171Lab1Fifo.sv Line: 75
# [63829] MISMATCH: expected=0xx actual=0x9a
# ** Error: Assertion error.
#    Time: 63829 ns  Scope: test_NtnuTfe4171Lab1Fifo.scoreBoardPopAndCheck File: ./tb/test_NtnuTfe4171Lab1Fifo.sv Line: 85
#     63829 |   1    0x09a  |   1   0x09a  |   0     0     0
#     63891 |   1    0x09a  |   0   0x09a  |   0     0     0
# [63953] ERROR: Read with empty scoreboard!
# ** Error: Assertion error.
#    Time: 63953 ns  Scope: test_NtnuTfe4171Lab1Fifo.scoreBoardPopAndCheck File: ./tb/test_NtnuTfe4171Lab1Fifo.sv Line: 75
# [63953] MISMATCH: expected=0xx actual=0x9a
# ** Error: Assertion error.
#    Time: 63953 ns  Scope: test_NtnuTfe4171Lab1Fifo.scoreBoardPopAndCheck File: ./tb/test_NtnuTfe4171Lab1Fifo.sv Line: 85
#     63953 |   1    0x09a  |   1   0x09a  |   0     0     0
#     64015 |   1    0x09a  |   0   0x09a  |   0     0     0
# [64077] ERROR: Read with empty scoreboard!
# ** Error: Assertion error.
#    Time: 64077 ns  Scope: test_NtnuTfe4171Lab1Fifo.scoreBoardPopAndCheck File: ./tb/test_NtnuTfe4171Lab1Fifo.sv Line: 75
# [64077] MISMATCH: expected=0xx actual=0x9a
# ** Error: Assertion error.
#    Time: 64077 ns  Scope: test_NtnuTfe4171Lab1Fifo.scoreBoardPopAndCheck File: ./tb/test_NtnuTfe4171Lab1Fifo.sv Line: 85
#     64077 |   1    0x09a  |   1   0x09a  |   0     0     0
#     64139 |   1    0x09a  |   0   0x09a  |   0     0     0
# [64201] ERROR: Read with empty scoreboard!
# ** Error: Assertion error.
#    Time: 64201 ns  Scope: test_NtnuTfe4171Lab1Fifo.scoreBoardPopAndCheck File: ./tb/test_NtnuTfe4171Lab1Fifo.sv Line: 75
# [64201] MISMATCH: expected=0xx actual=0x9a
# ** Error: Assertion error.
#    Time: 64201 ns  Scope: test_NtnuTfe4171Lab1Fifo.scoreBoardPopAndCheck File: ./tb/test_NtnuTfe4171Lab1Fifo.sv Line: 85
#     64201 |   1    0x09a  |   1   0x09a  |   0     0     0
#     64263 |   1    0x09a  |   0   0x09a  |   0     0     0
# [64325] ERROR: Read with empty scoreboard!
# ** Error: Assertion error.
#    Time: 64325 ns  Scope: test_NtnuTfe4171Lab1Fifo.scoreBoardPopAndCheck File: ./tb/test_NtnuTfe4171Lab1Fifo.sv Line: 75
# [64325] MISMATCH: expected=0xx actual=0x9a
# ** Error: Assertion error.
#    Time: 64325 ns  Scope: test_NtnuTfe4171Lab1Fifo.scoreBoardPopAndCheck File: ./tb/test_NtnuTfe4171Lab1Fifo.sv Line: 85
#     64325 |   1    0x09a  |   1   0x09a  |   0     0     0
#     64387 |   1    0x09a  |   0   0x09a  |   0     0     0
# [64449] ERROR: Read with empty scoreboard!
# ** Error: Assertion error.
#    Time: 64449 ns  Scope: test_NtnuTfe4171Lab1Fifo.scoreBoardPopAndCheck File: ./tb/test_NtnuTfe4171Lab1Fifo.sv Line: 75
# [64449] MISMATCH: expected=0xx actual=0x9a
# ** Error: Assertion error.
#    Time: 64449 ns  Scope: test_NtnuTfe4171Lab1Fifo.scoreBoardPopAndCheck File: ./tb/test_NtnuTfe4171Lab1Fifo.sv Line: 85
#     64449 |   1    0x09a  |   1   0x09a  |   0     0     0
#     64511 |   1    0x09a  |   0   0x09a  |   0     0     0
# [64573] ERROR: Read with empty scoreboard!
# ** Error: Assertion error.
#    Time: 64573 ns  Scope: test_NtnuTfe4171Lab1Fifo.scoreBoardPopAndCheck File: ./tb/test_NtnuTfe4171Lab1Fifo.sv Line: 75
# [64573] MISMATCH: expected=0xx actual=0x9a
# ** Error: Assertion error.
#    Time: 64573 ns  Scope: test_NtnuTfe4171Lab1Fifo.scoreBoardPopAndCheck File: ./tb/test_NtnuTfe4171Lab1Fifo.sv Line: 85
#     64573 |   1    0x09a  |   1   0x09a  |   0     0     0
#     64635 |   1    0x09a  |   0   0x09a  |   0     0     0
# [64697] ERROR: Read with empty scoreboard!
# ** Error: Assertion error.
#    Time: 64697 ns  Scope: test_NtnuTfe4171Lab1Fifo.scoreBoardPopAndCheck File: ./tb/test_NtnuTfe4171Lab1Fifo.sv Line: 75
# [64697] MISMATCH: expected=0xx actual=0x9a
# ** Error: Assertion error.
#    Time: 64697 ns  Scope: test_NtnuTfe4171Lab1Fifo.scoreBoardPopAndCheck File: ./tb/test_NtnuTfe4171Lab1Fifo.sv Line: 85
#     64697 |   1    0x09a  |   1   0x09a  |   0     0     0
#     64759 |   1    0x09a  |   0   0x09a  |   0     0     0
# [64821] ERROR: Read with empty scoreboard!
# ** Error: Assertion error.
#    Time: 64821 ns  Scope: test_NtnuTfe4171Lab1Fifo.scoreBoardPopAndCheck File: ./tb/test_NtnuTfe4171Lab1Fifo.sv Line: 75
# [64821] MISMATCH: expected=0xx actual=0x9a
# ** Error: Assertion error.
#    Time: 64821 ns  Scope: test_NtnuTfe4171Lab1Fifo.scoreBoardPopAndCheck File: ./tb/test_NtnuTfe4171Lab1Fifo.sv Line: 85
#     64821 |   1    0x09a  |   1   0x09a  |   0     0     0
#     64883 |   1    0x09a  |   0   0x09a  |   0     0     0
# [64945] ERROR: Read with empty scoreboard!
# ** Error: Assertion error.
#    Time: 64945 ns  Scope: test_NtnuTfe4171Lab1Fifo.scoreBoardPopAndCheck File: ./tb/test_NtnuTfe4171Lab1Fifo.sv Line: 75
# [64945] MISMATCH: expected=0xx actual=0x9a
# ** Error: Assertion error.
#    Time: 64945 ns  Scope: test_NtnuTfe4171Lab1Fifo.scoreBoardPopAndCheck File: ./tb/test_NtnuTfe4171Lab1Fifo.sv Line: 85
#     64945 |   1    0x09a  |   1   0x09a  |   0     0     0
#     65007 |   1    0x09a  |   0   0x09a  |   0     0     0
# [65069] ERROR: Read with empty scoreboard!
# ** Error: Assertion error.
#    Time: 65069 ns  Scope: test_NtnuTfe4171Lab1Fifo.scoreBoardPopAndCheck File: ./tb/test_NtnuTfe4171Lab1Fifo.sv Line: 75
# [65069] MISMATCH: expected=0xx actual=0x9a
# ** Error: Assertion error.
#    Time: 65069 ns  Scope: test_NtnuTfe4171Lab1Fifo.scoreBoardPopAndCheck File: ./tb/test_NtnuTfe4171Lab1Fifo.sv Line: 85
#     65069 |   1    0x09a  |   1   0x09a  |   1     0     0
#     65131 |   1    0x09a  |   0   0x09a  |   0     0     0
# [65193] ERROR: Read with empty scoreboard!
# ** Error: Assertion error.
#    Time: 65193 ns  Scope: test_NtnuTfe4171Lab1Fifo.scoreBoardPopAndCheck File: ./tb/test_NtnuTfe4171Lab1Fifo.sv Line: 75
# [65193] MISMATCH: expected=0xx actual=0x9a
# ** Error: Assertion error.
#    Time: 65193 ns  Scope: test_NtnuTfe4171Lab1Fifo.scoreBoardPopAndCheck File: ./tb/test_NtnuTfe4171Lab1Fifo.sv Line: 85
#     65193 |   1    0x09a  |   1   0x09a  |   1     0     0
#     65255 |   1    0x09a  |   0   0x09a  |   0     0     0
# [65317] ERROR: Read with empty scoreboard!
# ** Error: Assertion error.
#    Time: 65317 ns  Scope: test_NtnuTfe4171Lab1Fifo.scoreBoardPopAndCheck File: ./tb/test_NtnuTfe4171Lab1Fifo.sv Line: 75
# [65317] MISMATCH: expected=0xx actual=0x9a
# ** Error: Assertion error.
#    Time: 65317 ns  Scope: test_NtnuTfe4171Lab1Fifo.scoreBoardPopAndCheck File: ./tb/test_NtnuTfe4171Lab1Fifo.sv Line: 85
#     65317 |   1    0x09a  |   1   0x09a  |   0     0     0
#     65379 |   1    0x09a  |   0   0x09a  |   0     0     0
# [65441] ERROR: Read with empty scoreboard!
# ** Error: Assertion error.
#    Time: 65441 ns  Scope: test_NtnuTfe4171Lab1Fifo.scoreBoardPopAndCheck File: ./tb/test_NtnuTfe4171Lab1Fifo.sv Line: 75
# [65441] MISMATCH: expected=0xx actual=0x9a
# ** Error: Assertion error.
#    Time: 65441 ns  Scope: test_NtnuTfe4171Lab1Fifo.scoreBoardPopAndCheck File: ./tb/test_NtnuTfe4171Lab1Fifo.sv Line: 85
#     65441 |   1    0x09a  |   1   0x09a  |   0     0     0
#     65503 |   1    0x09a  |   0   0x09a  |   0     0     0
# [65565] ERROR: Read with empty scoreboard!
# ** Error: Assertion error.
#    Time: 65565 ns  Scope: test_NtnuTfe4171Lab1Fifo.scoreBoardPopAndCheck File: ./tb/test_NtnuTfe4171Lab1Fifo.sv Line: 75
# [65565] MISMATCH: expected=0xx actual=0x9a
# ** Error: Assertion error.
#    Time: 65565 ns  Scope: test_NtnuTfe4171Lab1Fifo.scoreBoardPopAndCheck File: ./tb/test_NtnuTfe4171Lab1Fifo.sv Line: 85
#     65565 |   1    0x09a  |   1   0x09a  |   0     0     0
#     65627 |   1    0x09a  |   0   0x09a  |   0     0     0
# [65689] ERROR: Read with empty scoreboard!
# ** Error: Assertion error.
#    Time: 65689 ns  Scope: test_NtnuTfe4171Lab1Fifo.scoreBoardPopAndCheck File: ./tb/test_NtnuTfe4171Lab1Fifo.sv Line: 75
# [65689] MISMATCH: expected=0xx actual=0x9a
# ** Error: Assertion error.
#    Time: 65689 ns  Scope: test_NtnuTfe4171Lab1Fifo.scoreBoardPopAndCheck File: ./tb/test_NtnuTfe4171Lab1Fifo.sv Line: 85
#     65689 |   1    0x09a  |   1   0x09a  |   0     0     0
#     65751 |   1    0x09a  |   0   0x09a  |   0     0     0
# [65813] ERROR: Read with empty scoreboard!
# ** Error: Assertion error.
#    Time: 65813 ns  Scope: test_NtnuTfe4171Lab1Fifo.scoreBoardPopAndCheck File: ./tb/test_NtnuTfe4171Lab1Fifo.sv Line: 75
# [65813] MISMATCH: expected=0xx actual=0x9a
# ** Error: Assertion error.
#    Time: 65813 ns  Scope: test_NtnuTfe4171Lab1Fifo.scoreBoardPopAndCheck File: ./tb/test_NtnuTfe4171Lab1Fifo.sv Line: 85
#     65813 |   1    0x09a  |   1   0x09a  |   0     0     0
#     65875 |   1    0x09a  |   0   0x09a  |   0     0     0
# [65937] ERROR: Read with empty scoreboard!
# ** Error: Assertion error.
#    Time: 65937 ns  Scope: test_NtnuTfe4171Lab1Fifo.scoreBoardPopAndCheck File: ./tb/test_NtnuTfe4171Lab1Fifo.sv Line: 75
# [65937] MISMATCH: expected=0xx actual=0x9a
# ** Error: Assertion error.
#    Time: 65937 ns  Scope: test_NtnuTfe4171Lab1Fifo.scoreBoardPopAndCheck File: ./tb/test_NtnuTfe4171Lab1Fifo.sv Line: 85
#     65937 |   1    0x09a  |   1   0x09a  |   0     0     0
#     65999 |   1    0x09a  |   0   0x09a  |   0     0     0
# [66061] ERROR: Read with empty scoreboard!
# ** Error: Assertion error.
#    Time: 66061 ns  Scope: test_NtnuTfe4171Lab1Fifo.scoreBoardPopAndCheck File: ./tb/test_NtnuTfe4171Lab1Fifo.sv Line: 75
# [66061] MISMATCH: expected=0xx actual=0x9a
# ** Error: Assertion error.
#    Time: 66061 ns  Scope: test_NtnuTfe4171Lab1Fifo.scoreBoardPopAndCheck File: ./tb/test_NtnuTfe4171Lab1Fifo.sv Line: 85
#     66061 |   1    0x09a  |   1   0x09a  |   0     0     0
#     66123 |   1    0x09a  |   0   0x09a  |   0     0     0
# [66185] ERROR: Read with empty scoreboard!
# ** Error: Assertion error.
#    Time: 66185 ns  Scope: test_NtnuTfe4171Lab1Fifo.scoreBoardPopAndCheck File: ./tb/test_NtnuTfe4171Lab1Fifo.sv Line: 75
# [66185] MISMATCH: expected=0xx actual=0x9a
# ** Error: Assertion error.
#    Time: 66185 ns  Scope: test_NtnuTfe4171Lab1Fifo.scoreBoardPopAndCheck File: ./tb/test_NtnuTfe4171Lab1Fifo.sv Line: 85
#     66185 |   1    0x09a  |   1   0x09a  |   0     0     0
#     66247 |   1    0x09a  |   0   0x09a  |   0     0     0
# [66309] ERROR: Read with empty scoreboard!
# ** Error: Assertion error.
#    Time: 66309 ns  Scope: test_NtnuTfe4171Lab1Fifo.scoreBoardPopAndCheck File: ./tb/test_NtnuTfe4171Lab1Fifo.sv Line: 75
# [66309] MISMATCH: expected=0xx actual=0x9a
# ** Error: Assertion error.
#    Time: 66309 ns  Scope: test_NtnuTfe4171Lab1Fifo.scoreBoardPopAndCheck File: ./tb/test_NtnuTfe4171Lab1Fifo.sv Line: 85
#     66309 |   1    0x09a  |   1   0x09a  |   0     0     0
#     66371 |   1    0x09a  |   0   0x09a  |   0     0     0
# [66433] ERROR: Read with empty scoreboard!
# ** Error: Assertion error.
#    Time: 66433 ns  Scope: test_NtnuTfe4171Lab1Fifo.scoreBoardPopAndCheck File: ./tb/test_NtnuTfe4171Lab1Fifo.sv Line: 75
# [66433] MISMATCH: expected=0xx actual=0x9a
# ** Error: Assertion error.
#    Time: 66433 ns  Scope: test_NtnuTfe4171Lab1Fifo.scoreBoardPopAndCheck File: ./tb/test_NtnuTfe4171Lab1Fifo.sv Line: 85
#     66433 |   1    0x09a  |   1   0x09a  |   0     0     0
#     66495 |   1    0x09a  |   0   0x09a  |   0     0     0
# [66557] ERROR: Read with empty scoreboard!
# ** Error: Assertion error.
#    Time: 66557 ns  Scope: test_NtnuTfe4171Lab1Fifo.scoreBoardPopAndCheck File: ./tb/test_NtnuTfe4171Lab1Fifo.sv Line: 75
# [66557] MISMATCH: expected=0xx actual=0x9a
# ** Error: Assertion error.
#    Time: 66557 ns  Scope: test_NtnuTfe4171Lab1Fifo.scoreBoardPopAndCheck File: ./tb/test_NtnuTfe4171Lab1Fifo.sv Line: 85
#     66557 |   1    0x09a  |   1   0x09a  |   0     0     0
#     66619 |   1    0x09a  |   0   0x09a  |   0     0     0
# [66681] ERROR: Read with empty scoreboard!
# ** Error: Assertion error.
#    Time: 66681 ns  Scope: test_NtnuTfe4171Lab1Fifo.scoreBoardPopAndCheck File: ./tb/test_NtnuTfe4171Lab1Fifo.sv Line: 75
# [66681] MISMATCH: expected=0xx actual=0x9a
# ** Error: Assertion error.
#    Time: 66681 ns  Scope: test_NtnuTfe4171Lab1Fifo.scoreBoardPopAndCheck File: ./tb/test_NtnuTfe4171Lab1Fifo.sv Line: 85
#     66681 |   1    0x09a  |   1   0x09a  |   0     0     0
#     66743 |   1    0x09a  |   0   0x09a  |   0     0     0
# [66805] ERROR: Read with empty scoreboard!
# ** Error: Assertion error.
#    Time: 66805 ns  Scope: test_NtnuTfe4171Lab1Fifo.scoreBoardPopAndCheck File: ./tb/test_NtnuTfe4171Lab1Fifo.sv Line: 75
# [66805] MISMATCH: expected=0xx actual=0x9a
# ** Error: Assertion error.
#    Time: 66805 ns  Scope: test_NtnuTfe4171Lab1Fifo.scoreBoardPopAndCheck File: ./tb/test_NtnuTfe4171Lab1Fifo.sv Line: 85
#     66805 |   1    0x09a  |   1   0x09a  |   0     0     0
#     66867 |   1    0x09a  |   0   0x09a  |   0     0     0
# [66929] ERROR: Read with empty scoreboard!
# ** Error: Assertion error.
#    Time: 66929 ns  Scope: test_NtnuTfe4171Lab1Fifo.scoreBoardPopAndCheck File: ./tb/test_NtnuTfe4171Lab1Fifo.sv Line: 75
# [66929] MISMATCH: expected=0xx actual=0x9a
# ** Error: Assertion error.
#    Time: 66929 ns  Scope: test_NtnuTfe4171Lab1Fifo.scoreBoardPopAndCheck File: ./tb/test_NtnuTfe4171Lab1Fifo.sv Line: 85
#     66929 |   1    0x09a  |   1   0x09a  |   0     0     0
#     66991 |   1    0x09a  |   0   0x09a  |   0     0     0
# [67053] ERROR: Read with empty scoreboard!
# ** Error: Assertion error.
#    Time: 67053 ns  Scope: test_NtnuTfe4171Lab1Fifo.scoreBoardPopAndCheck File: ./tb/test_NtnuTfe4171Lab1Fifo.sv Line: 75
# [67053] MISMATCH: expected=0xx actual=0x9a
# ** Error: Assertion error.
#    Time: 67053 ns  Scope: test_NtnuTfe4171Lab1Fifo.scoreBoardPopAndCheck File: ./tb/test_NtnuTfe4171Lab1Fifo.sv Line: 85
#     67053 |   1    0x09a  |   1   0x09a  |   0     0     0
#     67115 |   1    0x09a  |   0   0x09a  |   0     0     0
# [67177] ERROR: Read with empty scoreboard!
# ** Error: Assertion error.
#    Time: 67177 ns  Scope: test_NtnuTfe4171Lab1Fifo.scoreBoardPopAndCheck File: ./tb/test_NtnuTfe4171Lab1Fifo.sv Line: 75
# [67177] MISMATCH: expected=0xx actual=0x9a
# ** Error: Assertion error.
#    Time: 67177 ns  Scope: test_NtnuTfe4171Lab1Fifo.scoreBoardPopAndCheck File: ./tb/test_NtnuTfe4171Lab1Fifo.sv Line: 85
#     67177 |   1    0x09a  |   1   0x09a  |   0     0     0
#     67239 |   1    0x09a  |   0   0x09a  |   0     0     0
# [67301] ERROR: Read with empty scoreboard!
# ** Error: Assertion error.
#    Time: 67301 ns  Scope: test_NtnuTfe4171Lab1Fifo.scoreBoardPopAndCheck File: ./tb/test_NtnuTfe4171Lab1Fifo.sv Line: 75
# [67301] MISMATCH: expected=0xx actual=0x9a
# ** Error: Assertion error.
#    Time: 67301 ns  Scope: test_NtnuTfe4171Lab1Fifo.scoreBoardPopAndCheck File: ./tb/test_NtnuTfe4171Lab1Fifo.sv Line: 85
#     67301 |   1    0x09a  |   1   0x09a  |   0     0     0
#     67363 |   1    0x09a  |   0   0x09a  |   0     0     0
# [67425] ERROR: Read with empty scoreboard!
# ** Error: Assertion error.
#    Time: 67425 ns  Scope: test_NtnuTfe4171Lab1Fifo.scoreBoardPopAndCheck File: ./tb/test_NtnuTfe4171Lab1Fifo.sv Line: 75
# [67425] MISMATCH: expected=0xx actual=0x9a
# ** Error: Assertion error.
#    Time: 67425 ns  Scope: test_NtnuTfe4171Lab1Fifo.scoreBoardPopAndCheck File: ./tb/test_NtnuTfe4171Lab1Fifo.sv Line: 85
#     67425 |   1    0x09a  |   1   0x09a  |   0     0     0
#     67487 |   1    0x09a  |   0   0x09a  |   0     0     0
# [67549] ERROR: Read with empty scoreboard!
# ** Error: Assertion error.
#    Time: 67549 ns  Scope: test_NtnuTfe4171Lab1Fifo.scoreBoardPopAndCheck File: ./tb/test_NtnuTfe4171Lab1Fifo.sv Line: 75
# [67549] MISMATCH: expected=0xx actual=0x9a
# ** Error: Assertion error.
#    Time: 67549 ns  Scope: test_NtnuTfe4171Lab1Fifo.scoreBoardPopAndCheck File: ./tb/test_NtnuTfe4171Lab1Fifo.sv Line: 85
#     67549 |   1    0x09a  |   1   0x09a  |   0     0     0
#     67611 |   1    0x09a  |   0   0x09a  |   0     0     0
# [67673] ERROR: Read with empty scoreboard!
# ** Error: Assertion error.
#    Time: 67673 ns  Scope: test_NtnuTfe4171Lab1Fifo.scoreBoardPopAndCheck File: ./tb/test_NtnuTfe4171Lab1Fifo.sv Line: 75
# [67673] MISMATCH: expected=0xx actual=0x9a
# ** Error: Assertion error.
#    Time: 67673 ns  Scope: test_NtnuTfe4171Lab1Fifo.scoreBoardPopAndCheck File: ./tb/test_NtnuTfe4171Lab1Fifo.sv Line: 85
#     67673 |   1    0x09a  |   1   0x09a  |   0     0     0
#     67735 |   1    0x09a  |   0   0x09a  |   0     0     0
# [67797] ERROR: Read with empty scoreboard!
# ** Error: Assertion error.
#    Time: 67797 ns  Scope: test_NtnuTfe4171Lab1Fifo.scoreBoardPopAndCheck File: ./tb/test_NtnuTfe4171Lab1Fifo.sv Line: 75
# [67797] MISMATCH: expected=0xx actual=0x9a
# ** Error: Assertion error.
#    Time: 67797 ns  Scope: test_NtnuTfe4171Lab1Fifo.scoreBoardPopAndCheck File: ./tb/test_NtnuTfe4171Lab1Fifo.sv Line: 85
#     67797 |   1    0x09a  |   1   0x09a  |   0     0     0
#     67859 |   1    0x09a  |   0   0x09a  |   0     0     0
# [67921] ERROR: Read with empty scoreboard!
# ** Error: Assertion error.
#    Time: 67921 ns  Scope: test_NtnuTfe4171Lab1Fifo.scoreBoardPopAndCheck File: ./tb/test_NtnuTfe4171Lab1Fifo.sv Line: 75
# [67921] MISMATCH: expected=0xx actual=0x9a
# ** Error: Assertion error.
#    Time: 67921 ns  Scope: test_NtnuTfe4171Lab1Fifo.scoreBoardPopAndCheck File: ./tb/test_NtnuTfe4171Lab1Fifo.sv Line: 85
#     67921 |   1    0x09a  |   1   0x09a  |   0     0     0
#     67983 |   1    0x09a  |   0   0x09a  |   0     0     0
# [68045] ERROR: Read with empty scoreboard!
# ** Error: Assertion error.
#    Time: 68045 ns  Scope: test_NtnuTfe4171Lab1Fifo.scoreBoardPopAndCheck File: ./tb/test_NtnuTfe4171Lab1Fifo.sv Line: 75
# [68045] MISMATCH: expected=0xx actual=0x9a
# ** Error: Assertion error.
#    Time: 68045 ns  Scope: test_NtnuTfe4171Lab1Fifo.scoreBoardPopAndCheck File: ./tb/test_NtnuTfe4171Lab1Fifo.sv Line: 85
#     68045 |   1    0x09a  |   1   0x09a  |   0     0     0
#     68107 |   1    0x09a  |   0   0x09a  |   0     0     0
# [68169] ERROR: Read with empty scoreboard!
# ** Error: Assertion error.
#    Time: 68169 ns  Scope: test_NtnuTfe4171Lab1Fifo.scoreBoardPopAndCheck File: ./tb/test_NtnuTfe4171Lab1Fifo.sv Line: 75
# [68169] MISMATCH: expected=0xx actual=0x9a
# ** Error: Assertion error.
#    Time: 68169 ns  Scope: test_NtnuTfe4171Lab1Fifo.scoreBoardPopAndCheck File: ./tb/test_NtnuTfe4171Lab1Fifo.sv Line: 85
#     68169 |   1    0x09a  |   1   0x09a  |   0     0     0
#     68231 |   1    0x09a  |   0   0x09a  |   0     0     0
# [68293] ERROR: Read with empty scoreboard!
# ** Error: Assertion error.
#    Time: 68293 ns  Scope: test_NtnuTfe4171Lab1Fifo.scoreBoardPopAndCheck File: ./tb/test_NtnuTfe4171Lab1Fifo.sv Line: 75
# [68293] MISMATCH: expected=0xx actual=0x9a
# ** Error: Assertion error.
#    Time: 68293 ns  Scope: test_NtnuTfe4171Lab1Fifo.scoreBoardPopAndCheck File: ./tb/test_NtnuTfe4171Lab1Fifo.sv Line: 85
#     68293 |   1    0x09a  |   1   0x09a  |   0     0     0
#     68355 |   1    0x09a  |   0   0x09a  |   0     0     0
# [68417] ERROR: Read with empty scoreboard!
# ** Error: Assertion error.
#    Time: 68417 ns  Scope: test_NtnuTfe4171Lab1Fifo.scoreBoardPopAndCheck File: ./tb/test_NtnuTfe4171Lab1Fifo.sv Line: 75
# [68417] MISMATCH: expected=0xx actual=0x9a
# ** Error: Assertion error.
#    Time: 68417 ns  Scope: test_NtnuTfe4171Lab1Fifo.scoreBoardPopAndCheck File: ./tb/test_NtnuTfe4171Lab1Fifo.sv Line: 85
#     68417 |   1    0x09a  |   1   0x09a  |   0     0     0
#     68479 |   1    0x09a  |   0   0x09a  |   0     0     0
# [68541] ERROR: Read with empty scoreboard!
# ** Error: Assertion error.
#    Time: 68541 ns  Scope: test_NtnuTfe4171Lab1Fifo.scoreBoardPopAndCheck File: ./tb/test_NtnuTfe4171Lab1Fifo.sv Line: 75
# [68541] MISMATCH: expected=0xx actual=0x9a
# ** Error: Assertion error.
#    Time: 68541 ns  Scope: test_NtnuTfe4171Lab1Fifo.scoreBoardPopAndCheck File: ./tb/test_NtnuTfe4171Lab1Fifo.sv Line: 85
#     68541 |   1    0x09a  |   1   0x09a  |   0     0     0
#     68603 |   1    0x09a  |   0   0x09a  |   0     0     0
# [68665] ERROR: Read with empty scoreboard!
# ** Error: Assertion error.
#    Time: 68665 ns  Scope: test_NtnuTfe4171Lab1Fifo.scoreBoardPopAndCheck File: ./tb/test_NtnuTfe4171Lab1Fifo.sv Line: 75
# [68665] MISMATCH: expected=0xx actual=0x9a
# ** Error: Assertion error.
#    Time: 68665 ns  Scope: test_NtnuTfe4171Lab1Fifo.scoreBoardPopAndCheck File: ./tb/test_NtnuTfe4171Lab1Fifo.sv Line: 85
#     68665 |   1    0x09a  |   1   0x09a  |   0     0     0
#     68727 |   1    0x09a  |   0   0x09a  |   0     0     0
# [68789] ERROR: Read with empty scoreboard!
# ** Error: Assertion error.
#    Time: 68789 ns  Scope: test_NtnuTfe4171Lab1Fifo.scoreBoardPopAndCheck File: ./tb/test_NtnuTfe4171Lab1Fifo.sv Line: 75
# [68789] MISMATCH: expected=0xx actual=0x9a
# ** Error: Assertion error.
#    Time: 68789 ns  Scope: test_NtnuTfe4171Lab1Fifo.scoreBoardPopAndCheck File: ./tb/test_NtnuTfe4171Lab1Fifo.sv Line: 85
#     68789 |   1    0x09a  |   1   0x09a  |   0     0     0
#     68851 |   1    0x09a  |   0   0x09a  |   0     0     0
# [68913] ERROR: Read with empty scoreboard!
# ** Error: Assertion error.
#    Time: 68913 ns  Scope: test_NtnuTfe4171Lab1Fifo.scoreBoardPopAndCheck File: ./tb/test_NtnuTfe4171Lab1Fifo.sv Line: 75
# [68913] MISMATCH: expected=0xx actual=0x9a
# ** Error: Assertion error.
#    Time: 68913 ns  Scope: test_NtnuTfe4171Lab1Fifo.scoreBoardPopAndCheck File: ./tb/test_NtnuTfe4171Lab1Fifo.sv Line: 85
#     68913 |   1    0x09a  |   1   0x09a  |   0     0     0
#     68975 |   1    0x09a  |   0   0x09a  |   0     0     0
# [69037] ERROR: Read with empty scoreboard!
# ** Error: Assertion error.
#    Time: 69037 ns  Scope: test_NtnuTfe4171Lab1Fifo.scoreBoardPopAndCheck File: ./tb/test_NtnuTfe4171Lab1Fifo.sv Line: 75
# [69037] MISMATCH: expected=0xx actual=0x9a
# ** Error: Assertion error.
#    Time: 69037 ns  Scope: test_NtnuTfe4171Lab1Fifo.scoreBoardPopAndCheck File: ./tb/test_NtnuTfe4171Lab1Fifo.sv Line: 85
#     69037 |   1    0x09a  |   1   0x09a  |   0     0     0
#     69099 |   1    0x09a  |   0   0x09a  |   0     0     0
# [69161] ERROR: Read with empty scoreboard!
# ** Error: Assertion error.
#    Time: 69161 ns  Scope: test_NtnuTfe4171Lab1Fifo.scoreBoardPopAndCheck File: ./tb/test_NtnuTfe4171Lab1Fifo.sv Line: 75
# [69161] MISMATCH: expected=0xx actual=0x9a
# ** Error: Assertion error.
#    Time: 69161 ns  Scope: test_NtnuTfe4171Lab1Fifo.scoreBoardPopAndCheck File: ./tb/test_NtnuTfe4171Lab1Fifo.sv Line: 85
#     69161 |   1    0x09a  |   1   0x09a  |   0     0     0
#     69223 |   1    0x09a  |   0   0x09a  |   0     0     0
#     69285 |   1    0x09a  |   1   0x09a  |   0     1     0
#     69347 |   1    0x09a  |   0   0x09a  |   0     0     0
# [69409] ERROR: Read with empty scoreboard!
# ** Error: Assertion error.
#    Time: 69409 ns  Scope: test_NtnuTfe4171Lab1Fifo.scoreBoardPopAndCheck File: ./tb/test_NtnuTfe4171Lab1Fifo.sv Line: 75
# [69409] MISMATCH: expected=0xx actual=0x9a
# ** Error: Assertion error.
#    Time: 69409 ns  Scope: test_NtnuTfe4171Lab1Fifo.scoreBoardPopAndCheck File: ./tb/test_NtnuTfe4171Lab1Fifo.sv Line: 85
#     69409 |   1    0x09a  |   1   0x09a  |   0     0     0
#     69471 |   1    0x09a  |   0   0x09a  |   0     0     0
# [69533] ERROR: Read with empty scoreboard!
# ** Error: Assertion error.
#    Time: 69533 ns  Scope: test_NtnuTfe4171Lab1Fifo.scoreBoardPopAndCheck File: ./tb/test_NtnuTfe4171Lab1Fifo.sv Line: 75
# [69533] MISMATCH: expected=0xx actual=0x9a
# ** Error: Assertion error.
#    Time: 69533 ns  Scope: test_NtnuTfe4171Lab1Fifo.scoreBoardPopAndCheck File: ./tb/test_NtnuTfe4171Lab1Fifo.sv Line: 85
#     69533 |   1    0x09a  |   1   0x09a  |   0     0     0
#     69595 |   1    0x09a  |   0   0x09a  |   0     0     0
# [69657] ERROR: Read with empty scoreboard!
# ** Error: Assertion error.
#    Time: 69657 ns  Scope: test_NtnuTfe4171Lab1Fifo.scoreBoardPopAndCheck File: ./tb/test_NtnuTfe4171Lab1Fifo.sv Line: 75
# [69657] MISMATCH: expected=0xx actual=0x9a
# ** Error: Assertion error.
#    Time: 69657 ns  Scope: test_NtnuTfe4171Lab1Fifo.scoreBoardPopAndCheck File: ./tb/test_NtnuTfe4171Lab1Fifo.sv Line: 85
#     69657 |   1    0x09a  |   1   0x09a  |   0     0     0
#     69719 |   1    0x09a  |   0   0x09a  |   0     0     0
# [69781] ERROR: Read with empty scoreboard!
# ** Error: Assertion error.
#    Time: 69781 ns  Scope: test_NtnuTfe4171Lab1Fifo.scoreBoardPopAndCheck File: ./tb/test_NtnuTfe4171Lab1Fifo.sv Line: 75
# [69781] MISMATCH: expected=0xx actual=0x9a
# ** Error: Assertion error.
#    Time: 69781 ns  Scope: test_NtnuTfe4171Lab1Fifo.scoreBoardPopAndCheck File: ./tb/test_NtnuTfe4171Lab1Fifo.sv Line: 85
#     69781 |   1    0x09a  |   1   0x09a  |   0     0     0
#     69843 |   1    0x09a  |   0   0x09a  |   0     0     0
# [69905] ERROR: Read with empty scoreboard!
# ** Error: Assertion error.
#    Time: 69905 ns  Scope: test_NtnuTfe4171Lab1Fifo.scoreBoardPopAndCheck File: ./tb/test_NtnuTfe4171Lab1Fifo.sv Line: 75
# [69905] MISMATCH: expected=0xx actual=0x9a
# ** Error: Assertion error.
#    Time: 69905 ns  Scope: test_NtnuTfe4171Lab1Fifo.scoreBoardPopAndCheck File: ./tb/test_NtnuTfe4171Lab1Fifo.sv Line: 85
#     69905 |   1    0x09a  |   1   0x09a  |   0     0     0
#     69967 |   1    0x09a  |   0   0x09a  |   0     0     0
# [70029] ERROR: Read with empty scoreboard!
# ** Error: Assertion error.
#    Time: 70029 ns  Scope: test_NtnuTfe4171Lab1Fifo.scoreBoardPopAndCheck File: ./tb/test_NtnuTfe4171Lab1Fifo.sv Line: 75
# [70029] MISMATCH: expected=0xx actual=0x9a
# ** Error: Assertion error.
#    Time: 70029 ns  Scope: test_NtnuTfe4171Lab1Fifo.scoreBoardPopAndCheck File: ./tb/test_NtnuTfe4171Lab1Fifo.sv Line: 85
#     70029 |   1    0x09a  |   1   0x09a  |   0     0     0
#     70091 |   1    0x09a  |   0   0x09a  |   0     0     0
# [70153] ERROR: Read with empty scoreboard!
# ** Error: Assertion error.
#    Time: 70153 ns  Scope: test_NtnuTfe4171Lab1Fifo.scoreBoardPopAndCheck File: ./tb/test_NtnuTfe4171Lab1Fifo.sv Line: 75
# [70153] MISMATCH: expected=0xx actual=0x9a
# ** Error: Assertion error.
#    Time: 70153 ns  Scope: test_NtnuTfe4171Lab1Fifo.scoreBoardPopAndCheck File: ./tb/test_NtnuTfe4171Lab1Fifo.sv Line: 85
#     70153 |   1    0x09a  |   1   0x09a  |   0     0     0
#     70215 |   1    0x09a  |   0   0x09a  |   0     0     0
# [70277] ERROR: Read with empty scoreboard!
# ** Error: Assertion error.
#    Time: 70277 ns  Scope: test_NtnuTfe4171Lab1Fifo.scoreBoardPopAndCheck File: ./tb/test_NtnuTfe4171Lab1Fifo.sv Line: 75
# [70277] MISMATCH: expected=0xx actual=0x9a
# ** Error: Assertion error.
#    Time: 70277 ns  Scope: test_NtnuTfe4171Lab1Fifo.scoreBoardPopAndCheck File: ./tb/test_NtnuTfe4171Lab1Fifo.sv Line: 85
#     70277 |   1    0x09a  |   1   0x09a  |   0     0     0
#     70339 |   1    0x09a  |   0   0x09a  |   0     0     0
# [70401] ERROR: Read with empty scoreboard!
# ** Error: Assertion error.
#    Time: 70401 ns  Scope: test_NtnuTfe4171Lab1Fifo.scoreBoardPopAndCheck File: ./tb/test_NtnuTfe4171Lab1Fifo.sv Line: 75
# [70401] MISMATCH: expected=0xx actual=0x9a
# ** Error: Assertion error.
#    Time: 70401 ns  Scope: test_NtnuTfe4171Lab1Fifo.scoreBoardPopAndCheck File: ./tb/test_NtnuTfe4171Lab1Fifo.sv Line: 85
#     70401 |   1    0x09a  |   1   0x09a  |   0     0     0
#     70463 |   1    0x09a  |   0   0x09a  |   0     0     0
# [70525] ERROR: Read with empty scoreboard!
# ** Error: Assertion error.
#    Time: 70525 ns  Scope: test_NtnuTfe4171Lab1Fifo.scoreBoardPopAndCheck File: ./tb/test_NtnuTfe4171Lab1Fifo.sv Line: 75
# [70525] MISMATCH: expected=0xx actual=0x9a
# ** Error: Assertion error.
#    Time: 70525 ns  Scope: test_NtnuTfe4171Lab1Fifo.scoreBoardPopAndCheck File: ./tb/test_NtnuTfe4171Lab1Fifo.sv Line: 85
#     70525 |   1    0x09a  |   1   0x09a  |   0     0     0
#     70587 |   1    0x09a  |   0   0x09a  |   0     0     0
# [70649] ERROR: Read with empty scoreboard!
# ** Error: Assertion error.
#    Time: 70649 ns  Scope: test_NtnuTfe4171Lab1Fifo.scoreBoardPopAndCheck File: ./tb/test_NtnuTfe4171Lab1Fifo.sv Line: 75
# [70649] MISMATCH: expected=0xx actual=0x9a
# ** Error: Assertion error.
#    Time: 70649 ns  Scope: test_NtnuTfe4171Lab1Fifo.scoreBoardPopAndCheck File: ./tb/test_NtnuTfe4171Lab1Fifo.sv Line: 85
#     70649 |   1    0x09a  |   1   0x09a  |   0     0     0
#     70711 |   1    0x09a  |   0   0x09a  |   0     0     0
# [70773] ERROR: Read with empty scoreboard!
# ** Error: Assertion error.
#    Time: 70773 ns  Scope: test_NtnuTfe4171Lab1Fifo.scoreBoardPopAndCheck File: ./tb/test_NtnuTfe4171Lab1Fifo.sv Line: 75
# [70773] MISMATCH: expected=0xx actual=0x9a
# ** Error: Assertion error.
#    Time: 70773 ns  Scope: test_NtnuTfe4171Lab1Fifo.scoreBoardPopAndCheck File: ./tb/test_NtnuTfe4171Lab1Fifo.sv Line: 85
#     70773 |   1    0x09a  |   1   0x09a  |   0     0     0
#     70835 |   1    0x09a  |   0   0x09a  |   0     0     0
# [70897] ERROR: Read with empty scoreboard!
# ** Error: Assertion error.
#    Time: 70897 ns  Scope: test_NtnuTfe4171Lab1Fifo.scoreBoardPopAndCheck File: ./tb/test_NtnuTfe4171Lab1Fifo.sv Line: 75
# [70897] MISMATCH: expected=0xx actual=0x9a
# ** Error: Assertion error.
#    Time: 70897 ns  Scope: test_NtnuTfe4171Lab1Fifo.scoreBoardPopAndCheck File: ./tb/test_NtnuTfe4171Lab1Fifo.sv Line: 85
#     70897 |   1    0x09a  |   1   0x09a  |   0     0     0
#     70959 |   1    0x09a  |   0   0x09a  |   0     0     0
# [71021] ERROR: Read with empty scoreboard!
# ** Error: Assertion error.
#    Time: 71021 ns  Scope: test_NtnuTfe4171Lab1Fifo.scoreBoardPopAndCheck File: ./tb/test_NtnuTfe4171Lab1Fifo.sv Line: 75
# [71021] MISMATCH: expected=0xx actual=0x9a
# ** Error: Assertion error.
#    Time: 71021 ns  Scope: test_NtnuTfe4171Lab1Fifo.scoreBoardPopAndCheck File: ./tb/test_NtnuTfe4171Lab1Fifo.sv Line: 85
#     71021 |   1    0x09a  |   1   0x09a  |   0     0     0
#     71083 |   1    0x09a  |   0   0x09a  |   0     0     0
# [71145] ERROR: Read with empty scoreboard!
# ** Error: Assertion error.
#    Time: 71145 ns  Scope: test_NtnuTfe4171Lab1Fifo.scoreBoardPopAndCheck File: ./tb/test_NtnuTfe4171Lab1Fifo.sv Line: 75
# [71145] MISMATCH: expected=0xx actual=0x9a
# ** Error: Assertion error.
#    Time: 71145 ns  Scope: test_NtnuTfe4171Lab1Fifo.scoreBoardPopAndCheck File: ./tb/test_NtnuTfe4171Lab1Fifo.sv Line: 85
#     71145 |   1    0x09a  |   1   0x09a  |   0     0     0
#     71207 |   1    0x09a  |   0   0x09a  |   0     0     0
# [71269] ERROR: Read with empty scoreboard!
# ** Error: Assertion error.
#    Time: 71269 ns  Scope: test_NtnuTfe4171Lab1Fifo.scoreBoardPopAndCheck File: ./tb/test_NtnuTfe4171Lab1Fifo.sv Line: 75
# [71269] MISMATCH: expected=0xx actual=0x9a
# ** Error: Assertion error.
#    Time: 71269 ns  Scope: test_NtnuTfe4171Lab1Fifo.scoreBoardPopAndCheck File: ./tb/test_NtnuTfe4171Lab1Fifo.sv Line: 85
#     71269 |   1    0x09a  |   1   0x09a  |   0     0     0
#     71331 |   1    0x09a  |   0   0x09a  |   0     0     0
# [71393] ERROR: Read with empty scoreboard!
# ** Error: Assertion error.
#    Time: 71393 ns  Scope: test_NtnuTfe4171Lab1Fifo.scoreBoardPopAndCheck File: ./tb/test_NtnuTfe4171Lab1Fifo.sv Line: 75
# [71393] MISMATCH: expected=0xx actual=0x9a
# ** Error: Assertion error.
#    Time: 71393 ns  Scope: test_NtnuTfe4171Lab1Fifo.scoreBoardPopAndCheck File: ./tb/test_NtnuTfe4171Lab1Fifo.sv Line: 85
#     71393 |   1    0x09a  |   1   0x09a  |   0     0     0
#     71455 |   1    0x09a  |   0   0x09a  |   0     0     0
# [71517] ERROR: Read with empty scoreboard!
# ** Error: Assertion error.
#    Time: 71517 ns  Scope: test_NtnuTfe4171Lab1Fifo.scoreBoardPopAndCheck File: ./tb/test_NtnuTfe4171Lab1Fifo.sv Line: 75
# [71517] MISMATCH: expected=0xx actual=0x9a
# ** Error: Assertion error.
#    Time: 71517 ns  Scope: test_NtnuTfe4171Lab1Fifo.scoreBoardPopAndCheck File: ./tb/test_NtnuTfe4171Lab1Fifo.sv Line: 85
#     71517 |   1    0x09a  |   1   0x09a  |   0     0     0
#     71579 |   1    0x09a  |   0   0x09a  |   0     0     0
# [71641] ERROR: Read with empty scoreboard!
# ** Error: Assertion error.
#    Time: 71641 ns  Scope: test_NtnuTfe4171Lab1Fifo.scoreBoardPopAndCheck File: ./tb/test_NtnuTfe4171Lab1Fifo.sv Line: 75
# [71641] MISMATCH: expected=0xx actual=0x9a
# ** Error: Assertion error.
#    Time: 71641 ns  Scope: test_NtnuTfe4171Lab1Fifo.scoreBoardPopAndCheck File: ./tb/test_NtnuTfe4171Lab1Fifo.sv Line: 85
#     71641 |   1    0x09a  |   1   0x09a  |   0     0     0
#     71703 |   1    0x09a  |   0   0x09a  |   0     0     0
# [71765] ERROR: Read with empty scoreboard!
# ** Error: Assertion error.
#    Time: 71765 ns  Scope: test_NtnuTfe4171Lab1Fifo.scoreBoardPopAndCheck File: ./tb/test_NtnuTfe4171Lab1Fifo.sv Line: 75
# [71765] MISMATCH: expected=0xx actual=0x9a
# ** Error: Assertion error.
#    Time: 71765 ns  Scope: test_NtnuTfe4171Lab1Fifo.scoreBoardPopAndCheck File: ./tb/test_NtnuTfe4171Lab1Fifo.sv Line: 85
#     71765 |   1    0x09a  |   1   0x09a  |   0     0     0
#     71827 |   1    0x09a  |   0   0x09a  |   0     0     0
# [71889] ERROR: Read with empty scoreboard!
# ** Error: Assertion error.
#    Time: 71889 ns  Scope: test_NtnuTfe4171Lab1Fifo.scoreBoardPopAndCheck File: ./tb/test_NtnuTfe4171Lab1Fifo.sv Line: 75
# [71889] MISMATCH: expected=0xx actual=0x9a
# ** Error: Assertion error.
#    Time: 71889 ns  Scope: test_NtnuTfe4171Lab1Fifo.scoreBoardPopAndCheck File: ./tb/test_NtnuTfe4171Lab1Fifo.sv Line: 85
#     71889 |   1    0x09a  |   1   0x09a  |   0     0     0
#     71951 |   1    0x09a  |   0   0x09a  |   0     0     0
# [72013] ERROR: Read with empty scoreboard!
# ** Error: Assertion error.
#    Time: 72013 ns  Scope: test_NtnuTfe4171Lab1Fifo.scoreBoardPopAndCheck File: ./tb/test_NtnuTfe4171Lab1Fifo.sv Line: 75
# [72013] MISMATCH: expected=0xx actual=0x9a
# ** Error: Assertion error.
#    Time: 72013 ns  Scope: test_NtnuTfe4171Lab1Fifo.scoreBoardPopAndCheck File: ./tb/test_NtnuTfe4171Lab1Fifo.sv Line: 85
#     72013 |   1    0x09a  |   1   0x09a  |   0     0     0
#     72075 |   1    0x09a  |   0   0x09a  |   0     0     0
# [72137] ERROR: Read with empty scoreboard!
# ** Error: Assertion error.
#    Time: 72137 ns  Scope: test_NtnuTfe4171Lab1Fifo.scoreBoardPopAndCheck File: ./tb/test_NtnuTfe4171Lab1Fifo.sv Line: 75
# [72137] MISMATCH: expected=0xx actual=0x9a
# ** Error: Assertion error.
#    Time: 72137 ns  Scope: test_NtnuTfe4171Lab1Fifo.scoreBoardPopAndCheck File: ./tb/test_NtnuTfe4171Lab1Fifo.sv Line: 85
#     72137 |   1    0x09a  |   1   0x09a  |   0     0     0
#     72199 |   1    0x09a  |   0   0x09a  |   0     0     0
# [72261] ERROR: Read with empty scoreboard!
# ** Error: Assertion error.
#    Time: 72261 ns  Scope: test_NtnuTfe4171Lab1Fifo.scoreBoardPopAndCheck File: ./tb/test_NtnuTfe4171Lab1Fifo.sv Line: 75
# [72261] MISMATCH: expected=0xx actual=0x9a
# ** Error: Assertion error.
#    Time: 72261 ns  Scope: test_NtnuTfe4171Lab1Fifo.scoreBoardPopAndCheck File: ./tb/test_NtnuTfe4171Lab1Fifo.sv Line: 85
#     72261 |   1    0x09a  |   1   0x09a  |   0     0     0
#     72323 |   1    0x09a  |   0   0x09a  |   0     0     0
# [72385] ERROR: Read with empty scoreboard!
# ** Error: Assertion error.
#    Time: 72385 ns  Scope: test_NtnuTfe4171Lab1Fifo.scoreBoardPopAndCheck File: ./tb/test_NtnuTfe4171Lab1Fifo.sv Line: 75
# [72385] MISMATCH: expected=0xx actual=0x9a
# ** Error: Assertion error.
#    Time: 72385 ns  Scope: test_NtnuTfe4171Lab1Fifo.scoreBoardPopAndCheck File: ./tb/test_NtnuTfe4171Lab1Fifo.sv Line: 85
#     72385 |   1    0x09a  |   1   0x09a  |   0     0     0
#     72447 |   1    0x09a  |   0   0x09a  |   0     0     0
# [72509] ERROR: Read with empty scoreboard!
# ** Error: Assertion error.
#    Time: 72509 ns  Scope: test_NtnuTfe4171Lab1Fifo.scoreBoardPopAndCheck File: ./tb/test_NtnuTfe4171Lab1Fifo.sv Line: 75
# [72509] MISMATCH: expected=0xx actual=0x9a
# ** Error: Assertion error.
#    Time: 72509 ns  Scope: test_NtnuTfe4171Lab1Fifo.scoreBoardPopAndCheck File: ./tb/test_NtnuTfe4171Lab1Fifo.sv Line: 85
#     72509 |   1    0x09a  |   1   0x09a  |   0     0     0
#     72571 |   1    0x09a  |   0   0x09a  |   0     0     0
# [72633] ERROR: Read with empty scoreboard!
# ** Error: Assertion error.
#    Time: 72633 ns  Scope: test_NtnuTfe4171Lab1Fifo.scoreBoardPopAndCheck File: ./tb/test_NtnuTfe4171Lab1Fifo.sv Line: 75
# [72633] MISMATCH: expected=0xx actual=0x9a
# ** Error: Assertion error.
#    Time: 72633 ns  Scope: test_NtnuTfe4171Lab1Fifo.scoreBoardPopAndCheck File: ./tb/test_NtnuTfe4171Lab1Fifo.sv Line: 85
#     72633 |   1    0x09a  |   1   0x09a  |   0     0     0
#     72695 |   1    0x09a  |   0   0x09a  |   0     0     0
# [72757] ERROR: Read with empty scoreboard!
# ** Error: Assertion error.
#    Time: 72757 ns  Scope: test_NtnuTfe4171Lab1Fifo.scoreBoardPopAndCheck File: ./tb/test_NtnuTfe4171Lab1Fifo.sv Line: 75
# [72757] MISMATCH: expected=0xx actual=0x9a
# ** Error: Assertion error.
#    Time: 72757 ns  Scope: test_NtnuTfe4171Lab1Fifo.scoreBoardPopAndCheck File: ./tb/test_NtnuTfe4171Lab1Fifo.sv Line: 85
#     72757 |   1    0x09a  |   1   0x09a  |   0     0     0
#     72819 |   1    0x09a  |   0   0x09a  |   0     0     0
# [72881] ERROR: Read with empty scoreboard!
# ** Error: Assertion error.
#    Time: 72881 ns  Scope: test_NtnuTfe4171Lab1Fifo.scoreBoardPopAndCheck File: ./tb/test_NtnuTfe4171Lab1Fifo.sv Line: 75
# [72881] MISMATCH: expected=0xx actual=0x9a
# ** Error: Assertion error.
#    Time: 72881 ns  Scope: test_NtnuTfe4171Lab1Fifo.scoreBoardPopAndCheck File: ./tb/test_NtnuTfe4171Lab1Fifo.sv Line: 85
#     72881 |   1    0x09a  |   1   0x09a  |   0     0     0
#     72943 |   1    0x09a  |   0   0x09a  |   0     0     0
# [73005] ERROR: Read with empty scoreboard!
# ** Error: Assertion error.
#    Time: 73005 ns  Scope: test_NtnuTfe4171Lab1Fifo.scoreBoardPopAndCheck File: ./tb/test_NtnuTfe4171Lab1Fifo.sv Line: 75
# [73005] MISMATCH: expected=0xx actual=0x9a
# ** Error: Assertion error.
#    Time: 73005 ns  Scope: test_NtnuTfe4171Lab1Fifo.scoreBoardPopAndCheck File: ./tb/test_NtnuTfe4171Lab1Fifo.sv Line: 85
#     73005 |   1    0x09a  |   1   0x09a  |   0     0     0
#     73067 |   1    0x09a  |   0   0x09a  |   0     0     0
# [73129] ERROR: Read with empty scoreboard!
# ** Error: Assertion error.
#    Time: 73129 ns  Scope: test_NtnuTfe4171Lab1Fifo.scoreBoardPopAndCheck File: ./tb/test_NtnuTfe4171Lab1Fifo.sv Line: 75
# [73129] MISMATCH: expected=0xx actual=0x9a
# ** Error: Assertion error.
#    Time: 73129 ns  Scope: test_NtnuTfe4171Lab1Fifo.scoreBoardPopAndCheck File: ./tb/test_NtnuTfe4171Lab1Fifo.sv Line: 85
#     73129 |   1    0x09a  |   1   0x09a  |   1     0     0
#     73191 |   1    0x09a  |   0   0x09a  |   0     0     0
# [73253] ERROR: Read with empty scoreboard!
# ** Error: Assertion error.
#    Time: 73253 ns  Scope: test_NtnuTfe4171Lab1Fifo.scoreBoardPopAndCheck File: ./tb/test_NtnuTfe4171Lab1Fifo.sv Line: 75
# [73253] MISMATCH: expected=0xx actual=0x9a
# ** Error: Assertion error.
#    Time: 73253 ns  Scope: test_NtnuTfe4171Lab1Fifo.scoreBoardPopAndCheck File: ./tb/test_NtnuTfe4171Lab1Fifo.sv Line: 85
#     73253 |   1    0x09a  |   1   0x09a  |   1     0     0
#     73315 |   1    0x09a  |   0   0x09a  |   0     0     0
# [73377] ERROR: Read with empty scoreboard!
# ** Error: Assertion error.
#    Time: 73377 ns  Scope: test_NtnuTfe4171Lab1Fifo.scoreBoardPopAndCheck File: ./tb/test_NtnuTfe4171Lab1Fifo.sv Line: 75
# [73377] MISMATCH: expected=0xx actual=0x9a
# ** Error: Assertion error.
#    Time: 73377 ns  Scope: test_NtnuTfe4171Lab1Fifo.scoreBoardPopAndCheck File: ./tb/test_NtnuTfe4171Lab1Fifo.sv Line: 85
#     73377 |   1    0x09a  |   1   0x09a  |   0     0     0
#     73439 |   1    0x09a  |   0   0x09a  |   0     0     0
# [73501] ERROR: Read with empty scoreboard!
# ** Error: Assertion error.
#    Time: 73501 ns  Scope: test_NtnuTfe4171Lab1Fifo.scoreBoardPopAndCheck File: ./tb/test_NtnuTfe4171Lab1Fifo.sv Line: 75
# [73501] MISMATCH: expected=0xx actual=0x9a
# ** Error: Assertion error.
#    Time: 73501 ns  Scope: test_NtnuTfe4171Lab1Fifo.scoreBoardPopAndCheck File: ./tb/test_NtnuTfe4171Lab1Fifo.sv Line: 85
#     73501 |   1    0x09a  |   1   0x09a  |   0     0     0
#     73563 |   1    0x09a  |   0   0x09a  |   0     0     0
# [73625] ERROR: Read with empty scoreboard!
# ** Error: Assertion error.
#    Time: 73625 ns  Scope: test_NtnuTfe4171Lab1Fifo.scoreBoardPopAndCheck File: ./tb/test_NtnuTfe4171Lab1Fifo.sv Line: 75
# [73625] MISMATCH: expected=0xx actual=0x9a
# ** Error: Assertion error.
#    Time: 73625 ns  Scope: test_NtnuTfe4171Lab1Fifo.scoreBoardPopAndCheck File: ./tb/test_NtnuTfe4171Lab1Fifo.sv Line: 85
#     73625 |   1    0x09a  |   1   0x09a  |   0     0     0
#     73687 |   1    0x09a  |   0   0x09a  |   0     0     0
# [73749] ERROR: Read with empty scoreboard!
# ** Error: Assertion error.
#    Time: 73749 ns  Scope: test_NtnuTfe4171Lab1Fifo.scoreBoardPopAndCheck File: ./tb/test_NtnuTfe4171Lab1Fifo.sv Line: 75
# [73749] MISMATCH: expected=0xx actual=0x9a
# ** Error: Assertion error.
#    Time: 73749 ns  Scope: test_NtnuTfe4171Lab1Fifo.scoreBoardPopAndCheck File: ./tb/test_NtnuTfe4171Lab1Fifo.sv Line: 85
#     73749 |   1    0x09a  |   1   0x09a  |   0     0     0
#     73811 |   1    0x09a  |   0   0x09a  |   0     0     0
# [73873] ERROR: Read with empty scoreboard!
# ** Error: Assertion error.
#    Time: 73873 ns  Scope: test_NtnuTfe4171Lab1Fifo.scoreBoardPopAndCheck File: ./tb/test_NtnuTfe4171Lab1Fifo.sv Line: 75
# [73873] MISMATCH: expected=0xx actual=0x9a
# ** Error: Assertion error.
#    Time: 73873 ns  Scope: test_NtnuTfe4171Lab1Fifo.scoreBoardPopAndCheck File: ./tb/test_NtnuTfe4171Lab1Fifo.sv Line: 85
#     73873 |   1    0x09a  |   1   0x09a  |   0     0     0
#     73935 |   1    0x09a  |   0   0x09a  |   0     0     0
# [73997] ERROR: Read with empty scoreboard!
# ** Error: Assertion error.
#    Time: 73997 ns  Scope: test_NtnuTfe4171Lab1Fifo.scoreBoardPopAndCheck File: ./tb/test_NtnuTfe4171Lab1Fifo.sv Line: 75
# [73997] MISMATCH: expected=0xx actual=0x9a
# ** Error: Assertion error.
#    Time: 73997 ns  Scope: test_NtnuTfe4171Lab1Fifo.scoreBoardPopAndCheck File: ./tb/test_NtnuTfe4171Lab1Fifo.sv Line: 85
#     73997 |   1    0x09a  |   1   0x09a  |   0     0     0
#     74059 |   1    0x09a  |   0   0x09a  |   0     0     0
# [74121] ERROR: Read with empty scoreboard!
# ** Error: Assertion error.
#    Time: 74121 ns  Scope: test_NtnuTfe4171Lab1Fifo.scoreBoardPopAndCheck File: ./tb/test_NtnuTfe4171Lab1Fifo.sv Line: 75
# [74121] MISMATCH: expected=0xx actual=0x9a
# ** Error: Assertion error.
#    Time: 74121 ns  Scope: test_NtnuTfe4171Lab1Fifo.scoreBoardPopAndCheck File: ./tb/test_NtnuTfe4171Lab1Fifo.sv Line: 85
#     74121 |   1    0x09a  |   1   0x09a  |   0     0     0
#     74183 |   1    0x09a  |   0   0x09a  |   0     0     0
# [74245] ERROR: Read with empty scoreboard!
# ** Error: Assertion error.
#    Time: 74245 ns  Scope: test_NtnuTfe4171Lab1Fifo.scoreBoardPopAndCheck File: ./tb/test_NtnuTfe4171Lab1Fifo.sv Line: 75
# [74245] MISMATCH: expected=0xx actual=0x9a
# ** Error: Assertion error.
#    Time: 74245 ns  Scope: test_NtnuTfe4171Lab1Fifo.scoreBoardPopAndCheck File: ./tb/test_NtnuTfe4171Lab1Fifo.sv Line: 85
#     74245 |   1    0x09a  |   1   0x09a  |   0     0     0
#     74307 |   1    0x09a  |   0   0x09a  |   0     0     0
# [74369] ERROR: Read with empty scoreboard!
# ** Error: Assertion error.
#    Time: 74369 ns  Scope: test_NtnuTfe4171Lab1Fifo.scoreBoardPopAndCheck File: ./tb/test_NtnuTfe4171Lab1Fifo.sv Line: 75
# [74369] MISMATCH: expected=0xx actual=0x9a
# ** Error: Assertion error.
#    Time: 74369 ns  Scope: test_NtnuTfe4171Lab1Fifo.scoreBoardPopAndCheck File: ./tb/test_NtnuTfe4171Lab1Fifo.sv Line: 85
#     74369 |   1    0x09a  |   1   0x09a  |   0     0     0
#     74431 |   1    0x09a  |   0   0x09a  |   0     0     0
# [74493] ERROR: Read with empty scoreboard!
# ** Error: Assertion error.
#    Time: 74493 ns  Scope: test_NtnuTfe4171Lab1Fifo.scoreBoardPopAndCheck File: ./tb/test_NtnuTfe4171Lab1Fifo.sv Line: 75
# [74493] MISMATCH: expected=0xx actual=0x9a
# ** Error: Assertion error.
#    Time: 74493 ns  Scope: test_NtnuTfe4171Lab1Fifo.scoreBoardPopAndCheck File: ./tb/test_NtnuTfe4171Lab1Fifo.sv Line: 85
#     74493 |   1    0x09a  |   1   0x09a  |   0     0     0
#     74555 |   1    0x09a  |   0   0x09a  |   0     0     0
# [74617] ERROR: Read with empty scoreboard!
# ** Error: Assertion error.
#    Time: 74617 ns  Scope: test_NtnuTfe4171Lab1Fifo.scoreBoardPopAndCheck File: ./tb/test_NtnuTfe4171Lab1Fifo.sv Line: 75
# [74617] MISMATCH: expected=0xx actual=0x9a
# ** Error: Assertion error.
#    Time: 74617 ns  Scope: test_NtnuTfe4171Lab1Fifo.scoreBoardPopAndCheck File: ./tb/test_NtnuTfe4171Lab1Fifo.sv Line: 85
#     74617 |   1    0x09a  |   1   0x09a  |   0     0     0
#     74679 |   1    0x09a  |   0   0x09a  |   0     0     0
# [74741] ERROR: Read with empty scoreboard!
# ** Error: Assertion error.
#    Time: 74741 ns  Scope: test_NtnuTfe4171Lab1Fifo.scoreBoardPopAndCheck File: ./tb/test_NtnuTfe4171Lab1Fifo.sv Line: 75
# [74741] MISMATCH: expected=0xx actual=0x9a
# ** Error: Assertion error.
#    Time: 74741 ns  Scope: test_NtnuTfe4171Lab1Fifo.scoreBoardPopAndCheck File: ./tb/test_NtnuTfe4171Lab1Fifo.sv Line: 85
#     74741 |   1    0x09a  |   1   0x09a  |   0     0     0
#     74803 |   1    0x09a  |   0   0x09a  |   0     0     0
# [74865] ERROR: Read with empty scoreboard!
# ** Error: Assertion error.
#    Time: 74865 ns  Scope: test_NtnuTfe4171Lab1Fifo.scoreBoardPopAndCheck File: ./tb/test_NtnuTfe4171Lab1Fifo.sv Line: 75
# [74865] MISMATCH: expected=0xx actual=0x9a
# ** Error: Assertion error.
#    Time: 74865 ns  Scope: test_NtnuTfe4171Lab1Fifo.scoreBoardPopAndCheck File: ./tb/test_NtnuTfe4171Lab1Fifo.sv Line: 85
#     74865 |   1    0x09a  |   1   0x09a  |   0     0     0
#     74927 |   1    0x09a  |   0   0x09a  |   0     0     0
# [74989] ERROR: Read with empty scoreboard!
# ** Error: Assertion error.
#    Time: 74989 ns  Scope: test_NtnuTfe4171Lab1Fifo.scoreBoardPopAndCheck File: ./tb/test_NtnuTfe4171Lab1Fifo.sv Line: 75
# [74989] MISMATCH: expected=0xx actual=0x9a
# ** Error: Assertion error.
#    Time: 74989 ns  Scope: test_NtnuTfe4171Lab1Fifo.scoreBoardPopAndCheck File: ./tb/test_NtnuTfe4171Lab1Fifo.sv Line: 85
#     74989 |   1    0x09a  |   1   0x09a  |   0     0     0
#     75051 |   1    0x09a  |   0   0x09a  |   0     0     0
# [75113] ERROR: Read with empty scoreboard!
# ** Error: Assertion error.
#    Time: 75113 ns  Scope: test_NtnuTfe4171Lab1Fifo.scoreBoardPopAndCheck File: ./tb/test_NtnuTfe4171Lab1Fifo.sv Line: 75
# [75113] MISMATCH: expected=0xx actual=0x9a
# ** Error: Assertion error.
#    Time: 75113 ns  Scope: test_NtnuTfe4171Lab1Fifo.scoreBoardPopAndCheck File: ./tb/test_NtnuTfe4171Lab1Fifo.sv Line: 85
#     75113 |   1    0x09a  |   1   0x09a  |   0     0     0
#     75175 |   1    0x09a  |   0   0x09a  |   0     0     0
# [75237] ERROR: Read with empty scoreboard!
# ** Error: Assertion error.
#    Time: 75237 ns  Scope: test_NtnuTfe4171Lab1Fifo.scoreBoardPopAndCheck File: ./tb/test_NtnuTfe4171Lab1Fifo.sv Line: 75
# [75237] MISMATCH: expected=0xx actual=0x9a
# ** Error: Assertion error.
#    Time: 75237 ns  Scope: test_NtnuTfe4171Lab1Fifo.scoreBoardPopAndCheck File: ./tb/test_NtnuTfe4171Lab1Fifo.sv Line: 85
#     75237 |   1    0x09a  |   1   0x09a  |   0     0     0
#     75299 |   1    0x09a  |   0   0x09a  |   0     0     0
# [75361] ERROR: Read with empty scoreboard!
# ** Error: Assertion error.
#    Time: 75361 ns  Scope: test_NtnuTfe4171Lab1Fifo.scoreBoardPopAndCheck File: ./tb/test_NtnuTfe4171Lab1Fifo.sv Line: 75
# [75361] MISMATCH: expected=0xx actual=0x9a
# ** Error: Assertion error.
#    Time: 75361 ns  Scope: test_NtnuTfe4171Lab1Fifo.scoreBoardPopAndCheck File: ./tb/test_NtnuTfe4171Lab1Fifo.sv Line: 85
#     75361 |   1    0x09a  |   1   0x09a  |   0     0     0
#     75423 |   1    0x09a  |   0   0x09a  |   0     0     0
# [75485] ERROR: Read with empty scoreboard!
# ** Error: Assertion error.
#    Time: 75485 ns  Scope: test_NtnuTfe4171Lab1Fifo.scoreBoardPopAndCheck File: ./tb/test_NtnuTfe4171Lab1Fifo.sv Line: 75
# [75485] MISMATCH: expected=0xx actual=0x9a
# ** Error: Assertion error.
#    Time: 75485 ns  Scope: test_NtnuTfe4171Lab1Fifo.scoreBoardPopAndCheck File: ./tb/test_NtnuTfe4171Lab1Fifo.sv Line: 85
#     75485 |   1    0x09a  |   1   0x09a  |   0     0     0
#     75547 |   1    0x09a  |   0   0x09a  |   0     0     0
# [75609] ERROR: Read with empty scoreboard!
# ** Error: Assertion error.
#    Time: 75609 ns  Scope: test_NtnuTfe4171Lab1Fifo.scoreBoardPopAndCheck File: ./tb/test_NtnuTfe4171Lab1Fifo.sv Line: 75
# [75609] MISMATCH: expected=0xx actual=0x9a
# ** Error: Assertion error.
#    Time: 75609 ns  Scope: test_NtnuTfe4171Lab1Fifo.scoreBoardPopAndCheck File: ./tb/test_NtnuTfe4171Lab1Fifo.sv Line: 85
#     75609 |   1    0x09a  |   1   0x09a  |   0     0     0
#     75671 |   1    0x09a  |   0   0x09a  |   0     0     0
# [75733] ERROR: Read with empty scoreboard!
# ** Error: Assertion error.
#    Time: 75733 ns  Scope: test_NtnuTfe4171Lab1Fifo.scoreBoardPopAndCheck File: ./tb/test_NtnuTfe4171Lab1Fifo.sv Line: 75
# [75733] MISMATCH: expected=0xx actual=0x9a
# ** Error: Assertion error.
#    Time: 75733 ns  Scope: test_NtnuTfe4171Lab1Fifo.scoreBoardPopAndCheck File: ./tb/test_NtnuTfe4171Lab1Fifo.sv Line: 85
#     75733 |   1    0x09a  |   1   0x09a  |   0     0     0
#     75795 |   1    0x09a  |   0   0x09a  |   0     0     0
# [75857] ERROR: Read with empty scoreboard!
# ** Error: Assertion error.
#    Time: 75857 ns  Scope: test_NtnuTfe4171Lab1Fifo.scoreBoardPopAndCheck File: ./tb/test_NtnuTfe4171Lab1Fifo.sv Line: 75
# [75857] MISMATCH: expected=0xx actual=0x9a
# ** Error: Assertion error.
#    Time: 75857 ns  Scope: test_NtnuTfe4171Lab1Fifo.scoreBoardPopAndCheck File: ./tb/test_NtnuTfe4171Lab1Fifo.sv Line: 85
#     75857 |   1    0x09a  |   1   0x09a  |   0     0     0
#     75919 |   1    0x09a  |   0   0x09a  |   0     0     0
# [75981] ERROR: Read with empty scoreboard!
# ** Error: Assertion error.
#    Time: 75981 ns  Scope: test_NtnuTfe4171Lab1Fifo.scoreBoardPopAndCheck File: ./tb/test_NtnuTfe4171Lab1Fifo.sv Line: 75
# [75981] MISMATCH: expected=0xx actual=0x9a
# ** Error: Assertion error.
#    Time: 75981 ns  Scope: test_NtnuTfe4171Lab1Fifo.scoreBoardPopAndCheck File: ./tb/test_NtnuTfe4171Lab1Fifo.sv Line: 85
#     75981 |   1    0x09a  |   1   0x09a  |   0     0     0
#     76043 |   1    0x09a  |   0   0x09a  |   0     0     0
# [76105] ERROR: Read with empty scoreboard!
# ** Error: Assertion error.
#    Time: 76105 ns  Scope: test_NtnuTfe4171Lab1Fifo.scoreBoardPopAndCheck File: ./tb/test_NtnuTfe4171Lab1Fifo.sv Line: 75
# [76105] MISMATCH: expected=0xx actual=0x9a
# ** Error: Assertion error.
#    Time: 76105 ns  Scope: test_NtnuTfe4171Lab1Fifo.scoreBoardPopAndCheck File: ./tb/test_NtnuTfe4171Lab1Fifo.sv Line: 85
#     76105 |   1    0x09a  |   1   0x09a  |   0     0     0
#     76167 |   1    0x09a  |   0   0x09a  |   0     0     0
# [76229] ERROR: Read with empty scoreboard!
# ** Error: Assertion error.
#    Time: 76229 ns  Scope: test_NtnuTfe4171Lab1Fifo.scoreBoardPopAndCheck File: ./tb/test_NtnuTfe4171Lab1Fifo.sv Line: 75
# [76229] MISMATCH: expected=0xx actual=0x9a
# ** Error: Assertion error.
#    Time: 76229 ns  Scope: test_NtnuTfe4171Lab1Fifo.scoreBoardPopAndCheck File: ./tb/test_NtnuTfe4171Lab1Fifo.sv Line: 85
#     76229 |   1    0x09a  |   1   0x09a  |   0     0     0
#     76291 |   1    0x09a  |   0   0x09a  |   0     0     0
# [76353] ERROR: Read with empty scoreboard!
# ** Error: Assertion error.
#    Time: 76353 ns  Scope: test_NtnuTfe4171Lab1Fifo.scoreBoardPopAndCheck File: ./tb/test_NtnuTfe4171Lab1Fifo.sv Line: 75
# [76353] MISMATCH: expected=0xx actual=0x9a
# ** Error: Assertion error.
#    Time: 76353 ns  Scope: test_NtnuTfe4171Lab1Fifo.scoreBoardPopAndCheck File: ./tb/test_NtnuTfe4171Lab1Fifo.sv Line: 85
#     76353 |   1    0x09a  |   1   0x09a  |   0     0     0
#     76415 |   1    0x09a  |   0   0x09a  |   0     0     0
# [76477] ERROR: Read with empty scoreboard!
# ** Error: Assertion error.
#    Time: 76477 ns  Scope: test_NtnuTfe4171Lab1Fifo.scoreBoardPopAndCheck File: ./tb/test_NtnuTfe4171Lab1Fifo.sv Line: 75
# [76477] MISMATCH: expected=0xx actual=0x9a
# ** Error: Assertion error.
#    Time: 76477 ns  Scope: test_NtnuTfe4171Lab1Fifo.scoreBoardPopAndCheck File: ./tb/test_NtnuTfe4171Lab1Fifo.sv Line: 85
#     76477 |   1    0x09a  |   1   0x09a  |   0     0     0
#     76539 |   1    0x09a  |   0   0x09a  |   0     0     0
# [76601] ERROR: Read with empty scoreboard!
# ** Error: Assertion error.
#    Time: 76601 ns  Scope: test_NtnuTfe4171Lab1Fifo.scoreBoardPopAndCheck File: ./tb/test_NtnuTfe4171Lab1Fifo.sv Line: 75
# [76601] MISMATCH: expected=0xx actual=0x9a
# ** Error: Assertion error.
#    Time: 76601 ns  Scope: test_NtnuTfe4171Lab1Fifo.scoreBoardPopAndCheck File: ./tb/test_NtnuTfe4171Lab1Fifo.sv Line: 85
#     76601 |   1    0x09a  |   1   0x09a  |   0     0     0
#     76663 |   1    0x09a  |   0   0x09a  |   0     0     0
# [76725] ERROR: Read with empty scoreboard!
# ** Error: Assertion error.
#    Time: 76725 ns  Scope: test_NtnuTfe4171Lab1Fifo.scoreBoardPopAndCheck File: ./tb/test_NtnuTfe4171Lab1Fifo.sv Line: 75
# [76725] MISMATCH: expected=0xx actual=0x9a
# ** Error: Assertion error.
#    Time: 76725 ns  Scope: test_NtnuTfe4171Lab1Fifo.scoreBoardPopAndCheck File: ./tb/test_NtnuTfe4171Lab1Fifo.sv Line: 85
#     76725 |   1    0x09a  |   1   0x09a  |   0     0     0
#     76787 |   1    0x09a  |   0   0x09a  |   0     0     0
# [76849] ERROR: Read with empty scoreboard!
# ** Error: Assertion error.
#    Time: 76849 ns  Scope: test_NtnuTfe4171Lab1Fifo.scoreBoardPopAndCheck File: ./tb/test_NtnuTfe4171Lab1Fifo.sv Line: 75
# [76849] MISMATCH: expected=0xx actual=0x9a
# ** Error: Assertion error.
#    Time: 76849 ns  Scope: test_NtnuTfe4171Lab1Fifo.scoreBoardPopAndCheck File: ./tb/test_NtnuTfe4171Lab1Fifo.sv Line: 85
#     76849 |   1    0x09a  |   1   0x09a  |   0     0     0
#     76911 |   1    0x09a  |   0   0x09a  |   0     0     0
# [76973] ERROR: Read with empty scoreboard!
# ** Error: Assertion error.
#    Time: 76973 ns  Scope: test_NtnuTfe4171Lab1Fifo.scoreBoardPopAndCheck File: ./tb/test_NtnuTfe4171Lab1Fifo.sv Line: 75
# [76973] MISMATCH: expected=0xx actual=0x9a
# ** Error: Assertion error.
#    Time: 76973 ns  Scope: test_NtnuTfe4171Lab1Fifo.scoreBoardPopAndCheck File: ./tb/test_NtnuTfe4171Lab1Fifo.sv Line: 85
#     76973 |   1    0x09a  |   1   0x09a  |   0     0     0
#     77035 |   1    0x09a  |   0   0x09a  |   0     0     0
# [77097] ERROR: Read with empty scoreboard!
# ** Error: Assertion error.
#    Time: 77097 ns  Scope: test_NtnuTfe4171Lab1Fifo.scoreBoardPopAndCheck File: ./tb/test_NtnuTfe4171Lab1Fifo.sv Line: 75
# [77097] MISMATCH: expected=0xx actual=0x9a
# ** Error: Assertion error.
#    Time: 77097 ns  Scope: test_NtnuTfe4171Lab1Fifo.scoreBoardPopAndCheck File: ./tb/test_NtnuTfe4171Lab1Fifo.sv Line: 85
#     77097 |   1    0x09a  |   1   0x09a  |   0     0     0
#     77159 |   1    0x09a  |   0   0x09a  |   0     0     0
# [77221] ERROR: Read with empty scoreboard!
# ** Error: Assertion error.
#    Time: 77221 ns  Scope: test_NtnuTfe4171Lab1Fifo.scoreBoardPopAndCheck File: ./tb/test_NtnuTfe4171Lab1Fifo.sv Line: 75
# [77221] MISMATCH: expected=0xx actual=0x9a
# ** Error: Assertion error.
#    Time: 77221 ns  Scope: test_NtnuTfe4171Lab1Fifo.scoreBoardPopAndCheck File: ./tb/test_NtnuTfe4171Lab1Fifo.sv Line: 85
#     77221 |   1    0x09a  |   1   0x09a  |   0     0     0
#     77283 |   1    0x09a  |   0   0x09a  |   0     0     0
#     77345 |   1    0x09a  |   1   0x09a  |   0     1     0
#     77407 |   1    0x09a  |   0   0x09a  |   0     0     0
# [77469] ERROR: Read with empty scoreboard!
# ** Error: Assertion error.
#    Time: 77469 ns  Scope: test_NtnuTfe4171Lab1Fifo.scoreBoardPopAndCheck File: ./tb/test_NtnuTfe4171Lab1Fifo.sv Line: 75
# [77469] MISMATCH: expected=0xx actual=0x9a
# ** Error: Assertion error.
#    Time: 77469 ns  Scope: test_NtnuTfe4171Lab1Fifo.scoreBoardPopAndCheck File: ./tb/test_NtnuTfe4171Lab1Fifo.sv Line: 85
#     77469 |   1    0x09a  |   1   0x09a  |   0     0     0
#     77531 |   1    0x09a  |   0   0x09a  |   0     0     0
# [77593] ERROR: Read with empty scoreboard!
# ** Error: Assertion error.
#    Time: 77593 ns  Scope: test_NtnuTfe4171Lab1Fifo.scoreBoardPopAndCheck File: ./tb/test_NtnuTfe4171Lab1Fifo.sv Line: 75
# [77593] MISMATCH: expected=0xx actual=0x9a
# ** Error: Assertion error.
#    Time: 77593 ns  Scope: test_NtnuTfe4171Lab1Fifo.scoreBoardPopAndCheck File: ./tb/test_NtnuTfe4171Lab1Fifo.sv Line: 85
#     77593 |   1    0x09a  |   1   0x09a  |   0     0     0
#     77655 |   1    0x09a  |   0   0x09a  |   0     0     0
# [77717] ERROR: Read with empty scoreboard!
# ** Error: Assertion error.
#    Time: 77717 ns  Scope: test_NtnuTfe4171Lab1Fifo.scoreBoardPopAndCheck File: ./tb/test_NtnuTfe4171Lab1Fifo.sv Line: 75
# [77717] MISMATCH: expected=0xx actual=0x9a
# ** Error: Assertion error.
#    Time: 77717 ns  Scope: test_NtnuTfe4171Lab1Fifo.scoreBoardPopAndCheck File: ./tb/test_NtnuTfe4171Lab1Fifo.sv Line: 85
#     77717 |   1    0x09a  |   1   0x09a  |   0     0     0
#     77779 |   1    0x09a  |   0   0x09a  |   0     0     0
# [77841] ERROR: Read with empty scoreboard!
# ** Error: Assertion error.
#    Time: 77841 ns  Scope: test_NtnuTfe4171Lab1Fifo.scoreBoardPopAndCheck File: ./tb/test_NtnuTfe4171Lab1Fifo.sv Line: 75
# [77841] MISMATCH: expected=0xx actual=0x9a
# ** Error: Assertion error.
#    Time: 77841 ns  Scope: test_NtnuTfe4171Lab1Fifo.scoreBoardPopAndCheck File: ./tb/test_NtnuTfe4171Lab1Fifo.sv Line: 85
#     77841 |   1    0x09a  |   1   0x09a  |   0     0     0
#     77903 |   1    0x09a  |   0   0x09a  |   0     0     0
# [77965] ERROR: Read with empty scoreboard!
# ** Error: Assertion error.
#    Time: 77965 ns  Scope: test_NtnuTfe4171Lab1Fifo.scoreBoardPopAndCheck File: ./tb/test_NtnuTfe4171Lab1Fifo.sv Line: 75
# [77965] MISMATCH: expected=0xx actual=0x9a
# ** Error: Assertion error.
#    Time: 77965 ns  Scope: test_NtnuTfe4171Lab1Fifo.scoreBoardPopAndCheck File: ./tb/test_NtnuTfe4171Lab1Fifo.sv Line: 85
#     77965 |   1    0x09a  |   1   0x09a  |   0     0     0
#     78027 |   1    0x09a  |   0   0x09a  |   0     0     0
# [78089] ERROR: Read with empty scoreboard!
# ** Error: Assertion error.
#    Time: 78089 ns  Scope: test_NtnuTfe4171Lab1Fifo.scoreBoardPopAndCheck File: ./tb/test_NtnuTfe4171Lab1Fifo.sv Line: 75
# [78089] MISMATCH: expected=0xx actual=0x9a
# ** Error: Assertion error.
#    Time: 78089 ns  Scope: test_NtnuTfe4171Lab1Fifo.scoreBoardPopAndCheck File: ./tb/test_NtnuTfe4171Lab1Fifo.sv Line: 85
#     78089 |   1    0x09a  |   1   0x09a  |   0     0     0
#     78151 |   1    0x09a  |   0   0x09a  |   0     0     0
# [78213] ERROR: Read with empty scoreboard!
# ** Error: Assertion error.
#    Time: 78213 ns  Scope: test_NtnuTfe4171Lab1Fifo.scoreBoardPopAndCheck File: ./tb/test_NtnuTfe4171Lab1Fifo.sv Line: 75
# [78213] MISMATCH: expected=0xx actual=0x9a
# ** Error: Assertion error.
#    Time: 78213 ns  Scope: test_NtnuTfe4171Lab1Fifo.scoreBoardPopAndCheck File: ./tb/test_NtnuTfe4171Lab1Fifo.sv Line: 85
#     78213 |   1    0x09a  |   1   0x09a  |   0     0     0
#     78275 |   1    0x09a  |   0   0x09a  |   0     0     0
# [78337] ERROR: Read with empty scoreboard!
# ** Error: Assertion error.
#    Time: 78337 ns  Scope: test_NtnuTfe4171Lab1Fifo.scoreBoardPopAndCheck File: ./tb/test_NtnuTfe4171Lab1Fifo.sv Line: 75
# [78337] MISMATCH: expected=0xx actual=0x9a
# ** Error: Assertion error.
#    Time: 78337 ns  Scope: test_NtnuTfe4171Lab1Fifo.scoreBoardPopAndCheck File: ./tb/test_NtnuTfe4171Lab1Fifo.sv Line: 85
#     78337 |   1    0x09a  |   1   0x09a  |   0     0     0
#     78399 |   1    0x09a  |   0   0x09a  |   0     0     0
# [78461] ERROR: Read with empty scoreboard!
# ** Error: Assertion error.
#    Time: 78461 ns  Scope: test_NtnuTfe4171Lab1Fifo.scoreBoardPopAndCheck File: ./tb/test_NtnuTfe4171Lab1Fifo.sv Line: 75
# [78461] MISMATCH: expected=0xx actual=0x9a
# ** Error: Assertion error.
#    Time: 78461 ns  Scope: test_NtnuTfe4171Lab1Fifo.scoreBoardPopAndCheck File: ./tb/test_NtnuTfe4171Lab1Fifo.sv Line: 85
#     78461 |   1    0x09a  |   1   0x09a  |   0     0     0
#     78523 |   1    0x09a  |   0   0x09a  |   0     0     0
# [78585] ERROR: Read with empty scoreboard!
# ** Error: Assertion error.
#    Time: 78585 ns  Scope: test_NtnuTfe4171Lab1Fifo.scoreBoardPopAndCheck File: ./tb/test_NtnuTfe4171Lab1Fifo.sv Line: 75
# [78585] MISMATCH: expected=0xx actual=0x9a
# ** Error: Assertion error.
#    Time: 78585 ns  Scope: test_NtnuTfe4171Lab1Fifo.scoreBoardPopAndCheck File: ./tb/test_NtnuTfe4171Lab1Fifo.sv Line: 85
#     78585 |   1    0x09a  |   1   0x09a  |   0     0     0
#     78647 |   1    0x09a  |   0   0x09a  |   0     0     0
# [78709] ERROR: Read with empty scoreboard!
# ** Error: Assertion error.
#    Time: 78709 ns  Scope: test_NtnuTfe4171Lab1Fifo.scoreBoardPopAndCheck File: ./tb/test_NtnuTfe4171Lab1Fifo.sv Line: 75
# [78709] MISMATCH: expected=0xx actual=0x9a
# ** Error: Assertion error.
#    Time: 78709 ns  Scope: test_NtnuTfe4171Lab1Fifo.scoreBoardPopAndCheck File: ./tb/test_NtnuTfe4171Lab1Fifo.sv Line: 85
#     78709 |   1    0x09a  |   1   0x09a  |   0     0     0
#     78771 |   1    0x09a  |   0   0x09a  |   0     0     0
# [78833] ERROR: Read with empty scoreboard!
# ** Error: Assertion error.
#    Time: 78833 ns  Scope: test_NtnuTfe4171Lab1Fifo.scoreBoardPopAndCheck File: ./tb/test_NtnuTfe4171Lab1Fifo.sv Line: 75
# [78833] MISMATCH: expected=0xx actual=0x9a
# ** Error: Assertion error.
#    Time: 78833 ns  Scope: test_NtnuTfe4171Lab1Fifo.scoreBoardPopAndCheck File: ./tb/test_NtnuTfe4171Lab1Fifo.sv Line: 85
#     78833 |   1    0x09a  |   1   0x09a  |   0     0     0
#     78895 |   1    0x09a  |   0   0x09a  |   0     0     0
# [78957] ERROR: Read with empty scoreboard!
# ** Error: Assertion error.
#    Time: 78957 ns  Scope: test_NtnuTfe4171Lab1Fifo.scoreBoardPopAndCheck File: ./tb/test_NtnuTfe4171Lab1Fifo.sv Line: 75
# [78957] MISMATCH: expected=0xx actual=0x9a
# ** Error: Assertion error.
#    Time: 78957 ns  Scope: test_NtnuTfe4171Lab1Fifo.scoreBoardPopAndCheck File: ./tb/test_NtnuTfe4171Lab1Fifo.sv Line: 85
#     78957 |   1    0x09a  |   1   0x09a  |   0     0     0
#     79019 |   1    0x09a  |   0   0x09a  |   0     0     0
# [79081] ERROR: Read with empty scoreboard!
# ** Error: Assertion error.
#    Time: 79081 ns  Scope: test_NtnuTfe4171Lab1Fifo.scoreBoardPopAndCheck File: ./tb/test_NtnuTfe4171Lab1Fifo.sv Line: 75
# [79081] MISMATCH: expected=0xx actual=0x9a
# ** Error: Assertion error.
#    Time: 79081 ns  Scope: test_NtnuTfe4171Lab1Fifo.scoreBoardPopAndCheck File: ./tb/test_NtnuTfe4171Lab1Fifo.sv Line: 85
#     79081 |   1    0x09a  |   1   0x09a  |   0     0     0
#     79143 |   1    0x09a  |   0   0x09a  |   0     0     0
# [79205] ERROR: Read with empty scoreboard!
# ** Error: Assertion error.
#    Time: 79205 ns  Scope: test_NtnuTfe4171Lab1Fifo.scoreBoardPopAndCheck File: ./tb/test_NtnuTfe4171Lab1Fifo.sv Line: 75
# [79205] MISMATCH: expected=0xx actual=0x9a
# ** Error: Assertion error.
#    Time: 79205 ns  Scope: test_NtnuTfe4171Lab1Fifo.scoreBoardPopAndCheck File: ./tb/test_NtnuTfe4171Lab1Fifo.sv Line: 85
#     79205 |   1    0x09a  |   1   0x09a  |   0     0     0
#     79267 |   1    0x09a  |   0   0x09a  |   0     0     0
# [79329] ERROR: Read with empty scoreboard!
# ** Error: Assertion error.
#    Time: 79329 ns  Scope: test_NtnuTfe4171Lab1Fifo.scoreBoardPopAndCheck File: ./tb/test_NtnuTfe4171Lab1Fifo.sv Line: 75
# [79329] MISMATCH: expected=0xx actual=0x9a
# ** Error: Assertion error.
#    Time: 79329 ns  Scope: test_NtnuTfe4171Lab1Fifo.scoreBoardPopAndCheck File: ./tb/test_NtnuTfe4171Lab1Fifo.sv Line: 85
#     79329 |   1    0x09a  |   1   0x09a  |   0     0     0
#     79391 |   1    0x09a  |   0   0x09a  |   0     0     0
# [79453] ERROR: Read with empty scoreboard!
# ** Error: Assertion error.
#    Time: 79453 ns  Scope: test_NtnuTfe4171Lab1Fifo.scoreBoardPopAndCheck File: ./tb/test_NtnuTfe4171Lab1Fifo.sv Line: 75
# [79453] MISMATCH: expected=0xx actual=0x9a
# ** Error: Assertion error.
#    Time: 79453 ns  Scope: test_NtnuTfe4171Lab1Fifo.scoreBoardPopAndCheck File: ./tb/test_NtnuTfe4171Lab1Fifo.sv Line: 85
#     79453 |   1    0x09a  |   1   0x09a  |   0     0     0
#     79515 |   1    0x09a  |   0   0x09a  |   0     0     0
# [79577] ERROR: Read with empty scoreboard!
# ** Error: Assertion error.
#    Time: 79577 ns  Scope: test_NtnuTfe4171Lab1Fifo.scoreBoardPopAndCheck File: ./tb/test_NtnuTfe4171Lab1Fifo.sv Line: 75
# [79577] MISMATCH: expected=0xx actual=0x9a
# ** Error: Assertion error.
#    Time: 79577 ns  Scope: test_NtnuTfe4171Lab1Fifo.scoreBoardPopAndCheck File: ./tb/test_NtnuTfe4171Lab1Fifo.sv Line: 85
#     79577 |   1    0x09a  |   1   0x09a  |   0     0     0
#     79639 |   1    0x09a  |   0   0x09a  |   0     0     0
# [79701] ERROR: Read with empty scoreboard!
# ** Error: Assertion error.
#    Time: 79701 ns  Scope: test_NtnuTfe4171Lab1Fifo.scoreBoardPopAndCheck File: ./tb/test_NtnuTfe4171Lab1Fifo.sv Line: 75
# [79701] MISMATCH: expected=0xx actual=0x9a
# ** Error: Assertion error.
#    Time: 79701 ns  Scope: test_NtnuTfe4171Lab1Fifo.scoreBoardPopAndCheck File: ./tb/test_NtnuTfe4171Lab1Fifo.sv Line: 85
#     79701 |   1    0x09a  |   1   0x09a  |   0     0     0
#     79763 |   1    0x09a  |   0   0x09a  |   0     0     0
# [79825] ERROR: Read with empty scoreboard!
# ** Error: Assertion error.
#    Time: 79825 ns  Scope: test_NtnuTfe4171Lab1Fifo.scoreBoardPopAndCheck File: ./tb/test_NtnuTfe4171Lab1Fifo.sv Line: 75
# [79825] MISMATCH: expected=0xx actual=0x9a
# ** Error: Assertion error.
#    Time: 79825 ns  Scope: test_NtnuTfe4171Lab1Fifo.scoreBoardPopAndCheck File: ./tb/test_NtnuTfe4171Lab1Fifo.sv Line: 85
#     79825 |   1    0x09a  |   1   0x09a  |   0     0     0
#     79887 |   1    0x09a  |   0   0x09a  |   0     0     0
# [79949] ERROR: Read with empty scoreboard!
# ** Error: Assertion error.
#    Time: 79949 ns  Scope: test_NtnuTfe4171Lab1Fifo.scoreBoardPopAndCheck File: ./tb/test_NtnuTfe4171Lab1Fifo.sv Line: 75
# [79949] MISMATCH: expected=0xx actual=0x9a
# ** Error: Assertion error.
#    Time: 79949 ns  Scope: test_NtnuTfe4171Lab1Fifo.scoreBoardPopAndCheck File: ./tb/test_NtnuTfe4171Lab1Fifo.sv Line: 85
#     79949 |   1    0x09a  |   1   0x09a  |   0     0     0
#     80011 |   1    0x09a  |   0   0x09a  |   0     0     0
# [80073] ERROR: Read with empty scoreboard!
# ** Error: Assertion error.
#    Time: 80073 ns  Scope: test_NtnuTfe4171Lab1Fifo.scoreBoardPopAndCheck File: ./tb/test_NtnuTfe4171Lab1Fifo.sv Line: 75
# [80073] MISMATCH: expected=0xx actual=0x9a
# ** Error: Assertion error.
#    Time: 80073 ns  Scope: test_NtnuTfe4171Lab1Fifo.scoreBoardPopAndCheck File: ./tb/test_NtnuTfe4171Lab1Fifo.sv Line: 85
#     80073 |   1    0x09a  |   1   0x09a  |   0     0     0
#     80135 |   1    0x09a  |   0   0x09a  |   0     0     0
# [80197] ERROR: Read with empty scoreboard!
# ** Error: Assertion error.
#    Time: 80197 ns  Scope: test_NtnuTfe4171Lab1Fifo.scoreBoardPopAndCheck File: ./tb/test_NtnuTfe4171Lab1Fifo.sv Line: 75
# [80197] MISMATCH: expected=0xx actual=0x9a
# ** Error: Assertion error.
#    Time: 80197 ns  Scope: test_NtnuTfe4171Lab1Fifo.scoreBoardPopAndCheck File: ./tb/test_NtnuTfe4171Lab1Fifo.sv Line: 85
#     80197 |   1    0x09a  |   1   0x09a  |   0     0     0
#     80259 |   1    0x09a  |   0   0x09a  |   0     0     0
# [80321] ERROR: Read with empty scoreboard!
# ** Error: Assertion error.
#    Time: 80321 ns  Scope: test_NtnuTfe4171Lab1Fifo.scoreBoardPopAndCheck File: ./tb/test_NtnuTfe4171Lab1Fifo.sv Line: 75
# [80321] MISMATCH: expected=0xx actual=0x9a
# ** Error: Assertion error.
#    Time: 80321 ns  Scope: test_NtnuTfe4171Lab1Fifo.scoreBoardPopAndCheck File: ./tb/test_NtnuTfe4171Lab1Fifo.sv Line: 85
#     80321 |   1    0x09a  |   1   0x09a  |   0     0     0
#     80383 |   1    0x09a  |   0   0x09a  |   0     0     0
# [80445] ERROR: Read with empty scoreboard!
# ** Error: Assertion error.
#    Time: 80445 ns  Scope: test_NtnuTfe4171Lab1Fifo.scoreBoardPopAndCheck File: ./tb/test_NtnuTfe4171Lab1Fifo.sv Line: 75
# [80445] MISMATCH: expected=0xx actual=0x9a
# ** Error: Assertion error.
#    Time: 80445 ns  Scope: test_NtnuTfe4171Lab1Fifo.scoreBoardPopAndCheck File: ./tb/test_NtnuTfe4171Lab1Fifo.sv Line: 85
#     80445 |   1    0x09a  |   1   0x09a  |   0     0     0
#     80507 |   1    0x09a  |   0   0x09a  |   0     0     0
# [80569] ERROR: Read with empty scoreboard!
# ** Error: Assertion error.
#    Time: 80569 ns  Scope: test_NtnuTfe4171Lab1Fifo.scoreBoardPopAndCheck File: ./tb/test_NtnuTfe4171Lab1Fifo.sv Line: 75
# [80569] MISMATCH: expected=0xx actual=0x9a
# ** Error: Assertion error.
#    Time: 80569 ns  Scope: test_NtnuTfe4171Lab1Fifo.scoreBoardPopAndCheck File: ./tb/test_NtnuTfe4171Lab1Fifo.sv Line: 85
#     80569 |   1    0x09a  |   1   0x09a  |   0     0     0
#     80631 |   1    0x09a  |   0   0x09a  |   0     0     0
# [80693] ERROR: Read with empty scoreboard!
# ** Error: Assertion error.
#    Time: 80693 ns  Scope: test_NtnuTfe4171Lab1Fifo.scoreBoardPopAndCheck File: ./tb/test_NtnuTfe4171Lab1Fifo.sv Line: 75
# [80693] MISMATCH: expected=0xx actual=0x9a
# ** Error: Assertion error.
#    Time: 80693 ns  Scope: test_NtnuTfe4171Lab1Fifo.scoreBoardPopAndCheck File: ./tb/test_NtnuTfe4171Lab1Fifo.sv Line: 85
#     80693 |   1    0x09a  |   1   0x09a  |   0     0     0
#     80755 |   1    0x09a  |   0   0x09a  |   0     0     0
# [80817] ERROR: Read with empty scoreboard!
# ** Error: Assertion error.
#    Time: 80817 ns  Scope: test_NtnuTfe4171Lab1Fifo.scoreBoardPopAndCheck File: ./tb/test_NtnuTfe4171Lab1Fifo.sv Line: 75
# [80817] MISMATCH: expected=0xx actual=0x9a
# ** Error: Assertion error.
#    Time: 80817 ns  Scope: test_NtnuTfe4171Lab1Fifo.scoreBoardPopAndCheck File: ./tb/test_NtnuTfe4171Lab1Fifo.sv Line: 85
#     80817 |   1    0x09a  |   1   0x09a  |   0     0     0
#     80879 |   1    0x09a  |   0   0x09a  |   0     0     0
# [80941] ERROR: Read with empty scoreboard!
# ** Error: Assertion error.
#    Time: 80941 ns  Scope: test_NtnuTfe4171Lab1Fifo.scoreBoardPopAndCheck File: ./tb/test_NtnuTfe4171Lab1Fifo.sv Line: 75
# [80941] MISMATCH: expected=0xx actual=0x9a
# ** Error: Assertion error.
#    Time: 80941 ns  Scope: test_NtnuTfe4171Lab1Fifo.scoreBoardPopAndCheck File: ./tb/test_NtnuTfe4171Lab1Fifo.sv Line: 85
#     80941 |   1    0x09a  |   1   0x09a  |   0     0     0
#     81003 |   1    0x09a  |   0   0x09a  |   0     0     0
# [81065] ERROR: Read with empty scoreboard!
# ** Error: Assertion error.
#    Time: 81065 ns  Scope: test_NtnuTfe4171Lab1Fifo.scoreBoardPopAndCheck File: ./tb/test_NtnuTfe4171Lab1Fifo.sv Line: 75
# [81065] MISMATCH: expected=0xx actual=0x9a
# ** Error: Assertion error.
#    Time: 81065 ns  Scope: test_NtnuTfe4171Lab1Fifo.scoreBoardPopAndCheck File: ./tb/test_NtnuTfe4171Lab1Fifo.sv Line: 85
#     81065 |   1    0x09a  |   1   0x09a  |   0     0     0
#     81127 |   1    0x09a  |   0   0x09a  |   0     0     0
# [81189] ERROR: Read with empty scoreboard!
# ** Error: Assertion error.
#    Time: 81189 ns  Scope: test_NtnuTfe4171Lab1Fifo.scoreBoardPopAndCheck File: ./tb/test_NtnuTfe4171Lab1Fifo.sv Line: 75
# [81189] MISMATCH: expected=0xx actual=0x9a
# ** Error: Assertion error.
#    Time: 81189 ns  Scope: test_NtnuTfe4171Lab1Fifo.scoreBoardPopAndCheck File: ./tb/test_NtnuTfe4171Lab1Fifo.sv Line: 85
#     81189 |   1    0x09a  |   1   0x09a  |   1     0     0
#     81251 |   1    0x09a  |   0   0x09a  |   0     0     0
# [81313] ERROR: Read with empty scoreboard!
# ** Error: Assertion error.
#    Time: 81313 ns  Scope: test_NtnuTfe4171Lab1Fifo.scoreBoardPopAndCheck File: ./tb/test_NtnuTfe4171Lab1Fifo.sv Line: 75
# [81313] MISMATCH: expected=0xx actual=0x9a
# ** Error: Assertion error.
#    Time: 81313 ns  Scope: test_NtnuTfe4171Lab1Fifo.scoreBoardPopAndCheck File: ./tb/test_NtnuTfe4171Lab1Fifo.sv Line: 85
#     81313 |   1    0x09a  |   1   0x09a  |   1     0     0
#     81375 |   1    0x09a  |   0   0x09a  |   0     0     0
# [81437] ERROR: Read with empty scoreboard!
# ** Error: Assertion error.
#    Time: 81437 ns  Scope: test_NtnuTfe4171Lab1Fifo.scoreBoardPopAndCheck File: ./tb/test_NtnuTfe4171Lab1Fifo.sv Line: 75
# [81437] MISMATCH: expected=0xx actual=0x9a
# ** Error: Assertion error.
#    Time: 81437 ns  Scope: test_NtnuTfe4171Lab1Fifo.scoreBoardPopAndCheck File: ./tb/test_NtnuTfe4171Lab1Fifo.sv Line: 85
#     81437 |   1    0x09a  |   1   0x09a  |   0     0     0
#     81499 |   1    0x09a  |   0   0x09a  |   0     0     0
# [81561] ERROR: Read with empty scoreboard!
# ** Error: Assertion error.
#    Time: 81561 ns  Scope: test_NtnuTfe4171Lab1Fifo.scoreBoardPopAndCheck File: ./tb/test_NtnuTfe4171Lab1Fifo.sv Line: 75
# [81561] MISMATCH: expected=0xx actual=0x9a
# ** Error: Assertion error.
#    Time: 81561 ns  Scope: test_NtnuTfe4171Lab1Fifo.scoreBoardPopAndCheck File: ./tb/test_NtnuTfe4171Lab1Fifo.sv Line: 85
#     81561 |   1    0x09a  |   1   0x09a  |   0     0     0
#     81623 |   1    0x09a  |   0   0x09a  |   0     0     0
# [81685] ERROR: Read with empty scoreboard!
# ** Error: Assertion error.
#    Time: 81685 ns  Scope: test_NtnuTfe4171Lab1Fifo.scoreBoardPopAndCheck File: ./tb/test_NtnuTfe4171Lab1Fifo.sv Line: 75
# [81685] MISMATCH: expected=0xx actual=0x9a
# ** Error: Assertion error.
#    Time: 81685 ns  Scope: test_NtnuTfe4171Lab1Fifo.scoreBoardPopAndCheck File: ./tb/test_NtnuTfe4171Lab1Fifo.sv Line: 85
#     81685 |   1    0x09a  |   1   0x09a  |   0     0     0
#     81747 |   1    0x09a  |   0   0x09a  |   0     0     0
# [81809] ERROR: Read with empty scoreboard!
# ** Error: Assertion error.
#    Time: 81809 ns  Scope: test_NtnuTfe4171Lab1Fifo.scoreBoardPopAndCheck File: ./tb/test_NtnuTfe4171Lab1Fifo.sv Line: 75
# [81809] MISMATCH: expected=0xx actual=0x9a
# ** Error: Assertion error.
#    Time: 81809 ns  Scope: test_NtnuTfe4171Lab1Fifo.scoreBoardPopAndCheck File: ./tb/test_NtnuTfe4171Lab1Fifo.sv Line: 85
#     81809 |   1    0x09a  |   1   0x09a  |   0     0     0
#     81871 |   1    0x09a  |   0   0x09a  |   0     0     0
# [81933] ERROR: Read with empty scoreboard!
# ** Error: Assertion error.
#    Time: 81933 ns  Scope: test_NtnuTfe4171Lab1Fifo.scoreBoardPopAndCheck File: ./tb/test_NtnuTfe4171Lab1Fifo.sv Line: 75
# [81933] MISMATCH: expected=0xx actual=0x9a
# ** Error: Assertion error.
#    Time: 81933 ns  Scope: test_NtnuTfe4171Lab1Fifo.scoreBoardPopAndCheck File: ./tb/test_NtnuTfe4171Lab1Fifo.sv Line: 85
#     81933 |   1    0x09a  |   1   0x09a  |   0     0     0
#     81995 |   1    0x09a  |   0   0x09a  |   0     0     0
# [82057] ERROR: Read with empty scoreboard!
# ** Error: Assertion error.
#    Time: 82057 ns  Scope: test_NtnuTfe4171Lab1Fifo.scoreBoardPopAndCheck File: ./tb/test_NtnuTfe4171Lab1Fifo.sv Line: 75
# [82057] MISMATCH: expected=0xx actual=0x9a
# ** Error: Assertion error.
#    Time: 82057 ns  Scope: test_NtnuTfe4171Lab1Fifo.scoreBoardPopAndCheck File: ./tb/test_NtnuTfe4171Lab1Fifo.sv Line: 85
#     82057 |   1    0x09a  |   1   0x09a  |   0     0     0
#     82119 |   1    0x09a  |   0   0x09a  |   0     0     0
# [82181] ERROR: Read with empty scoreboard!
# ** Error: Assertion error.
#    Time: 82181 ns  Scope: test_NtnuTfe4171Lab1Fifo.scoreBoardPopAndCheck File: ./tb/test_NtnuTfe4171Lab1Fifo.sv Line: 75
# [82181] MISMATCH: expected=0xx actual=0x9a
# ** Error: Assertion error.
#    Time: 82181 ns  Scope: test_NtnuTfe4171Lab1Fifo.scoreBoardPopAndCheck File: ./tb/test_NtnuTfe4171Lab1Fifo.sv Line: 85
#     82181 |   1    0x09a  |   1   0x09a  |   0     0     0
#     82243 |   1    0x09a  |   0   0x09a  |   0     0     0
# [82305] ERROR: Read with empty scoreboard!
# ** Error: Assertion error.
#    Time: 82305 ns  Scope: test_NtnuTfe4171Lab1Fifo.scoreBoardPopAndCheck File: ./tb/test_NtnuTfe4171Lab1Fifo.sv Line: 75
# [82305] MISMATCH: expected=0xx actual=0x9a
# ** Error: Assertion error.
#    Time: 82305 ns  Scope: test_NtnuTfe4171Lab1Fifo.scoreBoardPopAndCheck File: ./tb/test_NtnuTfe4171Lab1Fifo.sv Line: 85
#     82305 |   1    0x09a  |   1   0x09a  |   0     0     0
#     82367 |   1    0x09a  |   0   0x09a  |   0     0     0
# [82429] ERROR: Read with empty scoreboard!
# ** Error: Assertion error.
#    Time: 82429 ns  Scope: test_NtnuTfe4171Lab1Fifo.scoreBoardPopAndCheck File: ./tb/test_NtnuTfe4171Lab1Fifo.sv Line: 75
# [82429] MISMATCH: expected=0xx actual=0x9a
# ** Error: Assertion error.
#    Time: 82429 ns  Scope: test_NtnuTfe4171Lab1Fifo.scoreBoardPopAndCheck File: ./tb/test_NtnuTfe4171Lab1Fifo.sv Line: 85
#     82429 |   1    0x09a  |   1   0x09a  |   0     0     0
#     82491 |   1    0x09a  |   0   0x09a  |   0     0     0
# [82553] ERROR: Read with empty scoreboard!
# ** Error: Assertion error.
#    Time: 82553 ns  Scope: test_NtnuTfe4171Lab1Fifo.scoreBoardPopAndCheck File: ./tb/test_NtnuTfe4171Lab1Fifo.sv Line: 75
# [82553] MISMATCH: expected=0xx actual=0x9a
# ** Error: Assertion error.
#    Time: 82553 ns  Scope: test_NtnuTfe4171Lab1Fifo.scoreBoardPopAndCheck File: ./tb/test_NtnuTfe4171Lab1Fifo.sv Line: 85
#     82553 |   1    0x09a  |   1   0x09a  |   0     0     0
#     82615 |   1    0x09a  |   0   0x09a  |   0     0     0
# [82677] ERROR: Read with empty scoreboard!
# ** Error: Assertion error.
#    Time: 82677 ns  Scope: test_NtnuTfe4171Lab1Fifo.scoreBoardPopAndCheck File: ./tb/test_NtnuTfe4171Lab1Fifo.sv Line: 75
# [82677] MISMATCH: expected=0xx actual=0x9a
# ** Error: Assertion error.
#    Time: 82677 ns  Scope: test_NtnuTfe4171Lab1Fifo.scoreBoardPopAndCheck File: ./tb/test_NtnuTfe4171Lab1Fifo.sv Line: 85
#     82677 |   1    0x09a  |   1   0x09a  |   0     0     0
#     82739 |   1    0x09a  |   0   0x09a  |   0     0     0
# [82801] ERROR: Read with empty scoreboard!
# ** Error: Assertion error.
#    Time: 82801 ns  Scope: test_NtnuTfe4171Lab1Fifo.scoreBoardPopAndCheck File: ./tb/test_NtnuTfe4171Lab1Fifo.sv Line: 75
# [82801] MISMATCH: expected=0xx actual=0x9a
# ** Error: Assertion error.
#    Time: 82801 ns  Scope: test_NtnuTfe4171Lab1Fifo.scoreBoardPopAndCheck File: ./tb/test_NtnuTfe4171Lab1Fifo.sv Line: 85
#     82801 |   1    0x09a  |   1   0x09a  |   0     0     0
#     82863 |   1    0x09a  |   0   0x09a  |   0     0     0
# [82925] ERROR: Read with empty scoreboard!
# ** Error: Assertion error.
#    Time: 82925 ns  Scope: test_NtnuTfe4171Lab1Fifo.scoreBoardPopAndCheck File: ./tb/test_NtnuTfe4171Lab1Fifo.sv Line: 75
# [82925] MISMATCH: expected=0xx actual=0x9a
# ** Error: Assertion error.
#    Time: 82925 ns  Scope: test_NtnuTfe4171Lab1Fifo.scoreBoardPopAndCheck File: ./tb/test_NtnuTfe4171Lab1Fifo.sv Line: 85
#     82925 |   1    0x09a  |   1   0x09a  |   0     0     0
#     82987 |   1    0x09a  |   0   0x09a  |   0     0     0
# [83049] ERROR: Read with empty scoreboard!
# ** Error: Assertion error.
#    Time: 83049 ns  Scope: test_NtnuTfe4171Lab1Fifo.scoreBoardPopAndCheck File: ./tb/test_NtnuTfe4171Lab1Fifo.sv Line: 75
# [83049] MISMATCH: expected=0xx actual=0x9a
# ** Error: Assertion error.
#    Time: 83049 ns  Scope: test_NtnuTfe4171Lab1Fifo.scoreBoardPopAndCheck File: ./tb/test_NtnuTfe4171Lab1Fifo.sv Line: 85
#     83049 |   1    0x09a  |   1   0x09a  |   0     0     0
#     83111 |   1    0x09a  |   0   0x09a  |   0     0     0
# [83173] ERROR: Read with empty scoreboard!
# ** Error: Assertion error.
#    Time: 83173 ns  Scope: test_NtnuTfe4171Lab1Fifo.scoreBoardPopAndCheck File: ./tb/test_NtnuTfe4171Lab1Fifo.sv Line: 75
# [83173] MISMATCH: expected=0xx actual=0x9a
# ** Error: Assertion error.
#    Time: 83173 ns  Scope: test_NtnuTfe4171Lab1Fifo.scoreBoardPopAndCheck File: ./tb/test_NtnuTfe4171Lab1Fifo.sv Line: 85
#     83173 |   1    0x09a  |   1   0x09a  |   0     0     0
#     83235 |   1    0x09a  |   0   0x09a  |   0     0     0
# [83297] ERROR: Read with empty scoreboard!
# ** Error: Assertion error.
#    Time: 83297 ns  Scope: test_NtnuTfe4171Lab1Fifo.scoreBoardPopAndCheck File: ./tb/test_NtnuTfe4171Lab1Fifo.sv Line: 75
# [83297] MISMATCH: expected=0xx actual=0x9a
# ** Error: Assertion error.
#    Time: 83297 ns  Scope: test_NtnuTfe4171Lab1Fifo.scoreBoardPopAndCheck File: ./tb/test_NtnuTfe4171Lab1Fifo.sv Line: 85
#     83297 |   1    0x09a  |   1   0x09a  |   0     0     0
#     83359 |   1    0x09a  |   0   0x09a  |   0     0     0
# [83421] ERROR: Read with empty scoreboard!
# ** Error: Assertion error.
#    Time: 83421 ns  Scope: test_NtnuTfe4171Lab1Fifo.scoreBoardPopAndCheck File: ./tb/test_NtnuTfe4171Lab1Fifo.sv Line: 75
# [83421] MISMATCH: expected=0xx actual=0x9a
# ** Error: Assertion error.
#    Time: 83421 ns  Scope: test_NtnuTfe4171Lab1Fifo.scoreBoardPopAndCheck File: ./tb/test_NtnuTfe4171Lab1Fifo.sv Line: 85
#     83421 |   1    0x09a  |   1   0x09a  |   0     0     0
#     83483 |   1    0x09a  |   0   0x09a  |   0     0     0
# [83545] ERROR: Read with empty scoreboard!
# ** Error: Assertion error.
#    Time: 83545 ns  Scope: test_NtnuTfe4171Lab1Fifo.scoreBoardPopAndCheck File: ./tb/test_NtnuTfe4171Lab1Fifo.sv Line: 75
# [83545] MISMATCH: expected=0xx actual=0x9a
# ** Error: Assertion error.
#    Time: 83545 ns  Scope: test_NtnuTfe4171Lab1Fifo.scoreBoardPopAndCheck File: ./tb/test_NtnuTfe4171Lab1Fifo.sv Line: 85
#     83545 |   1    0x09a  |   1   0x09a  |   0     0     0
#     83607 |   1    0x09a  |   0   0x09a  |   0     0     0
# [83669] ERROR: Read with empty scoreboard!
# ** Error: Assertion error.
#    Time: 83669 ns  Scope: test_NtnuTfe4171Lab1Fifo.scoreBoardPopAndCheck File: ./tb/test_NtnuTfe4171Lab1Fifo.sv Line: 75
# [83669] MISMATCH: expected=0xx actual=0x9a
# ** Error: Assertion error.
#    Time: 83669 ns  Scope: test_NtnuTfe4171Lab1Fifo.scoreBoardPopAndCheck File: ./tb/test_NtnuTfe4171Lab1Fifo.sv Line: 85
#     83669 |   1    0x09a  |   1   0x09a  |   0     0     0
#     83731 |   1    0x09a  |   0   0x09a  |   0     0     0
# [83793] ERROR: Read with empty scoreboard!
# ** Error: Assertion error.
#    Time: 83793 ns  Scope: test_NtnuTfe4171Lab1Fifo.scoreBoardPopAndCheck File: ./tb/test_NtnuTfe4171Lab1Fifo.sv Line: 75
# [83793] MISMATCH: expected=0xx actual=0x9a
# ** Error: Assertion error.
#    Time: 83793 ns  Scope: test_NtnuTfe4171Lab1Fifo.scoreBoardPopAndCheck File: ./tb/test_NtnuTfe4171Lab1Fifo.sv Line: 85
#     83793 |   1    0x09a  |   1   0x09a  |   0     0     0
#     83855 |   1    0x09a  |   0   0x09a  |   0     0     0
# [83917] ERROR: Read with empty scoreboard!
# ** Error: Assertion error.
#    Time: 83917 ns  Scope: test_NtnuTfe4171Lab1Fifo.scoreBoardPopAndCheck File: ./tb/test_NtnuTfe4171Lab1Fifo.sv Line: 75
# [83917] MISMATCH: expected=0xx actual=0x9a
# ** Error: Assertion error.
#    Time: 83917 ns  Scope: test_NtnuTfe4171Lab1Fifo.scoreBoardPopAndCheck File: ./tb/test_NtnuTfe4171Lab1Fifo.sv Line: 85
#     83917 |   1    0x09a  |   1   0x09a  |   0     0     0
#     83979 |   1    0x09a  |   0   0x09a  |   0     0     0
# [84041] ERROR: Read with empty scoreboard!
# ** Error: Assertion error.
#    Time: 84041 ns  Scope: test_NtnuTfe4171Lab1Fifo.scoreBoardPopAndCheck File: ./tb/test_NtnuTfe4171Lab1Fifo.sv Line: 75
# [84041] MISMATCH: expected=0xx actual=0x9a
# ** Error: Assertion error.
#    Time: 84041 ns  Scope: test_NtnuTfe4171Lab1Fifo.scoreBoardPopAndCheck File: ./tb/test_NtnuTfe4171Lab1Fifo.sv Line: 85
#     84041 |   1    0x09a  |   1   0x09a  |   0     0     0
#     84103 |   1    0x09a  |   0   0x09a  |   0     0     0
# [84165] ERROR: Read with empty scoreboard!
# ** Error: Assertion error.
#    Time: 84165 ns  Scope: test_NtnuTfe4171Lab1Fifo.scoreBoardPopAndCheck File: ./tb/test_NtnuTfe4171Lab1Fifo.sv Line: 75
# [84165] MISMATCH: expected=0xx actual=0x9a
# ** Error: Assertion error.
#    Time: 84165 ns  Scope: test_NtnuTfe4171Lab1Fifo.scoreBoardPopAndCheck File: ./tb/test_NtnuTfe4171Lab1Fifo.sv Line: 85
#     84165 |   1    0x09a  |   1   0x09a  |   0     0     0
#     84227 |   1    0x09a  |   0   0x09a  |   0     0     0
# [84289] ERROR: Read with empty scoreboard!
# ** Error: Assertion error.
#    Time: 84289 ns  Scope: test_NtnuTfe4171Lab1Fifo.scoreBoardPopAndCheck File: ./tb/test_NtnuTfe4171Lab1Fifo.sv Line: 75
# [84289] MISMATCH: expected=0xx actual=0x9a
# ** Error: Assertion error.
#    Time: 84289 ns  Scope: test_NtnuTfe4171Lab1Fifo.scoreBoardPopAndCheck File: ./tb/test_NtnuTfe4171Lab1Fifo.sv Line: 85
#     84289 |   1    0x09a  |   1   0x09a  |   0     0     0
#     84351 |   1    0x09a  |   0   0x09a  |   0     0     0
# [84413] ERROR: Read with empty scoreboard!
# ** Error: Assertion error.
#    Time: 84413 ns  Scope: test_NtnuTfe4171Lab1Fifo.scoreBoardPopAndCheck File: ./tb/test_NtnuTfe4171Lab1Fifo.sv Line: 75
# [84413] MISMATCH: expected=0xx actual=0x9a
# ** Error: Assertion error.
#    Time: 84413 ns  Scope: test_NtnuTfe4171Lab1Fifo.scoreBoardPopAndCheck File: ./tb/test_NtnuTfe4171Lab1Fifo.sv Line: 85
#     84413 |   1    0x09a  |   1   0x09a  |   0     0     0
#     84475 |   1    0x09a  |   0   0x09a  |   0     0     0
# [84537] ERROR: Read with empty scoreboard!
# ** Error: Assertion error.
#    Time: 84537 ns  Scope: test_NtnuTfe4171Lab1Fifo.scoreBoardPopAndCheck File: ./tb/test_NtnuTfe4171Lab1Fifo.sv Line: 75
# [84537] MISMATCH: expected=0xx actual=0x9a
# ** Error: Assertion error.
#    Time: 84537 ns  Scope: test_NtnuTfe4171Lab1Fifo.scoreBoardPopAndCheck File: ./tb/test_NtnuTfe4171Lab1Fifo.sv Line: 85
#     84537 |   1    0x09a  |   1   0x09a  |   0     0     0
#     84599 |   1    0x09a  |   0   0x09a  |   0     0     0
# [84661] ERROR: Read with empty scoreboard!
# ** Error: Assertion error.
#    Time: 84661 ns  Scope: test_NtnuTfe4171Lab1Fifo.scoreBoardPopAndCheck File: ./tb/test_NtnuTfe4171Lab1Fifo.sv Line: 75
# [84661] MISMATCH: expected=0xx actual=0x9a
# ** Error: Assertion error.
#    Time: 84661 ns  Scope: test_NtnuTfe4171Lab1Fifo.scoreBoardPopAndCheck File: ./tb/test_NtnuTfe4171Lab1Fifo.sv Line: 85
#     84661 |   1    0x09a  |   1   0x09a  |   0     0     0
#     84723 |   1    0x09a  |   0   0x09a  |   0     0     0
# [84785] ERROR: Read with empty scoreboard!
# ** Error: Assertion error.
#    Time: 84785 ns  Scope: test_NtnuTfe4171Lab1Fifo.scoreBoardPopAndCheck File: ./tb/test_NtnuTfe4171Lab1Fifo.sv Line: 75
# [84785] MISMATCH: expected=0xx actual=0x9a
# ** Error: Assertion error.
#    Time: 84785 ns  Scope: test_NtnuTfe4171Lab1Fifo.scoreBoardPopAndCheck File: ./tb/test_NtnuTfe4171Lab1Fifo.sv Line: 85
#     84785 |   1    0x09a  |   1   0x09a  |   0     0     0
#     84847 |   1    0x09a  |   0   0x09a  |   0     0     0
# [84909] ERROR: Read with empty scoreboard!
# ** Error: Assertion error.
#    Time: 84909 ns  Scope: test_NtnuTfe4171Lab1Fifo.scoreBoardPopAndCheck File: ./tb/test_NtnuTfe4171Lab1Fifo.sv Line: 75
# [84909] MISMATCH: expected=0xx actual=0x9a
# ** Error: Assertion error.
#    Time: 84909 ns  Scope: test_NtnuTfe4171Lab1Fifo.scoreBoardPopAndCheck File: ./tb/test_NtnuTfe4171Lab1Fifo.sv Line: 85
#     84909 |   1    0x09a  |   1   0x09a  |   0     0     0
#     84971 |   1    0x09a  |   0   0x09a  |   0     0     0
# [85033] ERROR: Read with empty scoreboard!
# ** Error: Assertion error.
#    Time: 85033 ns  Scope: test_NtnuTfe4171Lab1Fifo.scoreBoardPopAndCheck File: ./tb/test_NtnuTfe4171Lab1Fifo.sv Line: 75
# [85033] MISMATCH: expected=0xx actual=0x9a
# ** Error: Assertion error.
#    Time: 85033 ns  Scope: test_NtnuTfe4171Lab1Fifo.scoreBoardPopAndCheck File: ./tb/test_NtnuTfe4171Lab1Fifo.sv Line: 85
#     85033 |   1    0x09a  |   1   0x09a  |   0     0     0
#     85095 |   1    0x09a  |   0   0x09a  |   0     0     0
# [85157] ERROR: Read with empty scoreboard!
# ** Error: Assertion error.
#    Time: 85157 ns  Scope: test_NtnuTfe4171Lab1Fifo.scoreBoardPopAndCheck File: ./tb/test_NtnuTfe4171Lab1Fifo.sv Line: 75
# [85157] MISMATCH: expected=0xx actual=0x9a
# ** Error: Assertion error.
#    Time: 85157 ns  Scope: test_NtnuTfe4171Lab1Fifo.scoreBoardPopAndCheck File: ./tb/test_NtnuTfe4171Lab1Fifo.sv Line: 85
#     85157 |   1    0x09a  |   1   0x09a  |   0     0     0
#     85219 |   1    0x09a  |   0   0x09a  |   0     0     0
# [85281] ERROR: Read with empty scoreboard!
# ** Error: Assertion error.
#    Time: 85281 ns  Scope: test_NtnuTfe4171Lab1Fifo.scoreBoardPopAndCheck File: ./tb/test_NtnuTfe4171Lab1Fifo.sv Line: 75
# [85281] MISMATCH: expected=0xx actual=0x9a
# ** Error: Assertion error.
#    Time: 85281 ns  Scope: test_NtnuTfe4171Lab1Fifo.scoreBoardPopAndCheck File: ./tb/test_NtnuTfe4171Lab1Fifo.sv Line: 85
#     85281 |   1    0x09a  |   1   0x09a  |   0     0     0
#     85343 |   1    0x09a  |   0   0x09a  |   0     0     0
#     85405 |   1    0x09a  |   1   0x09a  |   0     1     0
#     85467 |   1    0x09a  |   0   0x09a  |   0     0     0
# [85529] ERROR: Read with empty scoreboard!
# ** Error: Assertion error.
#    Time: 85529 ns  Scope: test_NtnuTfe4171Lab1Fifo.scoreBoardPopAndCheck File: ./tb/test_NtnuTfe4171Lab1Fifo.sv Line: 75
# [85529] MISMATCH: expected=0xx actual=0x9a
# ** Error: Assertion error.
#    Time: 85529 ns  Scope: test_NtnuTfe4171Lab1Fifo.scoreBoardPopAndCheck File: ./tb/test_NtnuTfe4171Lab1Fifo.sv Line: 85
#     85529 |   1    0x09a  |   1   0x09a  |   0     0     0
#     85591 |   1    0x09a  |   0   0x09a  |   0     0     0
# [85653] ERROR: Read with empty scoreboard!
# ** Error: Assertion error.
#    Time: 85653 ns  Scope: test_NtnuTfe4171Lab1Fifo.scoreBoardPopAndCheck File: ./tb/test_NtnuTfe4171Lab1Fifo.sv Line: 75
# [85653] MISMATCH: expected=0xx actual=0x9a
# ** Error: Assertion error.
#    Time: 85653 ns  Scope: test_NtnuTfe4171Lab1Fifo.scoreBoardPopAndCheck File: ./tb/test_NtnuTfe4171Lab1Fifo.sv Line: 85
#     85653 |   1    0x09a  |   1   0x09a  |   0     0     0
#     85715 |   1    0x09a  |   0   0x09a  |   0     0     0
# [85777] ERROR: Read with empty scoreboard!
# ** Error: Assertion error.
#    Time: 85777 ns  Scope: test_NtnuTfe4171Lab1Fifo.scoreBoardPopAndCheck File: ./tb/test_NtnuTfe4171Lab1Fifo.sv Line: 75
# [85777] MISMATCH: expected=0xx actual=0x9a
# ** Error: Assertion error.
#    Time: 85777 ns  Scope: test_NtnuTfe4171Lab1Fifo.scoreBoardPopAndCheck File: ./tb/test_NtnuTfe4171Lab1Fifo.sv Line: 85
#     85777 |   1    0x09a  |   1   0x09a  |   0     0     0
#     85839 |   1    0x09a  |   0   0x09a  |   0     0     0
# [85901] ERROR: Read with empty scoreboard!
# ** Error: Assertion error.
#    Time: 85901 ns  Scope: test_NtnuTfe4171Lab1Fifo.scoreBoardPopAndCheck File: ./tb/test_NtnuTfe4171Lab1Fifo.sv Line: 75
# [85901] MISMATCH: expected=0xx actual=0x9a
# ** Error: Assertion error.
#    Time: 85901 ns  Scope: test_NtnuTfe4171Lab1Fifo.scoreBoardPopAndCheck File: ./tb/test_NtnuTfe4171Lab1Fifo.sv Line: 85
#     85901 |   1    0x09a  |   1   0x09a  |   0     0     0
#     85963 |   1    0x09a  |   0   0x09a  |   0     0     0
# [86025] ERROR: Read with empty scoreboard!
# ** Error: Assertion error.
#    Time: 86025 ns  Scope: test_NtnuTfe4171Lab1Fifo.scoreBoardPopAndCheck File: ./tb/test_NtnuTfe4171Lab1Fifo.sv Line: 75
# [86025] MISMATCH: expected=0xx actual=0x9a
# ** Error: Assertion error.
#    Time: 86025 ns  Scope: test_NtnuTfe4171Lab1Fifo.scoreBoardPopAndCheck File: ./tb/test_NtnuTfe4171Lab1Fifo.sv Line: 85
#     86025 |   1    0x09a  |   1   0x09a  |   0     0     0
#     86087 |   1    0x09a  |   0   0x09a  |   0     0     0
# [86149] ERROR: Read with empty scoreboard!
# ** Error: Assertion error.
#    Time: 86149 ns  Scope: test_NtnuTfe4171Lab1Fifo.scoreBoardPopAndCheck File: ./tb/test_NtnuTfe4171Lab1Fifo.sv Line: 75
# [86149] MISMATCH: expected=0xx actual=0x9a
# ** Error: Assertion error.
#    Time: 86149 ns  Scope: test_NtnuTfe4171Lab1Fifo.scoreBoardPopAndCheck File: ./tb/test_NtnuTfe4171Lab1Fifo.sv Line: 85
#     86149 |   1    0x09a  |   1   0x09a  |   0     0     0
#     86211 |   1    0x09a  |   0   0x09a  |   0     0     0
# [86273] ERROR: Read with empty scoreboard!
# ** Error: Assertion error.
#    Time: 86273 ns  Scope: test_NtnuTfe4171Lab1Fifo.scoreBoardPopAndCheck File: ./tb/test_NtnuTfe4171Lab1Fifo.sv Line: 75
# [86273] MISMATCH: expected=0xx actual=0x9a
# ** Error: Assertion error.
#    Time: 86273 ns  Scope: test_NtnuTfe4171Lab1Fifo.scoreBoardPopAndCheck File: ./tb/test_NtnuTfe4171Lab1Fifo.sv Line: 85
#     86273 |   1    0x09a  |   1   0x09a  |   0     0     0
#     86335 |   1    0x09a  |   0   0x09a  |   0     0     0
# [86397] ERROR: Read with empty scoreboard!
# ** Error: Assertion error.
#    Time: 86397 ns  Scope: test_NtnuTfe4171Lab1Fifo.scoreBoardPopAndCheck File: ./tb/test_NtnuTfe4171Lab1Fifo.sv Line: 75
# [86397] MISMATCH: expected=0xx actual=0x9a
# ** Error: Assertion error.
#    Time: 86397 ns  Scope: test_NtnuTfe4171Lab1Fifo.scoreBoardPopAndCheck File: ./tb/test_NtnuTfe4171Lab1Fifo.sv Line: 85
#     86397 |   1    0x09a  |   1   0x09a  |   0     0     0
#     86459 |   1    0x09a  |   0   0x09a  |   0     0     0
# [86521] ERROR: Read with empty scoreboard!
# ** Error: Assertion error.
#    Time: 86521 ns  Scope: test_NtnuTfe4171Lab1Fifo.scoreBoardPopAndCheck File: ./tb/test_NtnuTfe4171Lab1Fifo.sv Line: 75
# [86521] MISMATCH: expected=0xx actual=0x9a
# ** Error: Assertion error.
#    Time: 86521 ns  Scope: test_NtnuTfe4171Lab1Fifo.scoreBoardPopAndCheck File: ./tb/test_NtnuTfe4171Lab1Fifo.sv Line: 85
#     86521 |   1    0x09a  |   1   0x09a  |   0     0     0
#     86583 |   1    0x09a  |   0   0x09a  |   0     0     0
# [86645] ERROR: Read with empty scoreboard!
# ** Error: Assertion error.
#    Time: 86645 ns  Scope: test_NtnuTfe4171Lab1Fifo.scoreBoardPopAndCheck File: ./tb/test_NtnuTfe4171Lab1Fifo.sv Line: 75
# [86645] MISMATCH: expected=0xx actual=0x9a
# ** Error: Assertion error.
#    Time: 86645 ns  Scope: test_NtnuTfe4171Lab1Fifo.scoreBoardPopAndCheck File: ./tb/test_NtnuTfe4171Lab1Fifo.sv Line: 85
#     86645 |   1    0x09a  |   1   0x09a  |   0     0     0
#     86707 |   1    0x09a  |   0   0x09a  |   0     0     0
# [86769] ERROR: Read with empty scoreboard!
# ** Error: Assertion error.
#    Time: 86769 ns  Scope: test_NtnuTfe4171Lab1Fifo.scoreBoardPopAndCheck File: ./tb/test_NtnuTfe4171Lab1Fifo.sv Line: 75
# [86769] MISMATCH: expected=0xx actual=0x9a
# ** Error: Assertion error.
#    Time: 86769 ns  Scope: test_NtnuTfe4171Lab1Fifo.scoreBoardPopAndCheck File: ./tb/test_NtnuTfe4171Lab1Fifo.sv Line: 85
#     86769 |   1    0x09a  |   1   0x09a  |   0     0     0
#     86831 |   1    0x09a  |   0   0x09a  |   0     0     0
# [86893] ERROR: Read with empty scoreboard!
# ** Error: Assertion error.
#    Time: 86893 ns  Scope: test_NtnuTfe4171Lab1Fifo.scoreBoardPopAndCheck File: ./tb/test_NtnuTfe4171Lab1Fifo.sv Line: 75
# [86893] MISMATCH: expected=0xx actual=0x9a
# ** Error: Assertion error.
#    Time: 86893 ns  Scope: test_NtnuTfe4171Lab1Fifo.scoreBoardPopAndCheck File: ./tb/test_NtnuTfe4171Lab1Fifo.sv Line: 85
#     86893 |   1    0x09a  |   1   0x09a  |   0     0     0
#     86955 |   1    0x09a  |   0   0x09a  |   0     0     0
# [87017] ERROR: Read with empty scoreboard!
# ** Error: Assertion error.
#    Time: 87017 ns  Scope: test_NtnuTfe4171Lab1Fifo.scoreBoardPopAndCheck File: ./tb/test_NtnuTfe4171Lab1Fifo.sv Line: 75
# [87017] MISMATCH: expected=0xx actual=0x9a
# ** Error: Assertion error.
#    Time: 87017 ns  Scope: test_NtnuTfe4171Lab1Fifo.scoreBoardPopAndCheck File: ./tb/test_NtnuTfe4171Lab1Fifo.sv Line: 85
#     87017 |   1    0x09a  |   1   0x09a  |   0     0     0
#     87079 |   1    0x09a  |   0   0x09a  |   0     0     0
# [87141] ERROR: Read with empty scoreboard!
# ** Error: Assertion error.
#    Time: 87141 ns  Scope: test_NtnuTfe4171Lab1Fifo.scoreBoardPopAndCheck File: ./tb/test_NtnuTfe4171Lab1Fifo.sv Line: 75
# [87141] MISMATCH: expected=0xx actual=0x9a
# ** Error: Assertion error.
#    Time: 87141 ns  Scope: test_NtnuTfe4171Lab1Fifo.scoreBoardPopAndCheck File: ./tb/test_NtnuTfe4171Lab1Fifo.sv Line: 85
#     87141 |   1    0x09a  |   1   0x09a  |   0     0     0
#     87203 |   1    0x09a  |   0   0x09a  |   0     0     0
# [87265] ERROR: Read with empty scoreboard!
# ** Error: Assertion error.
#    Time: 87265 ns  Scope: test_NtnuTfe4171Lab1Fifo.scoreBoardPopAndCheck File: ./tb/test_NtnuTfe4171Lab1Fifo.sv Line: 75
# [87265] MISMATCH: expected=0xx actual=0x9a
# ** Error: Assertion error.
#    Time: 87265 ns  Scope: test_NtnuTfe4171Lab1Fifo.scoreBoardPopAndCheck File: ./tb/test_NtnuTfe4171Lab1Fifo.sv Line: 85
#     87265 |   1    0x09a  |   1   0x09a  |   0     0     0
#     87327 |   1    0x09a  |   0   0x09a  |   0     0     0
# [87389] ERROR: Read with empty scoreboard!
# ** Error: Assertion error.
#    Time: 87389 ns  Scope: test_NtnuTfe4171Lab1Fifo.scoreBoardPopAndCheck File: ./tb/test_NtnuTfe4171Lab1Fifo.sv Line: 75
# [87389] MISMATCH: expected=0xx actual=0x9a
# ** Error: Assertion error.
#    Time: 87389 ns  Scope: test_NtnuTfe4171Lab1Fifo.scoreBoardPopAndCheck File: ./tb/test_NtnuTfe4171Lab1Fifo.sv Line: 85
#     87389 |   1    0x09a  |   1   0x09a  |   0     0     0
#     87451 |   1    0x09a  |   0   0x09a  |   0     0     0
# [87513] ERROR: Read with empty scoreboard!
# ** Error: Assertion error.
#    Time: 87513 ns  Scope: test_NtnuTfe4171Lab1Fifo.scoreBoardPopAndCheck File: ./tb/test_NtnuTfe4171Lab1Fifo.sv Line: 75
# [87513] MISMATCH: expected=0xx actual=0x9a
# ** Error: Assertion error.
#    Time: 87513 ns  Scope: test_NtnuTfe4171Lab1Fifo.scoreBoardPopAndCheck File: ./tb/test_NtnuTfe4171Lab1Fifo.sv Line: 85
#     87513 |   1    0x09a  |   1   0x09a  |   0     0     0
#     87575 |   1    0x09a  |   0   0x09a  |   0     0     0
# [87637] ERROR: Read with empty scoreboard!
# ** Error: Assertion error.
#    Time: 87637 ns  Scope: test_NtnuTfe4171Lab1Fifo.scoreBoardPopAndCheck File: ./tb/test_NtnuTfe4171Lab1Fifo.sv Line: 75
# [87637] MISMATCH: expected=0xx actual=0x9a
# ** Error: Assertion error.
#    Time: 87637 ns  Scope: test_NtnuTfe4171Lab1Fifo.scoreBoardPopAndCheck File: ./tb/test_NtnuTfe4171Lab1Fifo.sv Line: 85
#     87637 |   1    0x09a  |   1   0x09a  |   0     0     0
#     87699 |   1    0x09a  |   0   0x09a  |   0     0     0
# [87761] ERROR: Read with empty scoreboard!
# ** Error: Assertion error.
#    Time: 87761 ns  Scope: test_NtnuTfe4171Lab1Fifo.scoreBoardPopAndCheck File: ./tb/test_NtnuTfe4171Lab1Fifo.sv Line: 75
# [87761] MISMATCH: expected=0xx actual=0x9a
# ** Error: Assertion error.
#    Time: 87761 ns  Scope: test_NtnuTfe4171Lab1Fifo.scoreBoardPopAndCheck File: ./tb/test_NtnuTfe4171Lab1Fifo.sv Line: 85
#     87761 |   1    0x09a  |   1   0x09a  |   0     0     0
#     87823 |   1    0x09a  |   0   0x09a  |   0     0     0
# [87885] ERROR: Read with empty scoreboard!
# ** Error: Assertion error.
#    Time: 87885 ns  Scope: test_NtnuTfe4171Lab1Fifo.scoreBoardPopAndCheck File: ./tb/test_NtnuTfe4171Lab1Fifo.sv Line: 75
# [87885] MISMATCH: expected=0xx actual=0x9a
# ** Error: Assertion error.
#    Time: 87885 ns  Scope: test_NtnuTfe4171Lab1Fifo.scoreBoardPopAndCheck File: ./tb/test_NtnuTfe4171Lab1Fifo.sv Line: 85
#     87885 |   1    0x09a  |   1   0x09a  |   0     0     0
#     87947 |   1    0x09a  |   0   0x09a  |   0     0     0
# [88009] ERROR: Read with empty scoreboard!
# ** Error: Assertion error.
#    Time: 88009 ns  Scope: test_NtnuTfe4171Lab1Fifo.scoreBoardPopAndCheck File: ./tb/test_NtnuTfe4171Lab1Fifo.sv Line: 75
# [88009] MISMATCH: expected=0xx actual=0x9a
# ** Error: Assertion error.
#    Time: 88009 ns  Scope: test_NtnuTfe4171Lab1Fifo.scoreBoardPopAndCheck File: ./tb/test_NtnuTfe4171Lab1Fifo.sv Line: 85
#     88009 |   1    0x09a  |   1   0x09a  |   0     0     0
#     88071 |   1    0x09a  |   0   0x09a  |   0     0     0
# [88133] ERROR: Read with empty scoreboard!
# ** Error: Assertion error.
#    Time: 88133 ns  Scope: test_NtnuTfe4171Lab1Fifo.scoreBoardPopAndCheck File: ./tb/test_NtnuTfe4171Lab1Fifo.sv Line: 75
# [88133] MISMATCH: expected=0xx actual=0x9a
# ** Error: Assertion error.
#    Time: 88133 ns  Scope: test_NtnuTfe4171Lab1Fifo.scoreBoardPopAndCheck File: ./tb/test_NtnuTfe4171Lab1Fifo.sv Line: 85
#     88133 |   1    0x09a  |   1   0x09a  |   0     0     0
#     88195 |   1    0x09a  |   0   0x09a  |   0     0     0
# [88257] ERROR: Read with empty scoreboard!
# ** Error: Assertion error.
#    Time: 88257 ns  Scope: test_NtnuTfe4171Lab1Fifo.scoreBoardPopAndCheck File: ./tb/test_NtnuTfe4171Lab1Fifo.sv Line: 75
# [88257] MISMATCH: expected=0xx actual=0x9a
# ** Error: Assertion error.
#    Time: 88257 ns  Scope: test_NtnuTfe4171Lab1Fifo.scoreBoardPopAndCheck File: ./tb/test_NtnuTfe4171Lab1Fifo.sv Line: 85
#     88257 |   1    0x09a  |   1   0x09a  |   0     0     0
#     88319 |   1    0x09a  |   0   0x09a  |   0     0     0
# [88381] ERROR: Read with empty scoreboard!
# ** Error: Assertion error.
#    Time: 88381 ns  Scope: test_NtnuTfe4171Lab1Fifo.scoreBoardPopAndCheck File: ./tb/test_NtnuTfe4171Lab1Fifo.sv Line: 75
# [88381] MISMATCH: expected=0xx actual=0x9a
# ** Error: Assertion error.
#    Time: 88381 ns  Scope: test_NtnuTfe4171Lab1Fifo.scoreBoardPopAndCheck File: ./tb/test_NtnuTfe4171Lab1Fifo.sv Line: 85
#     88381 |   1    0x09a  |   1   0x09a  |   0     0     0
#     88443 |   1    0x09a  |   0   0x09a  |   0     0     0
# [88505] ERROR: Read with empty scoreboard!
# ** Error: Assertion error.
#    Time: 88505 ns  Scope: test_NtnuTfe4171Lab1Fifo.scoreBoardPopAndCheck File: ./tb/test_NtnuTfe4171Lab1Fifo.sv Line: 75
# [88505] MISMATCH: expected=0xx actual=0x9a
# ** Error: Assertion error.
#    Time: 88505 ns  Scope: test_NtnuTfe4171Lab1Fifo.scoreBoardPopAndCheck File: ./tb/test_NtnuTfe4171Lab1Fifo.sv Line: 85
#     88505 |   1    0x09a  |   1   0x09a  |   0     0     0
#     88567 |   1    0x09a  |   0   0x09a  |   0     0     0
# [88629] ERROR: Read with empty scoreboard!
# ** Error: Assertion error.
#    Time: 88629 ns  Scope: test_NtnuTfe4171Lab1Fifo.scoreBoardPopAndCheck File: ./tb/test_NtnuTfe4171Lab1Fifo.sv Line: 75
# [88629] MISMATCH: expected=0xx actual=0x9a
# ** Error: Assertion error.
#    Time: 88629 ns  Scope: test_NtnuTfe4171Lab1Fifo.scoreBoardPopAndCheck File: ./tb/test_NtnuTfe4171Lab1Fifo.sv Line: 85
#     88629 |   1    0x09a  |   1   0x09a  |   0     0     0
#     88691 |   1    0x09a  |   0   0x09a  |   0     0     0
# [88753] ERROR: Read with empty scoreboard!
# ** Error: Assertion error.
#    Time: 88753 ns  Scope: test_NtnuTfe4171Lab1Fifo.scoreBoardPopAndCheck File: ./tb/test_NtnuTfe4171Lab1Fifo.sv Line: 75
# [88753] MISMATCH: expected=0xx actual=0x9a
# ** Error: Assertion error.
#    Time: 88753 ns  Scope: test_NtnuTfe4171Lab1Fifo.scoreBoardPopAndCheck File: ./tb/test_NtnuTfe4171Lab1Fifo.sv Line: 85
#     88753 |   1    0x09a  |   1   0x09a  |   0     0     0
#     88815 |   1    0x09a  |   0   0x09a  |   0     0     0
# [88877] ERROR: Read with empty scoreboard!
# ** Error: Assertion error.
#    Time: 88877 ns  Scope: test_NtnuTfe4171Lab1Fifo.scoreBoardPopAndCheck File: ./tb/test_NtnuTfe4171Lab1Fifo.sv Line: 75
# [88877] MISMATCH: expected=0xx actual=0x9a
# ** Error: Assertion error.
#    Time: 88877 ns  Scope: test_NtnuTfe4171Lab1Fifo.scoreBoardPopAndCheck File: ./tb/test_NtnuTfe4171Lab1Fifo.sv Line: 85
#     88877 |   1    0x09a  |   1   0x09a  |   0     0     0
#     88939 |   1    0x09a  |   0   0x09a  |   0     0     0
# [89001] ERROR: Read with empty scoreboard!
# ** Error: Assertion error.
#    Time: 89001 ns  Scope: test_NtnuTfe4171Lab1Fifo.scoreBoardPopAndCheck File: ./tb/test_NtnuTfe4171Lab1Fifo.sv Line: 75
# [89001] MISMATCH: expected=0xx actual=0x9a
# ** Error: Assertion error.
#    Time: 89001 ns  Scope: test_NtnuTfe4171Lab1Fifo.scoreBoardPopAndCheck File: ./tb/test_NtnuTfe4171Lab1Fifo.sv Line: 85
#     89001 |   1    0x09a  |   1   0x09a  |   0     0     0
#     89063 |   1    0x09a  |   0   0x09a  |   0     0     0
# [89125] ERROR: Read with empty scoreboard!
# ** Error: Assertion error.
#    Time: 89125 ns  Scope: test_NtnuTfe4171Lab1Fifo.scoreBoardPopAndCheck File: ./tb/test_NtnuTfe4171Lab1Fifo.sv Line: 75
# [89125] MISMATCH: expected=0xx actual=0x9a
# ** Error: Assertion error.
#    Time: 89125 ns  Scope: test_NtnuTfe4171Lab1Fifo.scoreBoardPopAndCheck File: ./tb/test_NtnuTfe4171Lab1Fifo.sv Line: 85
#     89125 |   1    0x09a  |   1   0x09a  |   0     0     0
#     89187 |   1    0x09a  |   0   0x09a  |   0     0     0
# [89249] ERROR: Read with empty scoreboard!
# ** Error: Assertion error.
#    Time: 89249 ns  Scope: test_NtnuTfe4171Lab1Fifo.scoreBoardPopAndCheck File: ./tb/test_NtnuTfe4171Lab1Fifo.sv Line: 75
# [89249] MISMATCH: expected=0xx actual=0x9a
# ** Error: Assertion error.
#    Time: 89249 ns  Scope: test_NtnuTfe4171Lab1Fifo.scoreBoardPopAndCheck File: ./tb/test_NtnuTfe4171Lab1Fifo.sv Line: 85
#     89249 |   1    0x09a  |   1   0x09a  |   1     0     0
#     89311 |   1    0x09a  |   0   0x09a  |   0     0     0
# [89373] ERROR: Read with empty scoreboard!
# ** Error: Assertion error.
#    Time: 89373 ns  Scope: test_NtnuTfe4171Lab1Fifo.scoreBoardPopAndCheck File: ./tb/test_NtnuTfe4171Lab1Fifo.sv Line: 75
# [89373] MISMATCH: expected=0xx actual=0x9a
# ** Error: Assertion error.
#    Time: 89373 ns  Scope: test_NtnuTfe4171Lab1Fifo.scoreBoardPopAndCheck File: ./tb/test_NtnuTfe4171Lab1Fifo.sv Line: 85
#     89373 |   1    0x09a  |   1   0x09a  |   1     0     0
#     89435 |   1    0x09a  |   0   0x09a  |   0     0     0
# [89497] ERROR: Read with empty scoreboard!
# ** Error: Assertion error.
#    Time: 89497 ns  Scope: test_NtnuTfe4171Lab1Fifo.scoreBoardPopAndCheck File: ./tb/test_NtnuTfe4171Lab1Fifo.sv Line: 75
# [89497] MISMATCH: expected=0xx actual=0x9a
# ** Error: Assertion error.
#    Time: 89497 ns  Scope: test_NtnuTfe4171Lab1Fifo.scoreBoardPopAndCheck File: ./tb/test_NtnuTfe4171Lab1Fifo.sv Line: 85
#     89497 |   1    0x09a  |   1   0x09a  |   0     0     0
#     89559 |   1    0x09a  |   0   0x09a  |   0     0     0
# [89621] ERROR: Read with empty scoreboard!
# ** Error: Assertion error.
#    Time: 89621 ns  Scope: test_NtnuTfe4171Lab1Fifo.scoreBoardPopAndCheck File: ./tb/test_NtnuTfe4171Lab1Fifo.sv Line: 75
# [89621] MISMATCH: expected=0xx actual=0x9a
# ** Error: Assertion error.
#    Time: 89621 ns  Scope: test_NtnuTfe4171Lab1Fifo.scoreBoardPopAndCheck File: ./tb/test_NtnuTfe4171Lab1Fifo.sv Line: 85
#     89621 |   1    0x09a  |   1   0x09a  |   0     0     0
#     89683 |   1    0x09a  |   0   0x09a  |   0     0     0
# [89745] ERROR: Read with empty scoreboard!
# ** Error: Assertion error.
#    Time: 89745 ns  Scope: test_NtnuTfe4171Lab1Fifo.scoreBoardPopAndCheck File: ./tb/test_NtnuTfe4171Lab1Fifo.sv Line: 75
# [89745] MISMATCH: expected=0xx actual=0x9a
# ** Error: Assertion error.
#    Time: 89745 ns  Scope: test_NtnuTfe4171Lab1Fifo.scoreBoardPopAndCheck File: ./tb/test_NtnuTfe4171Lab1Fifo.sv Line: 85
#     89745 |   1    0x09a  |   1   0x09a  |   0     0     0
#     89807 |   1    0x09a  |   0   0x09a  |   0     0     0
# [89869] ERROR: Read with empty scoreboard!
# ** Error: Assertion error.
#    Time: 89869 ns  Scope: test_NtnuTfe4171Lab1Fifo.scoreBoardPopAndCheck File: ./tb/test_NtnuTfe4171Lab1Fifo.sv Line: 75
# [89869] MISMATCH: expected=0xx actual=0x9a
# ** Error: Assertion error.
#    Time: 89869 ns  Scope: test_NtnuTfe4171Lab1Fifo.scoreBoardPopAndCheck File: ./tb/test_NtnuTfe4171Lab1Fifo.sv Line: 85
#     89869 |   1    0x09a  |   1   0x09a  |   0     0     0
#     89931 |   1    0x09a  |   0   0x09a  |   0     0     0
# [89993] ERROR: Read with empty scoreboard!
# ** Error: Assertion error.
#    Time: 89993 ns  Scope: test_NtnuTfe4171Lab1Fifo.scoreBoardPopAndCheck File: ./tb/test_NtnuTfe4171Lab1Fifo.sv Line: 75
# [89993] MISMATCH: expected=0xx actual=0x9a
# ** Error: Assertion error.
#    Time: 89993 ns  Scope: test_NtnuTfe4171Lab1Fifo.scoreBoardPopAndCheck File: ./tb/test_NtnuTfe4171Lab1Fifo.sv Line: 85
#     89993 |   1    0x09a  |   1   0x09a  |   0     0     0
#     90055 |   1    0x09a  |   0   0x09a  |   0     0     0
# [90117] ERROR: Read with empty scoreboard!
# ** Error: Assertion error.
#    Time: 90117 ns  Scope: test_NtnuTfe4171Lab1Fifo.scoreBoardPopAndCheck File: ./tb/test_NtnuTfe4171Lab1Fifo.sv Line: 75
# [90117] MISMATCH: expected=0xx actual=0x9a
# ** Error: Assertion error.
#    Time: 90117 ns  Scope: test_NtnuTfe4171Lab1Fifo.scoreBoardPopAndCheck File: ./tb/test_NtnuTfe4171Lab1Fifo.sv Line: 85
#     90117 |   1    0x09a  |   1   0x09a  |   0     0     0
#     90179 |   1    0x09a  |   0   0x09a  |   0     0     0
# [90241] ERROR: Read with empty scoreboard!
# ** Error: Assertion error.
#    Time: 90241 ns  Scope: test_NtnuTfe4171Lab1Fifo.scoreBoardPopAndCheck File: ./tb/test_NtnuTfe4171Lab1Fifo.sv Line: 75
# [90241] MISMATCH: expected=0xx actual=0x9a
# ** Error: Assertion error.
#    Time: 90241 ns  Scope: test_NtnuTfe4171Lab1Fifo.scoreBoardPopAndCheck File: ./tb/test_NtnuTfe4171Lab1Fifo.sv Line: 85
#     90241 |   1    0x09a  |   1   0x09a  |   0     0     0
#     90303 |   1    0x09a  |   0   0x09a  |   0     0     0
# [90365] ERROR: Read with empty scoreboard!
# ** Error: Assertion error.
#    Time: 90365 ns  Scope: test_NtnuTfe4171Lab1Fifo.scoreBoardPopAndCheck File: ./tb/test_NtnuTfe4171Lab1Fifo.sv Line: 75
# [90365] MISMATCH: expected=0xx actual=0x9a
# ** Error: Assertion error.
#    Time: 90365 ns  Scope: test_NtnuTfe4171Lab1Fifo.scoreBoardPopAndCheck File: ./tb/test_NtnuTfe4171Lab1Fifo.sv Line: 85
#     90365 |   1    0x09a  |   1   0x09a  |   0     0     0
#     90427 |   1    0x09a  |   0   0x09a  |   0     0     0
# [90489] ERROR: Read with empty scoreboard!
# ** Error: Assertion error.
#    Time: 90489 ns  Scope: test_NtnuTfe4171Lab1Fifo.scoreBoardPopAndCheck File: ./tb/test_NtnuTfe4171Lab1Fifo.sv Line: 75
# [90489] MISMATCH: expected=0xx actual=0x9a
# ** Error: Assertion error.
#    Time: 90489 ns  Scope: test_NtnuTfe4171Lab1Fifo.scoreBoardPopAndCheck File: ./tb/test_NtnuTfe4171Lab1Fifo.sv Line: 85
#     90489 |   1    0x09a  |   1   0x09a  |   0     0     0
#     90551 |   1    0x09a  |   0   0x09a  |   0     0     0
# [90613] ERROR: Read with empty scoreboard!
# ** Error: Assertion error.
#    Time: 90613 ns  Scope: test_NtnuTfe4171Lab1Fifo.scoreBoardPopAndCheck File: ./tb/test_NtnuTfe4171Lab1Fifo.sv Line: 75
# [90613] MISMATCH: expected=0xx actual=0x9a
# ** Error: Assertion error.
#    Time: 90613 ns  Scope: test_NtnuTfe4171Lab1Fifo.scoreBoardPopAndCheck File: ./tb/test_NtnuTfe4171Lab1Fifo.sv Line: 85
#     90613 |   1    0x09a  |   1   0x09a  |   0     0     0
#     90675 |   1    0x09a  |   0   0x09a  |   0     0     0
# [90737] ERROR: Read with empty scoreboard!
# ** Error: Assertion error.
#    Time: 90737 ns  Scope: test_NtnuTfe4171Lab1Fifo.scoreBoardPopAndCheck File: ./tb/test_NtnuTfe4171Lab1Fifo.sv Line: 75
# [90737] MISMATCH: expected=0xx actual=0x9a
# ** Error: Assertion error.
#    Time: 90737 ns  Scope: test_NtnuTfe4171Lab1Fifo.scoreBoardPopAndCheck File: ./tb/test_NtnuTfe4171Lab1Fifo.sv Line: 85
#     90737 |   1    0x09a  |   1   0x09a  |   0     0     0
#     90799 |   1    0x09a  |   0   0x09a  |   0     0     0
# [90861] ERROR: Read with empty scoreboard!
# ** Error: Assertion error.
#    Time: 90861 ns  Scope: test_NtnuTfe4171Lab1Fifo.scoreBoardPopAndCheck File: ./tb/test_NtnuTfe4171Lab1Fifo.sv Line: 75
# [90861] MISMATCH: expected=0xx actual=0x9a
# ** Error: Assertion error.
#    Time: 90861 ns  Scope: test_NtnuTfe4171Lab1Fifo.scoreBoardPopAndCheck File: ./tb/test_NtnuTfe4171Lab1Fifo.sv Line: 85
#     90861 |   1    0x09a  |   1   0x09a  |   0     0     0
#     90923 |   1    0x09a  |   0   0x09a  |   0     0     0
# [90985] ERROR: Read with empty scoreboard!
# ** Error: Assertion error.
#    Time: 90985 ns  Scope: test_NtnuTfe4171Lab1Fifo.scoreBoardPopAndCheck File: ./tb/test_NtnuTfe4171Lab1Fifo.sv Line: 75
# [90985] MISMATCH: expected=0xx actual=0x9a
# ** Error: Assertion error.
#    Time: 90985 ns  Scope: test_NtnuTfe4171Lab1Fifo.scoreBoardPopAndCheck File: ./tb/test_NtnuTfe4171Lab1Fifo.sv Line: 85
#     90985 |   1    0x09a  |   1   0x09a  |   0     0     0
#     91047 |   1    0x09a  |   0   0x09a  |   0     0     0
# [91109] ERROR: Read with empty scoreboard!
# ** Error: Assertion error.
#    Time: 91109 ns  Scope: test_NtnuTfe4171Lab1Fifo.scoreBoardPopAndCheck File: ./tb/test_NtnuTfe4171Lab1Fifo.sv Line: 75
# [91109] MISMATCH: expected=0xx actual=0x9a
# ** Error: Assertion error.
#    Time: 91109 ns  Scope: test_NtnuTfe4171Lab1Fifo.scoreBoardPopAndCheck File: ./tb/test_NtnuTfe4171Lab1Fifo.sv Line: 85
#     91109 |   1    0x09a  |   1   0x09a  |   0     0     0
#     91171 |   1    0x09a  |   0   0x09a  |   0     0     0
# [91233] ERROR: Read with empty scoreboard!
# ** Error: Assertion error.
#    Time: 91233 ns  Scope: test_NtnuTfe4171Lab1Fifo.scoreBoardPopAndCheck File: ./tb/test_NtnuTfe4171Lab1Fifo.sv Line: 75
# [91233] MISMATCH: expected=0xx actual=0x9a
# ** Error: Assertion error.
#    Time: 91233 ns  Scope: test_NtnuTfe4171Lab1Fifo.scoreBoardPopAndCheck File: ./tb/test_NtnuTfe4171Lab1Fifo.sv Line: 85
#     91233 |   1    0x09a  |   1   0x09a  |   0     0     0
#     91295 |   1    0x09a  |   0   0x09a  |   0     0     0
# [91357] ERROR: Read with empty scoreboard!
# ** Error: Assertion error.
#    Time: 91357 ns  Scope: test_NtnuTfe4171Lab1Fifo.scoreBoardPopAndCheck File: ./tb/test_NtnuTfe4171Lab1Fifo.sv Line: 75
# [91357] MISMATCH: expected=0xx actual=0x9a
# ** Error: Assertion error.
#    Time: 91357 ns  Scope: test_NtnuTfe4171Lab1Fifo.scoreBoardPopAndCheck File: ./tb/test_NtnuTfe4171Lab1Fifo.sv Line: 85
#     91357 |   1    0x09a  |   1   0x09a  |   0     0     0
#     91419 |   1    0x09a  |   0   0x09a  |   0     0     0
# [91481] ERROR: Read with empty scoreboard!
# ** Error: Assertion error.
#    Time: 91481 ns  Scope: test_NtnuTfe4171Lab1Fifo.scoreBoardPopAndCheck File: ./tb/test_NtnuTfe4171Lab1Fifo.sv Line: 75
# [91481] MISMATCH: expected=0xx actual=0x9a
# ** Error: Assertion error.
#    Time: 91481 ns  Scope: test_NtnuTfe4171Lab1Fifo.scoreBoardPopAndCheck File: ./tb/test_NtnuTfe4171Lab1Fifo.sv Line: 85
#     91481 |   1    0x09a  |   1   0x09a  |   0     0     0
#     91543 |   1    0x09a  |   0   0x09a  |   0     0     0
# [91605] ERROR: Read with empty scoreboard!
# ** Error: Assertion error.
#    Time: 91605 ns  Scope: test_NtnuTfe4171Lab1Fifo.scoreBoardPopAndCheck File: ./tb/test_NtnuTfe4171Lab1Fifo.sv Line: 75
# [91605] MISMATCH: expected=0xx actual=0x9a
# ** Error: Assertion error.
#    Time: 91605 ns  Scope: test_NtnuTfe4171Lab1Fifo.scoreBoardPopAndCheck File: ./tb/test_NtnuTfe4171Lab1Fifo.sv Line: 85
#     91605 |   1    0x09a  |   1   0x09a  |   0     0     0
#     91667 |   1    0x09a  |   0   0x09a  |   0     0     0
# [91729] ERROR: Read with empty scoreboard!
# ** Error: Assertion error.
#    Time: 91729 ns  Scope: test_NtnuTfe4171Lab1Fifo.scoreBoardPopAndCheck File: ./tb/test_NtnuTfe4171Lab1Fifo.sv Line: 75
# [91729] MISMATCH: expected=0xx actual=0x9a
# ** Error: Assertion error.
#    Time: 91729 ns  Scope: test_NtnuTfe4171Lab1Fifo.scoreBoardPopAndCheck File: ./tb/test_NtnuTfe4171Lab1Fifo.sv Line: 85
#     91729 |   1    0x09a  |   1   0x09a  |   0     0     0
#     91791 |   1    0x09a  |   0   0x09a  |   0     0     0
# [91853] ERROR: Read with empty scoreboard!
# ** Error: Assertion error.
#    Time: 91853 ns  Scope: test_NtnuTfe4171Lab1Fifo.scoreBoardPopAndCheck File: ./tb/test_NtnuTfe4171Lab1Fifo.sv Line: 75
# [91853] MISMATCH: expected=0xx actual=0x9a
# ** Error: Assertion error.
#    Time: 91853 ns  Scope: test_NtnuTfe4171Lab1Fifo.scoreBoardPopAndCheck File: ./tb/test_NtnuTfe4171Lab1Fifo.sv Line: 85
#     91853 |   1    0x09a  |   1   0x09a  |   0     0     0
#     91915 |   1    0x09a  |   0   0x09a  |   0     0     0
# [91977] ERROR: Read with empty scoreboard!
# ** Error: Assertion error.
#    Time: 91977 ns  Scope: test_NtnuTfe4171Lab1Fifo.scoreBoardPopAndCheck File: ./tb/test_NtnuTfe4171Lab1Fifo.sv Line: 75
# [91977] MISMATCH: expected=0xx actual=0x9a
# ** Error: Assertion error.
#    Time: 91977 ns  Scope: test_NtnuTfe4171Lab1Fifo.scoreBoardPopAndCheck File: ./tb/test_NtnuTfe4171Lab1Fifo.sv Line: 85
#     91977 |   1    0x09a  |   1   0x09a  |   0     0     0
#     92039 |   1    0x09a  |   0   0x09a  |   0     0     0
# [92101] ERROR: Read with empty scoreboard!
# ** Error: Assertion error.
#    Time: 92101 ns  Scope: test_NtnuTfe4171Lab1Fifo.scoreBoardPopAndCheck File: ./tb/test_NtnuTfe4171Lab1Fifo.sv Line: 75
# [92101] MISMATCH: expected=0xx actual=0x9a
# ** Error: Assertion error.
#    Time: 92101 ns  Scope: test_NtnuTfe4171Lab1Fifo.scoreBoardPopAndCheck File: ./tb/test_NtnuTfe4171Lab1Fifo.sv Line: 85
#     92101 |   1    0x09a  |   1   0x09a  |   0     0     0
#     92163 |   1    0x09a  |   0   0x09a  |   0     0     0
# [92225] ERROR: Read with empty scoreboard!
# ** Error: Assertion error.
#    Time: 92225 ns  Scope: test_NtnuTfe4171Lab1Fifo.scoreBoardPopAndCheck File: ./tb/test_NtnuTfe4171Lab1Fifo.sv Line: 75
# [92225] MISMATCH: expected=0xx actual=0x9a
# ** Error: Assertion error.
#    Time: 92225 ns  Scope: test_NtnuTfe4171Lab1Fifo.scoreBoardPopAndCheck File: ./tb/test_NtnuTfe4171Lab1Fifo.sv Line: 85
#     92225 |   1    0x09a  |   1   0x09a  |   0     0     0
#     92287 |   1    0x09a  |   0   0x09a  |   0     0     0
# [92349] ERROR: Read with empty scoreboard!
# ** Error: Assertion error.
#    Time: 92349 ns  Scope: test_NtnuTfe4171Lab1Fifo.scoreBoardPopAndCheck File: ./tb/test_NtnuTfe4171Lab1Fifo.sv Line: 75
# [92349] MISMATCH: expected=0xx actual=0x9a
# ** Error: Assertion error.
#    Time: 92349 ns  Scope: test_NtnuTfe4171Lab1Fifo.scoreBoardPopAndCheck File: ./tb/test_NtnuTfe4171Lab1Fifo.sv Line: 85
#     92349 |   1    0x09a  |   1   0x09a  |   0     0     0
#     92411 |   1    0x09a  |   0   0x09a  |   0     0     0
# [92473] ERROR: Read with empty scoreboard!
# ** Error: Assertion error.
#    Time: 92473 ns  Scope: test_NtnuTfe4171Lab1Fifo.scoreBoardPopAndCheck File: ./tb/test_NtnuTfe4171Lab1Fifo.sv Line: 75
# [92473] MISMATCH: expected=0xx actual=0x9a
# ** Error: Assertion error.
#    Time: 92473 ns  Scope: test_NtnuTfe4171Lab1Fifo.scoreBoardPopAndCheck File: ./tb/test_NtnuTfe4171Lab1Fifo.sv Line: 85
#     92473 |   1    0x09a  |   1   0x09a  |   0     0     0
#     92535 |   1    0x09a  |   0   0x09a  |   0     0     0
# [92597] ERROR: Read with empty scoreboard!
# ** Error: Assertion error.
#    Time: 92597 ns  Scope: test_NtnuTfe4171Lab1Fifo.scoreBoardPopAndCheck File: ./tb/test_NtnuTfe4171Lab1Fifo.sv Line: 75
# [92597] MISMATCH: expected=0xx actual=0x9a
# ** Error: Assertion error.
#    Time: 92597 ns  Scope: test_NtnuTfe4171Lab1Fifo.scoreBoardPopAndCheck File: ./tb/test_NtnuTfe4171Lab1Fifo.sv Line: 85
#     92597 |   1    0x09a  |   1   0x09a  |   0     0     0
#     92659 |   1    0x09a  |   0   0x09a  |   0     0     0
# [92721] ERROR: Read with empty scoreboard!
# ** Error: Assertion error.
#    Time: 92721 ns  Scope: test_NtnuTfe4171Lab1Fifo.scoreBoardPopAndCheck File: ./tb/test_NtnuTfe4171Lab1Fifo.sv Line: 75
# [92721] MISMATCH: expected=0xx actual=0x9a
# ** Error: Assertion error.
#    Time: 92721 ns  Scope: test_NtnuTfe4171Lab1Fifo.scoreBoardPopAndCheck File: ./tb/test_NtnuTfe4171Lab1Fifo.sv Line: 85
#     92721 |   1    0x09a  |   1   0x09a  |   0     0     0
#     92783 |   1    0x09a  |   0   0x09a  |   0     0     0
# [92845] ERROR: Read with empty scoreboard!
# ** Error: Assertion error.
#    Time: 92845 ns  Scope: test_NtnuTfe4171Lab1Fifo.scoreBoardPopAndCheck File: ./tb/test_NtnuTfe4171Lab1Fifo.sv Line: 75
# [92845] MISMATCH: expected=0xx actual=0x9a
# ** Error: Assertion error.
#    Time: 92845 ns  Scope: test_NtnuTfe4171Lab1Fifo.scoreBoardPopAndCheck File: ./tb/test_NtnuTfe4171Lab1Fifo.sv Line: 85
#     92845 |   1    0x09a  |   1   0x09a  |   0     0     0
#     92907 |   1    0x09a  |   0   0x09a  |   0     0     0
# [92969] ERROR: Read with empty scoreboard!
# ** Error: Assertion error.
#    Time: 92969 ns  Scope: test_NtnuTfe4171Lab1Fifo.scoreBoardPopAndCheck File: ./tb/test_NtnuTfe4171Lab1Fifo.sv Line: 75
# [92969] MISMATCH: expected=0xx actual=0x9a
# ** Error: Assertion error.
#    Time: 92969 ns  Scope: test_NtnuTfe4171Lab1Fifo.scoreBoardPopAndCheck File: ./tb/test_NtnuTfe4171Lab1Fifo.sv Line: 85
#     92969 |   1    0x09a  |   1   0x09a  |   0     0     0
#     93031 |   1    0x09a  |   0   0x09a  |   0     0     0
# [93093] ERROR: Read with empty scoreboard!
# ** Error: Assertion error.
#    Time: 93093 ns  Scope: test_NtnuTfe4171Lab1Fifo.scoreBoardPopAndCheck File: ./tb/test_NtnuTfe4171Lab1Fifo.sv Line: 75
# [93093] MISMATCH: expected=0xx actual=0x9a
# ** Error: Assertion error.
#    Time: 93093 ns  Scope: test_NtnuTfe4171Lab1Fifo.scoreBoardPopAndCheck File: ./tb/test_NtnuTfe4171Lab1Fifo.sv Line: 85
#     93093 |   1    0x09a  |   1   0x09a  |   0     0     0
#     93155 |   1    0x09a  |   0   0x09a  |   0     0     0
# [93217] ERROR: Read with empty scoreboard!
# ** Error: Assertion error.
#    Time: 93217 ns  Scope: test_NtnuTfe4171Lab1Fifo.scoreBoardPopAndCheck File: ./tb/test_NtnuTfe4171Lab1Fifo.sv Line: 75
# [93217] MISMATCH: expected=0xx actual=0x9a
# ** Error: Assertion error.
#    Time: 93217 ns  Scope: test_NtnuTfe4171Lab1Fifo.scoreBoardPopAndCheck File: ./tb/test_NtnuTfe4171Lab1Fifo.sv Line: 85
#     93217 |   1    0x09a  |   1   0x09a  |   0     0     0
#     93279 |   1    0x09a  |   0   0x09a  |   0     0     0
# [93341] ERROR: Read with empty scoreboard!
# ** Error: Assertion error.
#    Time: 93341 ns  Scope: test_NtnuTfe4171Lab1Fifo.scoreBoardPopAndCheck File: ./tb/test_NtnuTfe4171Lab1Fifo.sv Line: 75
# [93341] MISMATCH: expected=0xx actual=0x9a
# ** Error: Assertion error.
#    Time: 93341 ns  Scope: test_NtnuTfe4171Lab1Fifo.scoreBoardPopAndCheck File: ./tb/test_NtnuTfe4171Lab1Fifo.sv Line: 85
#     93341 |   1    0x09a  |   1   0x09a  |   0     0     0
#     93403 |   1    0x09a  |   0   0x09a  |   0     0     0
#     93465 |   1    0x09a  |   1   0x09a  |   0     1     0
#     93527 |   1    0x09a  |   0   0x09a  |   0     0     0
# [93589] ERROR: Read with empty scoreboard!
# ** Error: Assertion error.
#    Time: 93589 ns  Scope: test_NtnuTfe4171Lab1Fifo.scoreBoardPopAndCheck File: ./tb/test_NtnuTfe4171Lab1Fifo.sv Line: 75
# [93589] MISMATCH: expected=0xx actual=0x9a
# ** Error: Assertion error.
#    Time: 93589 ns  Scope: test_NtnuTfe4171Lab1Fifo.scoreBoardPopAndCheck File: ./tb/test_NtnuTfe4171Lab1Fifo.sv Line: 85
#     93589 |   1    0x09a  |   1   0x09a  |   0     0     0
#     93651 |   1    0x09a  |   0   0x09a  |   0     0     0
# [93713] ERROR: Read with empty scoreboard!
# ** Error: Assertion error.
#    Time: 93713 ns  Scope: test_NtnuTfe4171Lab1Fifo.scoreBoardPopAndCheck File: ./tb/test_NtnuTfe4171Lab1Fifo.sv Line: 75
# [93713] MISMATCH: expected=0xx actual=0x9a
# ** Error: Assertion error.
#    Time: 93713 ns  Scope: test_NtnuTfe4171Lab1Fifo.scoreBoardPopAndCheck File: ./tb/test_NtnuTfe4171Lab1Fifo.sv Line: 85
#     93713 |   1    0x09a  |   1   0x09a  |   0     0     0
#     93775 |   1    0x09a  |   0   0x09a  |   0     0     0
# [93837] ERROR: Read with empty scoreboard!
# ** Error: Assertion error.
#    Time: 93837 ns  Scope: test_NtnuTfe4171Lab1Fifo.scoreBoardPopAndCheck File: ./tb/test_NtnuTfe4171Lab1Fifo.sv Line: 75
# [93837] MISMATCH: expected=0xx actual=0x9a
# ** Error: Assertion error.
#    Time: 93837 ns  Scope: test_NtnuTfe4171Lab1Fifo.scoreBoardPopAndCheck File: ./tb/test_NtnuTfe4171Lab1Fifo.sv Line: 85
#     93837 |   1    0x09a  |   1   0x09a  |   0     0     0
#     93899 |   1    0x09a  |   0   0x09a  |   0     0     0
# [93961] ERROR: Read with empty scoreboard!
# ** Error: Assertion error.
#    Time: 93961 ns  Scope: test_NtnuTfe4171Lab1Fifo.scoreBoardPopAndCheck File: ./tb/test_NtnuTfe4171Lab1Fifo.sv Line: 75
# [93961] MISMATCH: expected=0xx actual=0x9a
# ** Error: Assertion error.
#    Time: 93961 ns  Scope: test_NtnuTfe4171Lab1Fifo.scoreBoardPopAndCheck File: ./tb/test_NtnuTfe4171Lab1Fifo.sv Line: 85
#     93961 |   1    0x09a  |   1   0x09a  |   0     0     0
#     94023 |   1    0x09a  |   0   0x09a  |   0     0     0
# [94085] ERROR: Read with empty scoreboard!
# ** Error: Assertion error.
#    Time: 94085 ns  Scope: test_NtnuTfe4171Lab1Fifo.scoreBoardPopAndCheck File: ./tb/test_NtnuTfe4171Lab1Fifo.sv Line: 75
# [94085] MISMATCH: expected=0xx actual=0x9a
# ** Error: Assertion error.
#    Time: 94085 ns  Scope: test_NtnuTfe4171Lab1Fifo.scoreBoardPopAndCheck File: ./tb/test_NtnuTfe4171Lab1Fifo.sv Line: 85
#     94085 |   1    0x09a  |   1   0x09a  |   0     0     0
#     94147 |   1    0x09a  |   0   0x09a  |   0     0     0
# [94209] ERROR: Read with empty scoreboard!
# ** Error: Assertion error.
#    Time: 94209 ns  Scope: test_NtnuTfe4171Lab1Fifo.scoreBoardPopAndCheck File: ./tb/test_NtnuTfe4171Lab1Fifo.sv Line: 75
# [94209] MISMATCH: expected=0xx actual=0x9a
# ** Error: Assertion error.
#    Time: 94209 ns  Scope: test_NtnuTfe4171Lab1Fifo.scoreBoardPopAndCheck File: ./tb/test_NtnuTfe4171Lab1Fifo.sv Line: 85
#     94209 |   1    0x09a  |   1   0x09a  |   0     0     0
#     94271 |   1    0x09a  |   0   0x09a  |   0     0     0
# [94333] ERROR: Read with empty scoreboard!
# ** Error: Assertion error.
#    Time: 94333 ns  Scope: test_NtnuTfe4171Lab1Fifo.scoreBoardPopAndCheck File: ./tb/test_NtnuTfe4171Lab1Fifo.sv Line: 75
# [94333] MISMATCH: expected=0xx actual=0x9a
# ** Error: Assertion error.
#    Time: 94333 ns  Scope: test_NtnuTfe4171Lab1Fifo.scoreBoardPopAndCheck File: ./tb/test_NtnuTfe4171Lab1Fifo.sv Line: 85
#     94333 |   1    0x09a  |   1   0x09a  |   0     0     0
#     94395 |   1    0x09a  |   0   0x09a  |   0     0     0
# [94457] ERROR: Read with empty scoreboard!
# ** Error: Assertion error.
#    Time: 94457 ns  Scope: test_NtnuTfe4171Lab1Fifo.scoreBoardPopAndCheck File: ./tb/test_NtnuTfe4171Lab1Fifo.sv Line: 75
# [94457] MISMATCH: expected=0xx actual=0x9a
# ** Error: Assertion error.
#    Time: 94457 ns  Scope: test_NtnuTfe4171Lab1Fifo.scoreBoardPopAndCheck File: ./tb/test_NtnuTfe4171Lab1Fifo.sv Line: 85
#     94457 |   1    0x09a  |   1   0x09a  |   0     0     0
#     94519 |   1    0x09a  |   0   0x09a  |   0     0     0
# [94581] ERROR: Read with empty scoreboard!
# ** Error: Assertion error.
#    Time: 94581 ns  Scope: test_NtnuTfe4171Lab1Fifo.scoreBoardPopAndCheck File: ./tb/test_NtnuTfe4171Lab1Fifo.sv Line: 75
# [94581] MISMATCH: expected=0xx actual=0x9a
# ** Error: Assertion error.
#    Time: 94581 ns  Scope: test_NtnuTfe4171Lab1Fifo.scoreBoardPopAndCheck File: ./tb/test_NtnuTfe4171Lab1Fifo.sv Line: 85
#     94581 |   1    0x09a  |   1   0x09a  |   0     0     0
#     94643 |   1    0x09a  |   0   0x09a  |   0     0     0
# [94705] ERROR: Read with empty scoreboard!
# ** Error: Assertion error.
#    Time: 94705 ns  Scope: test_NtnuTfe4171Lab1Fifo.scoreBoardPopAndCheck File: ./tb/test_NtnuTfe4171Lab1Fifo.sv Line: 75
# [94705] MISMATCH: expected=0xx actual=0x9a
# ** Error: Assertion error.
#    Time: 94705 ns  Scope: test_NtnuTfe4171Lab1Fifo.scoreBoardPopAndCheck File: ./tb/test_NtnuTfe4171Lab1Fifo.sv Line: 85
#     94705 |   1    0x09a  |   1   0x09a  |   0     0     0
#     94767 |   1    0x09a  |   0   0x09a  |   0     0     0
# [94829] ERROR: Read with empty scoreboard!
# ** Error: Assertion error.
#    Time: 94829 ns  Scope: test_NtnuTfe4171Lab1Fifo.scoreBoardPopAndCheck File: ./tb/test_NtnuTfe4171Lab1Fifo.sv Line: 75
# [94829] MISMATCH: expected=0xx actual=0x9a
# ** Error: Assertion error.
#    Time: 94829 ns  Scope: test_NtnuTfe4171Lab1Fifo.scoreBoardPopAndCheck File: ./tb/test_NtnuTfe4171Lab1Fifo.sv Line: 85
#     94829 |   1    0x09a  |   1   0x09a  |   0     0     0
#     94891 |   1    0x09a  |   0   0x09a  |   0     0     0
# [94953] ERROR: Read with empty scoreboard!
# ** Error: Assertion error.
#    Time: 94953 ns  Scope: test_NtnuTfe4171Lab1Fifo.scoreBoardPopAndCheck File: ./tb/test_NtnuTfe4171Lab1Fifo.sv Line: 75
# [94953] MISMATCH: expected=0xx actual=0x9a
# ** Error: Assertion error.
#    Time: 94953 ns  Scope: test_NtnuTfe4171Lab1Fifo.scoreBoardPopAndCheck File: ./tb/test_NtnuTfe4171Lab1Fifo.sv Line: 85
#     94953 |   1    0x09a  |   1   0x09a  |   0     0     0
#     95015 |   1    0x09a  |   0   0x09a  |   0     0     0
# [95077] ERROR: Read with empty scoreboard!
# ** Error: Assertion error.
#    Time: 95077 ns  Scope: test_NtnuTfe4171Lab1Fifo.scoreBoardPopAndCheck File: ./tb/test_NtnuTfe4171Lab1Fifo.sv Line: 75
# [95077] MISMATCH: expected=0xx actual=0x9a
# ** Error: Assertion error.
#    Time: 95077 ns  Scope: test_NtnuTfe4171Lab1Fifo.scoreBoardPopAndCheck File: ./tb/test_NtnuTfe4171Lab1Fifo.sv Line: 85
#     95077 |   1    0x09a  |   1   0x09a  |   0     0     0
#     95139 |   1    0x09a  |   0   0x09a  |   0     0     0
# [95201] ERROR: Read with empty scoreboard!
# ** Error: Assertion error.
#    Time: 95201 ns  Scope: test_NtnuTfe4171Lab1Fifo.scoreBoardPopAndCheck File: ./tb/test_NtnuTfe4171Lab1Fifo.sv Line: 75
# [95201] MISMATCH: expected=0xx actual=0x9a
# ** Error: Assertion error.
#    Time: 95201 ns  Scope: test_NtnuTfe4171Lab1Fifo.scoreBoardPopAndCheck File: ./tb/test_NtnuTfe4171Lab1Fifo.sv Line: 85
#     95201 |   1    0x09a  |   1   0x09a  |   0     0     0
#     95263 |   1    0x09a  |   0   0x09a  |   0     0     0
# [95325] ERROR: Read with empty scoreboard!
# ** Error: Assertion error.
#    Time: 95325 ns  Scope: test_NtnuTfe4171Lab1Fifo.scoreBoardPopAndCheck File: ./tb/test_NtnuTfe4171Lab1Fifo.sv Line: 75
# [95325] MISMATCH: expected=0xx actual=0x9a
# ** Error: Assertion error.
#    Time: 95325 ns  Scope: test_NtnuTfe4171Lab1Fifo.scoreBoardPopAndCheck File: ./tb/test_NtnuTfe4171Lab1Fifo.sv Line: 85
#     95325 |   1    0x09a  |   1   0x09a  |   0     0     0
#     95387 |   1    0x09a  |   0   0x09a  |   0     0     0
# [95449] ERROR: Read with empty scoreboard!
# ** Error: Assertion error.
#    Time: 95449 ns  Scope: test_NtnuTfe4171Lab1Fifo.scoreBoardPopAndCheck File: ./tb/test_NtnuTfe4171Lab1Fifo.sv Line: 75
# [95449] MISMATCH: expected=0xx actual=0x9a
# ** Error: Assertion error.
#    Time: 95449 ns  Scope: test_NtnuTfe4171Lab1Fifo.scoreBoardPopAndCheck File: ./tb/test_NtnuTfe4171Lab1Fifo.sv Line: 85
#     95449 |   1    0x09a  |   1   0x09a  |   0     0     0
#     95511 |   1    0x09a  |   0   0x09a  |   0     0     0
# [95573] ERROR: Read with empty scoreboard!
# ** Error: Assertion error.
#    Time: 95573 ns  Scope: test_NtnuTfe4171Lab1Fifo.scoreBoardPopAndCheck File: ./tb/test_NtnuTfe4171Lab1Fifo.sv Line: 75
# [95573] MISMATCH: expected=0xx actual=0x9a
# ** Error: Assertion error.
#    Time: 95573 ns  Scope: test_NtnuTfe4171Lab1Fifo.scoreBoardPopAndCheck File: ./tb/test_NtnuTfe4171Lab1Fifo.sv Line: 85
#     95573 |   1    0x09a  |   1   0x09a  |   0     0     0
#     95635 |   1    0x09a  |   0   0x09a  |   0     0     0
# [95697] ERROR: Read with empty scoreboard!
# ** Error: Assertion error.
#    Time: 95697 ns  Scope: test_NtnuTfe4171Lab1Fifo.scoreBoardPopAndCheck File: ./tb/test_NtnuTfe4171Lab1Fifo.sv Line: 75
# [95697] MISMATCH: expected=0xx actual=0x9a
# ** Error: Assertion error.
#    Time: 95697 ns  Scope: test_NtnuTfe4171Lab1Fifo.scoreBoardPopAndCheck File: ./tb/test_NtnuTfe4171Lab1Fifo.sv Line: 85
#     95697 |   1    0x09a  |   1   0x09a  |   0     0     0
#     95759 |   1    0x09a  |   0   0x09a  |   0     0     0
# [95821] ERROR: Read with empty scoreboard!
# ** Error: Assertion error.
#    Time: 95821 ns  Scope: test_NtnuTfe4171Lab1Fifo.scoreBoardPopAndCheck File: ./tb/test_NtnuTfe4171Lab1Fifo.sv Line: 75
# [95821] MISMATCH: expected=0xx actual=0x9a
# ** Error: Assertion error.
#    Time: 95821 ns  Scope: test_NtnuTfe4171Lab1Fifo.scoreBoardPopAndCheck File: ./tb/test_NtnuTfe4171Lab1Fifo.sv Line: 85
#     95821 |   1    0x09a  |   1   0x09a  |   0     0     0
#     95883 |   1    0x09a  |   0   0x09a  |   0     0     0
# [95945] ERROR: Read with empty scoreboard!
# ** Error: Assertion error.
#    Time: 95945 ns  Scope: test_NtnuTfe4171Lab1Fifo.scoreBoardPopAndCheck File: ./tb/test_NtnuTfe4171Lab1Fifo.sv Line: 75
# [95945] MISMATCH: expected=0xx actual=0x9a
# ** Error: Assertion error.
#    Time: 95945 ns  Scope: test_NtnuTfe4171Lab1Fifo.scoreBoardPopAndCheck File: ./tb/test_NtnuTfe4171Lab1Fifo.sv Line: 85
#     95945 |   1    0x09a  |   1   0x09a  |   0     0     0
#     96007 |   1    0x09a  |   0   0x09a  |   0     0     0
# [96069] ERROR: Read with empty scoreboard!
# ** Error: Assertion error.
#    Time: 96069 ns  Scope: test_NtnuTfe4171Lab1Fifo.scoreBoardPopAndCheck File: ./tb/test_NtnuTfe4171Lab1Fifo.sv Line: 75
# [96069] MISMATCH: expected=0xx actual=0x9a
# ** Error: Assertion error.
#    Time: 96069 ns  Scope: test_NtnuTfe4171Lab1Fifo.scoreBoardPopAndCheck File: ./tb/test_NtnuTfe4171Lab1Fifo.sv Line: 85
#     96069 |   1    0x09a  |   1   0x09a  |   0     0     0
#     96131 |   1    0x09a  |   0   0x09a  |   0     0     0
# [96193] ERROR: Read with empty scoreboard!
# ** Error: Assertion error.
#    Time: 96193 ns  Scope: test_NtnuTfe4171Lab1Fifo.scoreBoardPopAndCheck File: ./tb/test_NtnuTfe4171Lab1Fifo.sv Line: 75
# [96193] MISMATCH: expected=0xx actual=0x9a
# ** Error: Assertion error.
#    Time: 96193 ns  Scope: test_NtnuTfe4171Lab1Fifo.scoreBoardPopAndCheck File: ./tb/test_NtnuTfe4171Lab1Fifo.sv Line: 85
#     96193 |   1    0x09a  |   1   0x09a  |   0     0     0
#     96255 |   1    0x09a  |   0   0x09a  |   0     0     0
# [96317] ERROR: Read with empty scoreboard!
# ** Error: Assertion error.
#    Time: 96317 ns  Scope: test_NtnuTfe4171Lab1Fifo.scoreBoardPopAndCheck File: ./tb/test_NtnuTfe4171Lab1Fifo.sv Line: 75
# [96317] MISMATCH: expected=0xx actual=0x9a
# ** Error: Assertion error.
#    Time: 96317 ns  Scope: test_NtnuTfe4171Lab1Fifo.scoreBoardPopAndCheck File: ./tb/test_NtnuTfe4171Lab1Fifo.sv Line: 85
#     96317 |   1    0x09a  |   1   0x09a  |   0     0     0
#     96379 |   1    0x09a  |   0   0x09a  |   0     0     0
# [96441] ERROR: Read with empty scoreboard!
# ** Error: Assertion error.
#    Time: 96441 ns  Scope: test_NtnuTfe4171Lab1Fifo.scoreBoardPopAndCheck File: ./tb/test_NtnuTfe4171Lab1Fifo.sv Line: 75
# [96441] MISMATCH: expected=0xx actual=0x9a
# ** Error: Assertion error.
#    Time: 96441 ns  Scope: test_NtnuTfe4171Lab1Fifo.scoreBoardPopAndCheck File: ./tb/test_NtnuTfe4171Lab1Fifo.sv Line: 85
#     96441 |   1    0x09a  |   1   0x09a  |   0     0     0
#     96503 |   1    0x09a  |   0   0x09a  |   0     0     0
# [96565] ERROR: Read with empty scoreboard!
# ** Error: Assertion error.
#    Time: 96565 ns  Scope: test_NtnuTfe4171Lab1Fifo.scoreBoardPopAndCheck File: ./tb/test_NtnuTfe4171Lab1Fifo.sv Line: 75
# [96565] MISMATCH: expected=0xx actual=0x9a
# ** Error: Assertion error.
#    Time: 96565 ns  Scope: test_NtnuTfe4171Lab1Fifo.scoreBoardPopAndCheck File: ./tb/test_NtnuTfe4171Lab1Fifo.sv Line: 85
#     96565 |   1    0x09a  |   1   0x09a  |   0     0     0
#     96627 |   1    0x09a  |   0   0x09a  |   0     0     0
# [96689] ERROR: Read with empty scoreboard!
# ** Error: Assertion error.
#    Time: 96689 ns  Scope: test_NtnuTfe4171Lab1Fifo.scoreBoardPopAndCheck File: ./tb/test_NtnuTfe4171Lab1Fifo.sv Line: 75
# [96689] MISMATCH: expected=0xx actual=0x9a
# ** Error: Assertion error.
#    Time: 96689 ns  Scope: test_NtnuTfe4171Lab1Fifo.scoreBoardPopAndCheck File: ./tb/test_NtnuTfe4171Lab1Fifo.sv Line: 85
#     96689 |   1    0x09a  |   1   0x09a  |   0     0     0
#     96751 |   1    0x09a  |   0   0x09a  |   0     0     0
# [96813] ERROR: Read with empty scoreboard!
# ** Error: Assertion error.
#    Time: 96813 ns  Scope: test_NtnuTfe4171Lab1Fifo.scoreBoardPopAndCheck File: ./tb/test_NtnuTfe4171Lab1Fifo.sv Line: 75
# [96813] MISMATCH: expected=0xx actual=0x9a
# ** Error: Assertion error.
#    Time: 96813 ns  Scope: test_NtnuTfe4171Lab1Fifo.scoreBoardPopAndCheck File: ./tb/test_NtnuTfe4171Lab1Fifo.sv Line: 85
#     96813 |   1    0x09a  |   1   0x09a  |   0     0     0
#     96875 |   1    0x09a  |   0   0x09a  |   0     0     0
# [96937] ERROR: Read with empty scoreboard!
# ** Error: Assertion error.
#    Time: 96937 ns  Scope: test_NtnuTfe4171Lab1Fifo.scoreBoardPopAndCheck File: ./tb/test_NtnuTfe4171Lab1Fifo.sv Line: 75
# [96937] MISMATCH: expected=0xx actual=0x9a
# ** Error: Assertion error.
#    Time: 96937 ns  Scope: test_NtnuTfe4171Lab1Fifo.scoreBoardPopAndCheck File: ./tb/test_NtnuTfe4171Lab1Fifo.sv Line: 85
#     96937 |   1    0x09a  |   1   0x09a  |   0     0     0
#     96999 |   1    0x09a  |   0   0x09a  |   0     0     0
# [97061] ERROR: Read with empty scoreboard!
# ** Error: Assertion error.
#    Time: 97061 ns  Scope: test_NtnuTfe4171Lab1Fifo.scoreBoardPopAndCheck File: ./tb/test_NtnuTfe4171Lab1Fifo.sv Line: 75
# [97061] MISMATCH: expected=0xx actual=0x9a
# ** Error: Assertion error.
#    Time: 97061 ns  Scope: test_NtnuTfe4171Lab1Fifo.scoreBoardPopAndCheck File: ./tb/test_NtnuTfe4171Lab1Fifo.sv Line: 85
#     97061 |   1    0x09a  |   1   0x09a  |   0     0     0
#     97123 |   1    0x09a  |   0   0x09a  |   0     0     0
# [97185] ERROR: Read with empty scoreboard!
# ** Error: Assertion error.
#    Time: 97185 ns  Scope: test_NtnuTfe4171Lab1Fifo.scoreBoardPopAndCheck File: ./tb/test_NtnuTfe4171Lab1Fifo.sv Line: 75
# [97185] MISMATCH: expected=0xx actual=0x9a
# ** Error: Assertion error.
#    Time: 97185 ns  Scope: test_NtnuTfe4171Lab1Fifo.scoreBoardPopAndCheck File: ./tb/test_NtnuTfe4171Lab1Fifo.sv Line: 85
#     97185 |   1    0x09a  |   1   0x09a  |   0     0     0
#     97247 |   1    0x09a  |   0   0x09a  |   0     0     0
# [97309] ERROR: Read with empty scoreboard!
# ** Error: Assertion error.
#    Time: 97309 ns  Scope: test_NtnuTfe4171Lab1Fifo.scoreBoardPopAndCheck File: ./tb/test_NtnuTfe4171Lab1Fifo.sv Line: 75
# [97309] MISMATCH: expected=0xx actual=0x9a
# ** Error: Assertion error.
#    Time: 97309 ns  Scope: test_NtnuTfe4171Lab1Fifo.scoreBoardPopAndCheck File: ./tb/test_NtnuTfe4171Lab1Fifo.sv Line: 85
#     97309 |   1    0x09a  |   1   0x09a  |   1     0     0
#     97371 |   1    0x09a  |   0   0x09a  |   0     0     0
# [97433] ERROR: Read with empty scoreboard!
# ** Error: Assertion error.
#    Time: 97433 ns  Scope: test_NtnuTfe4171Lab1Fifo.scoreBoardPopAndCheck File: ./tb/test_NtnuTfe4171Lab1Fifo.sv Line: 75
# [97433] MISMATCH: expected=0xx actual=0x9a
# ** Error: Assertion error.
#    Time: 97433 ns  Scope: test_NtnuTfe4171Lab1Fifo.scoreBoardPopAndCheck File: ./tb/test_NtnuTfe4171Lab1Fifo.sv Line: 85
#     97433 |   1    0x09a  |   1   0x09a  |   1     0     0
#     97495 |   1    0x09a  |   0   0x09a  |   0     0     0
# [97557] ERROR: Read with empty scoreboard!
# ** Error: Assertion error.
#    Time: 97557 ns  Scope: test_NtnuTfe4171Lab1Fifo.scoreBoardPopAndCheck File: ./tb/test_NtnuTfe4171Lab1Fifo.sv Line: 75
# [97557] MISMATCH: expected=0xx actual=0x9a
# ** Error: Assertion error.
#    Time: 97557 ns  Scope: test_NtnuTfe4171Lab1Fifo.scoreBoardPopAndCheck File: ./tb/test_NtnuTfe4171Lab1Fifo.sv Line: 85
#     97557 |   1    0x09a  |   1   0x09a  |   0     0     0
#     97619 |   1    0x09a  |   0   0x09a  |   0     0     0
# [97681] ERROR: Read with empty scoreboard!
# ** Error: Assertion error.
#    Time: 97681 ns  Scope: test_NtnuTfe4171Lab1Fifo.scoreBoardPopAndCheck File: ./tb/test_NtnuTfe4171Lab1Fifo.sv Line: 75
# [97681] MISMATCH: expected=0xx actual=0x9a
# ** Error: Assertion error.
#    Time: 97681 ns  Scope: test_NtnuTfe4171Lab1Fifo.scoreBoardPopAndCheck File: ./tb/test_NtnuTfe4171Lab1Fifo.sv Line: 85
#     97681 |   1    0x09a  |   1   0x09a  |   0     0     0
#     97743 |   1    0x09a  |   0   0x09a  |   0     0     0
# [97805] ERROR: Read with empty scoreboard!
# ** Error: Assertion error.
#    Time: 97805 ns  Scope: test_NtnuTfe4171Lab1Fifo.scoreBoardPopAndCheck File: ./tb/test_NtnuTfe4171Lab1Fifo.sv Line: 75
# [97805] MISMATCH: expected=0xx actual=0x9a
# ** Error: Assertion error.
#    Time: 97805 ns  Scope: test_NtnuTfe4171Lab1Fifo.scoreBoardPopAndCheck File: ./tb/test_NtnuTfe4171Lab1Fifo.sv Line: 85
#     97805 |   1    0x09a  |   1   0x09a  |   0     0     0
#     97867 |   1    0x09a  |   0   0x09a  |   0     0     0
# [97929] ERROR: Read with empty scoreboard!
# ** Error: Assertion error.
#    Time: 97929 ns  Scope: test_NtnuTfe4171Lab1Fifo.scoreBoardPopAndCheck File: ./tb/test_NtnuTfe4171Lab1Fifo.sv Line: 75
# [97929] MISMATCH: expected=0xx actual=0x9a
# ** Error: Assertion error.
#    Time: 97929 ns  Scope: test_NtnuTfe4171Lab1Fifo.scoreBoardPopAndCheck File: ./tb/test_NtnuTfe4171Lab1Fifo.sv Line: 85
#     97929 |   1    0x09a  |   1   0x09a  |   0     0     0
#     97991 |   1    0x09a  |   0   0x09a  |   0     0     0
# [98053] ERROR: Read with empty scoreboard!
# ** Error: Assertion error.
#    Time: 98053 ns  Scope: test_NtnuTfe4171Lab1Fifo.scoreBoardPopAndCheck File: ./tb/test_NtnuTfe4171Lab1Fifo.sv Line: 75
# [98053] MISMATCH: expected=0xx actual=0x9a
# ** Error: Assertion error.
#    Time: 98053 ns  Scope: test_NtnuTfe4171Lab1Fifo.scoreBoardPopAndCheck File: ./tb/test_NtnuTfe4171Lab1Fifo.sv Line: 85
#     98053 |   1    0x09a  |   1   0x09a  |   0     0     0
#     98115 |   1    0x09a  |   0   0x09a  |   0     0     0
# [98177] ERROR: Read with empty scoreboard!
# ** Error: Assertion error.
#    Time: 98177 ns  Scope: test_NtnuTfe4171Lab1Fifo.scoreBoardPopAndCheck File: ./tb/test_NtnuTfe4171Lab1Fifo.sv Line: 75
# [98177] MISMATCH: expected=0xx actual=0x9a
# ** Error: Assertion error.
#    Time: 98177 ns  Scope: test_NtnuTfe4171Lab1Fifo.scoreBoardPopAndCheck File: ./tb/test_NtnuTfe4171Lab1Fifo.sv Line: 85
#     98177 |   1    0x09a  |   1   0x09a  |   0     0     0
#     98239 |   1    0x09a  |   0   0x09a  |   0     0     0
# [98301] ERROR: Read with empty scoreboard!
# ** Error: Assertion error.
#    Time: 98301 ns  Scope: test_NtnuTfe4171Lab1Fifo.scoreBoardPopAndCheck File: ./tb/test_NtnuTfe4171Lab1Fifo.sv Line: 75
# [98301] MISMATCH: expected=0xx actual=0x9a
# ** Error: Assertion error.
#    Time: 98301 ns  Scope: test_NtnuTfe4171Lab1Fifo.scoreBoardPopAndCheck File: ./tb/test_NtnuTfe4171Lab1Fifo.sv Line: 85
#     98301 |   1    0x09a  |   1   0x09a  |   0     0     0
#     98363 |   1    0x09a  |   0   0x09a  |   0     0     0
# [98425] ERROR: Read with empty scoreboard!
# ** Error: Assertion error.
#    Time: 98425 ns  Scope: test_NtnuTfe4171Lab1Fifo.scoreBoardPopAndCheck File: ./tb/test_NtnuTfe4171Lab1Fifo.sv Line: 75
# [98425] MISMATCH: expected=0xx actual=0x9a
# ** Error: Assertion error.
#    Time: 98425 ns  Scope: test_NtnuTfe4171Lab1Fifo.scoreBoardPopAndCheck File: ./tb/test_NtnuTfe4171Lab1Fifo.sv Line: 85
#     98425 |   1    0x09a  |   1   0x09a  |   0     0     0
#     98487 |   1    0x09a  |   0   0x09a  |   0     0     0
# [98549] ERROR: Read with empty scoreboard!
# ** Error: Assertion error.
#    Time: 98549 ns  Scope: test_NtnuTfe4171Lab1Fifo.scoreBoardPopAndCheck File: ./tb/test_NtnuTfe4171Lab1Fifo.sv Line: 75
# [98549] MISMATCH: expected=0xx actual=0x9a
# ** Error: Assertion error.
#    Time: 98549 ns  Scope: test_NtnuTfe4171Lab1Fifo.scoreBoardPopAndCheck File: ./tb/test_NtnuTfe4171Lab1Fifo.sv Line: 85
#     98549 |   1    0x09a  |   1   0x09a  |   0     0     0
#     98611 |   1    0x09a  |   0   0x09a  |   0     0     0
# [98673] ERROR: Read with empty scoreboard!
# ** Error: Assertion error.
#    Time: 98673 ns  Scope: test_NtnuTfe4171Lab1Fifo.scoreBoardPopAndCheck File: ./tb/test_NtnuTfe4171Lab1Fifo.sv Line: 75
# [98673] MISMATCH: expected=0xx actual=0x9a
# ** Error: Assertion error.
#    Time: 98673 ns  Scope: test_NtnuTfe4171Lab1Fifo.scoreBoardPopAndCheck File: ./tb/test_NtnuTfe4171Lab1Fifo.sv Line: 85
#     98673 |   1    0x09a  |   1   0x09a  |   0     0     0
#     98735 |   1    0x09a  |   0   0x09a  |   0     0     0
# [98797] ERROR: Read with empty scoreboard!
# ** Error: Assertion error.
#    Time: 98797 ns  Scope: test_NtnuTfe4171Lab1Fifo.scoreBoardPopAndCheck File: ./tb/test_NtnuTfe4171Lab1Fifo.sv Line: 75
# [98797] MISMATCH: expected=0xx actual=0x9a
# ** Error: Assertion error.
#    Time: 98797 ns  Scope: test_NtnuTfe4171Lab1Fifo.scoreBoardPopAndCheck File: ./tb/test_NtnuTfe4171Lab1Fifo.sv Line: 85
#     98797 |   1    0x09a  |   1   0x09a  |   0     0     0
#     98859 |   1    0x09a  |   0   0x09a  |   0     0     0
# [98921] ERROR: Read with empty scoreboard!
# ** Error: Assertion error.
#    Time: 98921 ns  Scope: test_NtnuTfe4171Lab1Fifo.scoreBoardPopAndCheck File: ./tb/test_NtnuTfe4171Lab1Fifo.sv Line: 75
# [98921] MISMATCH: expected=0xx actual=0x9a
# ** Error: Assertion error.
#    Time: 98921 ns  Scope: test_NtnuTfe4171Lab1Fifo.scoreBoardPopAndCheck File: ./tb/test_NtnuTfe4171Lab1Fifo.sv Line: 85
#     98921 |   1    0x09a  |   1   0x09a  |   0     0     0
#     98983 |   1    0x09a  |   0   0x09a  |   0     0     0
# [99045] ERROR: Read with empty scoreboard!
# ** Error: Assertion error.
#    Time: 99045 ns  Scope: test_NtnuTfe4171Lab1Fifo.scoreBoardPopAndCheck File: ./tb/test_NtnuTfe4171Lab1Fifo.sv Line: 75
# [99045] MISMATCH: expected=0xx actual=0x9a
# ** Error: Assertion error.
#    Time: 99045 ns  Scope: test_NtnuTfe4171Lab1Fifo.scoreBoardPopAndCheck File: ./tb/test_NtnuTfe4171Lab1Fifo.sv Line: 85
#     99045 |   1    0x09a  |   1   0x09a  |   0     0     0
#     99107 |   1    0x09a  |   0   0x09a  |   0     0     0
# [99169] ERROR: Read with empty scoreboard!
# ** Error: Assertion error.
#    Time: 99169 ns  Scope: test_NtnuTfe4171Lab1Fifo.scoreBoardPopAndCheck File: ./tb/test_NtnuTfe4171Lab1Fifo.sv Line: 75
# [99169] MISMATCH: expected=0xx actual=0x9a
# ** Error: Assertion error.
#    Time: 99169 ns  Scope: test_NtnuTfe4171Lab1Fifo.scoreBoardPopAndCheck File: ./tb/test_NtnuTfe4171Lab1Fifo.sv Line: 85
#     99169 |   1    0x09a  |   1   0x09a  |   0     0     0
#     99231 |   1    0x09a  |   0   0x09a  |   0     0     0
# [99293] ERROR: Read with empty scoreboard!
# ** Error: Assertion error.
#    Time: 99293 ns  Scope: test_NtnuTfe4171Lab1Fifo.scoreBoardPopAndCheck File: ./tb/test_NtnuTfe4171Lab1Fifo.sv Line: 75
# [99293] MISMATCH: expected=0xx actual=0x9a
# ** Error: Assertion error.
#    Time: 99293 ns  Scope: test_NtnuTfe4171Lab1Fifo.scoreBoardPopAndCheck File: ./tb/test_NtnuTfe4171Lab1Fifo.sv Line: 85
#     99293 |   1    0x09a  |   1   0x09a  |   0     0     0
#     99355 |   1    0x09a  |   0   0x09a  |   0     0     0
# [99417] ERROR: Read with empty scoreboard!
# ** Error: Assertion error.
#    Time: 99417 ns  Scope: test_NtnuTfe4171Lab1Fifo.scoreBoardPopAndCheck File: ./tb/test_NtnuTfe4171Lab1Fifo.sv Line: 75
# [99417] MISMATCH: expected=0xx actual=0x9a
# ** Error: Assertion error.
#    Time: 99417 ns  Scope: test_NtnuTfe4171Lab1Fifo.scoreBoardPopAndCheck File: ./tb/test_NtnuTfe4171Lab1Fifo.sv Line: 85
#     99417 |   1    0x09a  |   1   0x09a  |   0     0     0
#     99479 |   1    0x09a  |   0   0x09a  |   0     0     0
# [99541] ERROR: Read with empty scoreboard!
# ** Error: Assertion error.
#    Time: 99541 ns  Scope: test_NtnuTfe4171Lab1Fifo.scoreBoardPopAndCheck File: ./tb/test_NtnuTfe4171Lab1Fifo.sv Line: 75
# [99541] MISMATCH: expected=0xx actual=0x9a
# ** Error: Assertion error.
#    Time: 99541 ns  Scope: test_NtnuTfe4171Lab1Fifo.scoreBoardPopAndCheck File: ./tb/test_NtnuTfe4171Lab1Fifo.sv Line: 85
#     99541 |   1    0x09a  |   1   0x09a  |   0     0     0
#     99603 |   1    0x09a  |   0   0x09a  |   0     0     0
# [99665] ERROR: Read with empty scoreboard!
# ** Error: Assertion error.
#    Time: 99665 ns  Scope: test_NtnuTfe4171Lab1Fifo.scoreBoardPopAndCheck File: ./tb/test_NtnuTfe4171Lab1Fifo.sv Line: 75
# [99665] MISMATCH: expected=0xx actual=0x9a
# ** Error: Assertion error.
#    Time: 99665 ns  Scope: test_NtnuTfe4171Lab1Fifo.scoreBoardPopAndCheck File: ./tb/test_NtnuTfe4171Lab1Fifo.sv Line: 85
#     99665 |   1    0x09a  |   1   0x09a  |   0     0     0
#     99727 |   1    0x09a  |   0   0x09a  |   0     0     0
# [99789] ERROR: Read with empty scoreboard!
# ** Error: Assertion error.
#    Time: 99789 ns  Scope: test_NtnuTfe4171Lab1Fifo.scoreBoardPopAndCheck File: ./tb/test_NtnuTfe4171Lab1Fifo.sv Line: 75
# [99789] MISMATCH: expected=0xx actual=0x9a
# ** Error: Assertion error.
#    Time: 99789 ns  Scope: test_NtnuTfe4171Lab1Fifo.scoreBoardPopAndCheck File: ./tb/test_NtnuTfe4171Lab1Fifo.sv Line: 85
#     99789 |   1    0x09a  |   1   0x09a  |   0     0     0
#     99851 |   1    0x09a  |   0   0x09a  |   0     0     0
# [99913] ERROR: Read with empty scoreboard!
# ** Error: Assertion error.
#    Time: 99913 ns  Scope: test_NtnuTfe4171Lab1Fifo.scoreBoardPopAndCheck File: ./tb/test_NtnuTfe4171Lab1Fifo.sv Line: 75
# [99913] MISMATCH: expected=0xx actual=0x9a
# ** Error: Assertion error.
#    Time: 99913 ns  Scope: test_NtnuTfe4171Lab1Fifo.scoreBoardPopAndCheck File: ./tb/test_NtnuTfe4171Lab1Fifo.sv Line: 85
#     99913 |   1    0x09a  |   1   0x09a  |   0     0     0
#     99975 |   1    0x09a  |   0   0x09a  |   0     0     0
# [100037] ERROR: Read with empty scoreboard!
# ** Error: Assertion error.
#    Time: 100037 ns  Scope: test_NtnuTfe4171Lab1Fifo.scoreBoardPopAndCheck File: ./tb/test_NtnuTfe4171Lab1Fifo.sv Line: 75
# [100037] MISMATCH: expected=0xx actual=0x9a
# ** Error: Assertion error.
#    Time: 100037 ns  Scope: test_NtnuTfe4171Lab1Fifo.scoreBoardPopAndCheck File: ./tb/test_NtnuTfe4171Lab1Fifo.sv Line: 85
#    100037 |   1    0x09a  |   1   0x09a  |   0     0     0
#    100099 |   1    0x09a  |   0   0x09a  |   0     0     0
# [100161] ERROR: Read with empty scoreboard!
# ** Error: Assertion error.
#    Time: 100161 ns  Scope: test_NtnuTfe4171Lab1Fifo.scoreBoardPopAndCheck File: ./tb/test_NtnuTfe4171Lab1Fifo.sv Line: 75
# [100161] MISMATCH: expected=0xx actual=0x9a
# ** Error: Assertion error.
#    Time: 100161 ns  Scope: test_NtnuTfe4171Lab1Fifo.scoreBoardPopAndCheck File: ./tb/test_NtnuTfe4171Lab1Fifo.sv Line: 85
#    100161 |   1    0x09a  |   1   0x09a  |   0     0     0
#    100223 |   1    0x09a  |   0   0x09a  |   0     0     0
# [100285] ERROR: Read with empty scoreboard!
# ** Error: Assertion error.
#    Time: 100285 ns  Scope: test_NtnuTfe4171Lab1Fifo.scoreBoardPopAndCheck File: ./tb/test_NtnuTfe4171Lab1Fifo.sv Line: 75
# [100285] MISMATCH: expected=0xx actual=0x9a
# ** Error: Assertion error.
#    Time: 100285 ns  Scope: test_NtnuTfe4171Lab1Fifo.scoreBoardPopAndCheck File: ./tb/test_NtnuTfe4171Lab1Fifo.sv Line: 85
#    100285 |   1    0x09a  |   1   0x09a  |   0     0     0
#    100347 |   1    0x09a  |   0   0x09a  |   0     0     0
# [100409] ERROR: Read with empty scoreboard!
# ** Error: Assertion error.
#    Time: 100409 ns  Scope: test_NtnuTfe4171Lab1Fifo.scoreBoardPopAndCheck File: ./tb/test_NtnuTfe4171Lab1Fifo.sv Line: 75
# [100409] MISMATCH: expected=0xx actual=0x9a
# ** Error: Assertion error.
#    Time: 100409 ns  Scope: test_NtnuTfe4171Lab1Fifo.scoreBoardPopAndCheck File: ./tb/test_NtnuTfe4171Lab1Fifo.sv Line: 85
#    100409 |   1    0x09a  |   1   0x09a  |   0     0     0
#    100471 |   1    0x09a  |   0   0x09a  |   0     0     0
# [100533] ERROR: Read with empty scoreboard!
# ** Error: Assertion error.
#    Time: 100533 ns  Scope: test_NtnuTfe4171Lab1Fifo.scoreBoardPopAndCheck File: ./tb/test_NtnuTfe4171Lab1Fifo.sv Line: 75
# [100533] MISMATCH: expected=0xx actual=0x9a
# ** Error: Assertion error.
#    Time: 100533 ns  Scope: test_NtnuTfe4171Lab1Fifo.scoreBoardPopAndCheck File: ./tb/test_NtnuTfe4171Lab1Fifo.sv Line: 85
#    100533 |   1    0x09a  |   1   0x09a  |   0     0     0
#    100595 |   1    0x09a  |   0   0x09a  |   0     0     0
# [100657] ERROR: Read with empty scoreboard!
# ** Error: Assertion error.
#    Time: 100657 ns  Scope: test_NtnuTfe4171Lab1Fifo.scoreBoardPopAndCheck File: ./tb/test_NtnuTfe4171Lab1Fifo.sv Line: 75
# [100657] MISMATCH: expected=0xx actual=0x9a
# ** Error: Assertion error.
#    Time: 100657 ns  Scope: test_NtnuTfe4171Lab1Fifo.scoreBoardPopAndCheck File: ./tb/test_NtnuTfe4171Lab1Fifo.sv Line: 85
#    100657 |   1    0x09a  |   1   0x09a  |   0     0     0
#    100719 |   1    0x09a  |   0   0x09a  |   0     0     0
# [100781] ERROR: Read with empty scoreboard!
# ** Error: Assertion error.
#    Time: 100781 ns  Scope: test_NtnuTfe4171Lab1Fifo.scoreBoardPopAndCheck File: ./tb/test_NtnuTfe4171Lab1Fifo.sv Line: 75
# [100781] MISMATCH: expected=0xx actual=0x9a
# ** Error: Assertion error.
#    Time: 100781 ns  Scope: test_NtnuTfe4171Lab1Fifo.scoreBoardPopAndCheck File: ./tb/test_NtnuTfe4171Lab1Fifo.sv Line: 85
#    100781 |   1    0x09a  |   1   0x09a  |   0     0     0
#    100843 |   1    0x09a  |   0   0x09a  |   0     0     0
# [100905] ERROR: Read with empty scoreboard!
# ** Error: Assertion error.
#    Time: 100905 ns  Scope: test_NtnuTfe4171Lab1Fifo.scoreBoardPopAndCheck File: ./tb/test_NtnuTfe4171Lab1Fifo.sv Line: 75
# [100905] MISMATCH: expected=0xx actual=0x9a
# ** Error: Assertion error.
#    Time: 100905 ns  Scope: test_NtnuTfe4171Lab1Fifo.scoreBoardPopAndCheck File: ./tb/test_NtnuTfe4171Lab1Fifo.sv Line: 85
#    100905 |   1    0x09a  |   1   0x09a  |   0     0     0
#    100967 |   1    0x09a  |   0   0x09a  |   0     0     0
# [101029] ERROR: Read with empty scoreboard!
# ** Error: Assertion error.
#    Time: 101029 ns  Scope: test_NtnuTfe4171Lab1Fifo.scoreBoardPopAndCheck File: ./tb/test_NtnuTfe4171Lab1Fifo.sv Line: 75
# [101029] MISMATCH: expected=0xx actual=0x9a
# ** Error: Assertion error.
#    Time: 101029 ns  Scope: test_NtnuTfe4171Lab1Fifo.scoreBoardPopAndCheck File: ./tb/test_NtnuTfe4171Lab1Fifo.sv Line: 85
#    101029 |   1    0x09a  |   1   0x09a  |   0     0     0
#    101091 |   1    0x09a  |   0   0x09a  |   0     0     0
# [101153] ERROR: Read with empty scoreboard!
# ** Error: Assertion error.
#    Time: 101153 ns  Scope: test_NtnuTfe4171Lab1Fifo.scoreBoardPopAndCheck File: ./tb/test_NtnuTfe4171Lab1Fifo.sv Line: 75
# [101153] MISMATCH: expected=0xx actual=0x9a
# ** Error: Assertion error.
#    Time: 101153 ns  Scope: test_NtnuTfe4171Lab1Fifo.scoreBoardPopAndCheck File: ./tb/test_NtnuTfe4171Lab1Fifo.sv Line: 85
#    101153 |   1    0x09a  |   1   0x09a  |   0     0     0
#    101215 |   1    0x09a  |   0   0x09a  |   0     0     0
# [101277] ERROR: Read with empty scoreboard!
# ** Error: Assertion error.
#    Time: 101277 ns  Scope: test_NtnuTfe4171Lab1Fifo.scoreBoardPopAndCheck File: ./tb/test_NtnuTfe4171Lab1Fifo.sv Line: 75
# [101277] MISMATCH: expected=0xx actual=0x9a
# ** Error: Assertion error.
#    Time: 101277 ns  Scope: test_NtnuTfe4171Lab1Fifo.scoreBoardPopAndCheck File: ./tb/test_NtnuTfe4171Lab1Fifo.sv Line: 85
#    101277 |   1    0x09a  |   1   0x09a  |   0     0     0
#    101339 |   1    0x09a  |   0   0x09a  |   0     0     0
# [101401] ERROR: Read with empty scoreboard!
# ** Error: Assertion error.
#    Time: 101401 ns  Scope: test_NtnuTfe4171Lab1Fifo.scoreBoardPopAndCheck File: ./tb/test_NtnuTfe4171Lab1Fifo.sv Line: 75
# [101401] MISMATCH: expected=0xx actual=0x9a
# ** Error: Assertion error.
#    Time: 101401 ns  Scope: test_NtnuTfe4171Lab1Fifo.scoreBoardPopAndCheck File: ./tb/test_NtnuTfe4171Lab1Fifo.sv Line: 85
#    101401 |   1    0x09a  |   1   0x09a  |   0     0     0
#    101463 |   1    0x09a  |   0   0x09a  |   0     0     0
#    101525 |   1    0x09a  |   1   0x09a  |   0     1     0
#    101587 |   1    0x09a  |   0   0x09a  |   0     0     0
# [101649] ERROR: Read with empty scoreboard!
# ** Error: Assertion error.
#    Time: 101649 ns  Scope: test_NtnuTfe4171Lab1Fifo.scoreBoardPopAndCheck File: ./tb/test_NtnuTfe4171Lab1Fifo.sv Line: 75
# [101649] MISMATCH: expected=0xx actual=0x9a
# ** Error: Assertion error.
#    Time: 101649 ns  Scope: test_NtnuTfe4171Lab1Fifo.scoreBoardPopAndCheck File: ./tb/test_NtnuTfe4171Lab1Fifo.sv Line: 85
#    101649 |   1    0x09a  |   1   0x09a  |   0     0     0
#    101711 |   1    0x09a  |   0   0x09a  |   0     0     0
# [101773] ERROR: Read with empty scoreboard!
# ** Error: Assertion error.
#    Time: 101773 ns  Scope: test_NtnuTfe4171Lab1Fifo.scoreBoardPopAndCheck File: ./tb/test_NtnuTfe4171Lab1Fifo.sv Line: 75
# [101773] MISMATCH: expected=0xx actual=0x9a
# ** Error: Assertion error.
#    Time: 101773 ns  Scope: test_NtnuTfe4171Lab1Fifo.scoreBoardPopAndCheck File: ./tb/test_NtnuTfe4171Lab1Fifo.sv Line: 85
#    101773 |   1    0x09a  |   1   0x09a  |   0     0     0
#    101835 |   1    0x09a  |   0   0x09a  |   0     0     0
# [101897] ERROR: Read with empty scoreboard!
# ** Error: Assertion error.
#    Time: 101897 ns  Scope: test_NtnuTfe4171Lab1Fifo.scoreBoardPopAndCheck File: ./tb/test_NtnuTfe4171Lab1Fifo.sv Line: 75
# [101897] MISMATCH: expected=0xx actual=0x9a
# ** Error: Assertion error.
#    Time: 101897 ns  Scope: test_NtnuTfe4171Lab1Fifo.scoreBoardPopAndCheck File: ./tb/test_NtnuTfe4171Lab1Fifo.sv Line: 85
#    101897 |   1    0x09a  |   1   0x09a  |   0     0     0
#    101959 |   1    0x09a  |   0   0x09a  |   0     0     0
# [102021] ERROR: Read with empty scoreboard!
# ** Error: Assertion error.
#    Time: 102021 ns  Scope: test_NtnuTfe4171Lab1Fifo.scoreBoardPopAndCheck File: ./tb/test_NtnuTfe4171Lab1Fifo.sv Line: 75
# [102021] MISMATCH: expected=0xx actual=0x9a
# ** Error: Assertion error.
#    Time: 102021 ns  Scope: test_NtnuTfe4171Lab1Fifo.scoreBoardPopAndCheck File: ./tb/test_NtnuTfe4171Lab1Fifo.sv Line: 85
#    102021 |   1    0x09a  |   1   0x09a  |   0     0     0
#    102083 |   1    0x09a  |   0   0x09a  |   0     0     0
# [102145] ERROR: Read with empty scoreboard!
# ** Error: Assertion error.
#    Time: 102145 ns  Scope: test_NtnuTfe4171Lab1Fifo.scoreBoardPopAndCheck File: ./tb/test_NtnuTfe4171Lab1Fifo.sv Line: 75
# [102145] MISMATCH: expected=0xx actual=0x9a
# ** Error: Assertion error.
#    Time: 102145 ns  Scope: test_NtnuTfe4171Lab1Fifo.scoreBoardPopAndCheck File: ./tb/test_NtnuTfe4171Lab1Fifo.sv Line: 85
#    102145 |   1    0x09a  |   1   0x09a  |   0     0     0
#    102207 |   1    0x09a  |   0   0x09a  |   0     0     0
# [102269] ERROR: Read with empty scoreboard!
# ** Error: Assertion error.
#    Time: 102269 ns  Scope: test_NtnuTfe4171Lab1Fifo.scoreBoardPopAndCheck File: ./tb/test_NtnuTfe4171Lab1Fifo.sv Line: 75
# [102269] MISMATCH: expected=0xx actual=0x9a
# ** Error: Assertion error.
#    Time: 102269 ns  Scope: test_NtnuTfe4171Lab1Fifo.scoreBoardPopAndCheck File: ./tb/test_NtnuTfe4171Lab1Fifo.sv Line: 85
#    102269 |   1    0x09a  |   1   0x09a  |   0     0     0
#    102331 |   1    0x09a  |   0   0x09a  |   0     0     0
# [102393] ERROR: Read with empty scoreboard!
# ** Error: Assertion error.
#    Time: 102393 ns  Scope: test_NtnuTfe4171Lab1Fifo.scoreBoardPopAndCheck File: ./tb/test_NtnuTfe4171Lab1Fifo.sv Line: 75
# [102393] MISMATCH: expected=0xx actual=0x9a
# ** Error: Assertion error.
#    Time: 102393 ns  Scope: test_NtnuTfe4171Lab1Fifo.scoreBoardPopAndCheck File: ./tb/test_NtnuTfe4171Lab1Fifo.sv Line: 85
#    102393 |   1    0x09a  |   1   0x09a  |   0     0     0
#    102455 |   1    0x09a  |   0   0x09a  |   0     0     0
# [102517] ERROR: Read with empty scoreboard!
# ** Error: Assertion error.
#    Time: 102517 ns  Scope: test_NtnuTfe4171Lab1Fifo.scoreBoardPopAndCheck File: ./tb/test_NtnuTfe4171Lab1Fifo.sv Line: 75
# [102517] MISMATCH: expected=0xx actual=0x9a
# ** Error: Assertion error.
#    Time: 102517 ns  Scope: test_NtnuTfe4171Lab1Fifo.scoreBoardPopAndCheck File: ./tb/test_NtnuTfe4171Lab1Fifo.sv Line: 85
#    102517 |   1    0x09a  |   1   0x09a  |   0     0     0
#    102579 |   1    0x09a  |   0   0x09a  |   0     0     0
# [102641] ERROR: Read with empty scoreboard!
# ** Error: Assertion error.
#    Time: 102641 ns  Scope: test_NtnuTfe4171Lab1Fifo.scoreBoardPopAndCheck File: ./tb/test_NtnuTfe4171Lab1Fifo.sv Line: 75
# [102641] MISMATCH: expected=0xx actual=0x9a
# ** Error: Assertion error.
#    Time: 102641 ns  Scope: test_NtnuTfe4171Lab1Fifo.scoreBoardPopAndCheck File: ./tb/test_NtnuTfe4171Lab1Fifo.sv Line: 85
#    102641 |   1    0x09a  |   1   0x09a  |   0     0     0
#    102703 |   1    0x09a  |   0   0x09a  |   0     0     0
# [102765] ERROR: Read with empty scoreboard!
# ** Error: Assertion error.
#    Time: 102765 ns  Scope: test_NtnuTfe4171Lab1Fifo.scoreBoardPopAndCheck File: ./tb/test_NtnuTfe4171Lab1Fifo.sv Line: 75
# [102765] MISMATCH: expected=0xx actual=0x9a
# ** Error: Assertion error.
#    Time: 102765 ns  Scope: test_NtnuTfe4171Lab1Fifo.scoreBoardPopAndCheck File: ./tb/test_NtnuTfe4171Lab1Fifo.sv Line: 85
#    102765 |   1    0x09a  |   1   0x09a  |   0     0     0
#    102827 |   1    0x09a  |   0   0x09a  |   0     0     0
# [102889] ERROR: Read with empty scoreboard!
# ** Error: Assertion error.
#    Time: 102889 ns  Scope: test_NtnuTfe4171Lab1Fifo.scoreBoardPopAndCheck File: ./tb/test_NtnuTfe4171Lab1Fifo.sv Line: 75
# [102889] MISMATCH: expected=0xx actual=0x9a
# ** Error: Assertion error.
#    Time: 102889 ns  Scope: test_NtnuTfe4171Lab1Fifo.scoreBoardPopAndCheck File: ./tb/test_NtnuTfe4171Lab1Fifo.sv Line: 85
#    102889 |   1    0x09a  |   1   0x09a  |   0     0     0
#    102951 |   1    0x09a  |   0   0x09a  |   0     0     0
# [103013] ERROR: Read with empty scoreboard!
# ** Error: Assertion error.
#    Time: 103013 ns  Scope: test_NtnuTfe4171Lab1Fifo.scoreBoardPopAndCheck File: ./tb/test_NtnuTfe4171Lab1Fifo.sv Line: 75
# [103013] MISMATCH: expected=0xx actual=0x9a
# ** Error: Assertion error.
#    Time: 103013 ns  Scope: test_NtnuTfe4171Lab1Fifo.scoreBoardPopAndCheck File: ./tb/test_NtnuTfe4171Lab1Fifo.sv Line: 85
#    103013 |   1    0x09a  |   1   0x09a  |   0     0     0
#    103075 |   1    0x09a  |   0   0x09a  |   0     0     0
# [103137] ERROR: Read with empty scoreboard!
# ** Error: Assertion error.
#    Time: 103137 ns  Scope: test_NtnuTfe4171Lab1Fifo.scoreBoardPopAndCheck File: ./tb/test_NtnuTfe4171Lab1Fifo.sv Line: 75
# [103137] MISMATCH: expected=0xx actual=0x9a
# ** Error: Assertion error.
#    Time: 103137 ns  Scope: test_NtnuTfe4171Lab1Fifo.scoreBoardPopAndCheck File: ./tb/test_NtnuTfe4171Lab1Fifo.sv Line: 85
#    103137 |   1    0x09a  |   1   0x09a  |   0     0     0
#    103199 |   1    0x09a  |   0   0x09a  |   0     0     0
# [103261] ERROR: Read with empty scoreboard!
# ** Error: Assertion error.
#    Time: 103261 ns  Scope: test_NtnuTfe4171Lab1Fifo.scoreBoardPopAndCheck File: ./tb/test_NtnuTfe4171Lab1Fifo.sv Line: 75
# [103261] MISMATCH: expected=0xx actual=0x9a
# ** Error: Assertion error.
#    Time: 103261 ns  Scope: test_NtnuTfe4171Lab1Fifo.scoreBoardPopAndCheck File: ./tb/test_NtnuTfe4171Lab1Fifo.sv Line: 85
#    103261 |   1    0x09a  |   1   0x09a  |   0     0     0
#    103323 |   1    0x09a  |   0   0x09a  |   0     0     0
# [103385] ERROR: Read with empty scoreboard!
# ** Error: Assertion error.
#    Time: 103385 ns  Scope: test_NtnuTfe4171Lab1Fifo.scoreBoardPopAndCheck File: ./tb/test_NtnuTfe4171Lab1Fifo.sv Line: 75
# [103385] MISMATCH: expected=0xx actual=0x9a
# ** Error: Assertion error.
#    Time: 103385 ns  Scope: test_NtnuTfe4171Lab1Fifo.scoreBoardPopAndCheck File: ./tb/test_NtnuTfe4171Lab1Fifo.sv Line: 85
#    103385 |   1    0x09a  |   1   0x09a  |   0     0     0
#    103447 |   1    0x09a  |   0   0x09a  |   0     0     0
# [103509] ERROR: Read with empty scoreboard!
# ** Error: Assertion error.
#    Time: 103509 ns  Scope: test_NtnuTfe4171Lab1Fifo.scoreBoardPopAndCheck File: ./tb/test_NtnuTfe4171Lab1Fifo.sv Line: 75
# [103509] MISMATCH: expected=0xx actual=0x9a
# ** Error: Assertion error.
#    Time: 103509 ns  Scope: test_NtnuTfe4171Lab1Fifo.scoreBoardPopAndCheck File: ./tb/test_NtnuTfe4171Lab1Fifo.sv Line: 85
#    103509 |   1    0x09a  |   1   0x09a  |   0     0     0
#    103571 |   1    0x09a  |   0   0x09a  |   0     0     0
# [103633] ERROR: Read with empty scoreboard!
# ** Error: Assertion error.
#    Time: 103633 ns  Scope: test_NtnuTfe4171Lab1Fifo.scoreBoardPopAndCheck File: ./tb/test_NtnuTfe4171Lab1Fifo.sv Line: 75
# [103633] MISMATCH: expected=0xx actual=0x9a
# ** Error: Assertion error.
#    Time: 103633 ns  Scope: test_NtnuTfe4171Lab1Fifo.scoreBoardPopAndCheck File: ./tb/test_NtnuTfe4171Lab1Fifo.sv Line: 85
#    103633 |   1    0x09a  |   1   0x09a  |   0     0     0
#    103695 |   1    0x09a  |   0   0x09a  |   0     0     0
# [103757] ERROR: Read with empty scoreboard!
# ** Error: Assertion error.
#    Time: 103757 ns  Scope: test_NtnuTfe4171Lab1Fifo.scoreBoardPopAndCheck File: ./tb/test_NtnuTfe4171Lab1Fifo.sv Line: 75
# [103757] MISMATCH: expected=0xx actual=0x9a
# ** Error: Assertion error.
#    Time: 103757 ns  Scope: test_NtnuTfe4171Lab1Fifo.scoreBoardPopAndCheck File: ./tb/test_NtnuTfe4171Lab1Fifo.sv Line: 85
#    103757 |   1    0x09a  |   1   0x09a  |   0     0     0
#    103819 |   1    0x09a  |   0   0x09a  |   0     0     0
# [103881] ERROR: Read with empty scoreboard!
# ** Error: Assertion error.
#    Time: 103881 ns  Scope: test_NtnuTfe4171Lab1Fifo.scoreBoardPopAndCheck File: ./tb/test_NtnuTfe4171Lab1Fifo.sv Line: 75
# [103881] MISMATCH: expected=0xx actual=0x9a
# ** Error: Assertion error.
#    Time: 103881 ns  Scope: test_NtnuTfe4171Lab1Fifo.scoreBoardPopAndCheck File: ./tb/test_NtnuTfe4171Lab1Fifo.sv Line: 85
#    103881 |   1    0x09a  |   1   0x09a  |   0     0     0
#    103943 |   1    0x09a  |   0   0x09a  |   0     0     0
# [104005] ERROR: Read with empty scoreboard!
# ** Error: Assertion error.
#    Time: 104005 ns  Scope: test_NtnuTfe4171Lab1Fifo.scoreBoardPopAndCheck File: ./tb/test_NtnuTfe4171Lab1Fifo.sv Line: 75
# [104005] MISMATCH: expected=0xx actual=0x9a
# ** Error: Assertion error.
#    Time: 104005 ns  Scope: test_NtnuTfe4171Lab1Fifo.scoreBoardPopAndCheck File: ./tb/test_NtnuTfe4171Lab1Fifo.sv Line: 85
#    104005 |   1    0x09a  |   1   0x09a  |   0     0     0
#    104067 |   1    0x09a  |   0   0x09a  |   0     0     0
# [104129] ERROR: Read with empty scoreboard!
# ** Error: Assertion error.
#    Time: 104129 ns  Scope: test_NtnuTfe4171Lab1Fifo.scoreBoardPopAndCheck File: ./tb/test_NtnuTfe4171Lab1Fifo.sv Line: 75
# [104129] MISMATCH: expected=0xx actual=0x9a
# ** Error: Assertion error.
#    Time: 104129 ns  Scope: test_NtnuTfe4171Lab1Fifo.scoreBoardPopAndCheck File: ./tb/test_NtnuTfe4171Lab1Fifo.sv Line: 85
#    104129 |   1    0x09a  |   1   0x09a  |   0     0     0
#    104191 |   1    0x09a  |   0   0x09a  |   0     0     0
# [104253] ERROR: Read with empty scoreboard!
# ** Error: Assertion error.
#    Time: 104253 ns  Scope: test_NtnuTfe4171Lab1Fifo.scoreBoardPopAndCheck File: ./tb/test_NtnuTfe4171Lab1Fifo.sv Line: 75
# [104253] MISMATCH: expected=0xx actual=0x9a
# ** Error: Assertion error.
#    Time: 104253 ns  Scope: test_NtnuTfe4171Lab1Fifo.scoreBoardPopAndCheck File: ./tb/test_NtnuTfe4171Lab1Fifo.sv Line: 85
#    104253 |   1    0x09a  |   1   0x09a  |   0     0     0
#    104315 |   1    0x09a  |   0   0x09a  |   0     0     0
# [104377] ERROR: Read with empty scoreboard!
# ** Error: Assertion error.
#    Time: 104377 ns  Scope: test_NtnuTfe4171Lab1Fifo.scoreBoardPopAndCheck File: ./tb/test_NtnuTfe4171Lab1Fifo.sv Line: 75
# [104377] MISMATCH: expected=0xx actual=0x9a
# ** Error: Assertion error.
#    Time: 104377 ns  Scope: test_NtnuTfe4171Lab1Fifo.scoreBoardPopAndCheck File: ./tb/test_NtnuTfe4171Lab1Fifo.sv Line: 85
#    104377 |   1    0x09a  |   1   0x09a  |   0     0     0
#    104439 |   1    0x09a  |   0   0x09a  |   0     0     0
# [104501] ERROR: Read with empty scoreboard!
# ** Error: Assertion error.
#    Time: 104501 ns  Scope: test_NtnuTfe4171Lab1Fifo.scoreBoardPopAndCheck File: ./tb/test_NtnuTfe4171Lab1Fifo.sv Line: 75
# [104501] MISMATCH: expected=0xx actual=0x9a
# ** Error: Assertion error.
#    Time: 104501 ns  Scope: test_NtnuTfe4171Lab1Fifo.scoreBoardPopAndCheck File: ./tb/test_NtnuTfe4171Lab1Fifo.sv Line: 85
#    104501 |   1    0x09a  |   1   0x09a  |   0     0     0
#    104563 |   1    0x09a  |   0   0x09a  |   0     0     0
# [104625] ERROR: Read with empty scoreboard!
# ** Error: Assertion error.
#    Time: 104625 ns  Scope: test_NtnuTfe4171Lab1Fifo.scoreBoardPopAndCheck File: ./tb/test_NtnuTfe4171Lab1Fifo.sv Line: 75
# [104625] MISMATCH: expected=0xx actual=0x9a
# ** Error: Assertion error.
#    Time: 104625 ns  Scope: test_NtnuTfe4171Lab1Fifo.scoreBoardPopAndCheck File: ./tb/test_NtnuTfe4171Lab1Fifo.sv Line: 85
#    104625 |   1    0x09a  |   1   0x09a  |   0     0     0
#    104687 |   1    0x09a  |   0   0x09a  |   0     0     0
# [104749] ERROR: Read with empty scoreboard!
# ** Error: Assertion error.
#    Time: 104749 ns  Scope: test_NtnuTfe4171Lab1Fifo.scoreBoardPopAndCheck File: ./tb/test_NtnuTfe4171Lab1Fifo.sv Line: 75
# [104749] MISMATCH: expected=0xx actual=0x9a
# ** Error: Assertion error.
#    Time: 104749 ns  Scope: test_NtnuTfe4171Lab1Fifo.scoreBoardPopAndCheck File: ./tb/test_NtnuTfe4171Lab1Fifo.sv Line: 85
#    104749 |   1    0x09a  |   1   0x09a  |   0     0     0
#    104811 |   1    0x09a  |   0   0x09a  |   0     0     0
# [104873] ERROR: Read with empty scoreboard!
# ** Error: Assertion error.
#    Time: 104873 ns  Scope: test_NtnuTfe4171Lab1Fifo.scoreBoardPopAndCheck File: ./tb/test_NtnuTfe4171Lab1Fifo.sv Line: 75
# [104873] MISMATCH: expected=0xx actual=0x9a
# ** Error: Assertion error.
#    Time: 104873 ns  Scope: test_NtnuTfe4171Lab1Fifo.scoreBoardPopAndCheck File: ./tb/test_NtnuTfe4171Lab1Fifo.sv Line: 85
#    104873 |   1    0x09a  |   1   0x09a  |   0     0     0
#    104935 |   1    0x09a  |   0   0x09a  |   0     0     0
# [104997] ERROR: Read with empty scoreboard!
# ** Error: Assertion error.
#    Time: 104997 ns  Scope: test_NtnuTfe4171Lab1Fifo.scoreBoardPopAndCheck File: ./tb/test_NtnuTfe4171Lab1Fifo.sv Line: 75
# [104997] MISMATCH: expected=0xx actual=0x9a
# ** Error: Assertion error.
#    Time: 104997 ns  Scope: test_NtnuTfe4171Lab1Fifo.scoreBoardPopAndCheck File: ./tb/test_NtnuTfe4171Lab1Fifo.sv Line: 85
#    104997 |   1    0x09a  |   1   0x09a  |   0     0     0
#    105059 |   1    0x09a  |   0   0x09a  |   0     0     0
# [105121] ERROR: Read with empty scoreboard!
# ** Error: Assertion error.
#    Time: 105121 ns  Scope: test_NtnuTfe4171Lab1Fifo.scoreBoardPopAndCheck File: ./tb/test_NtnuTfe4171Lab1Fifo.sv Line: 75
# [105121] MISMATCH: expected=0xx actual=0x9a
# ** Error: Assertion error.
#    Time: 105121 ns  Scope: test_NtnuTfe4171Lab1Fifo.scoreBoardPopAndCheck File: ./tb/test_NtnuTfe4171Lab1Fifo.sv Line: 85
#    105121 |   1    0x09a  |   1   0x09a  |   0     0     0
#    105183 |   1    0x09a  |   0   0x09a  |   0     0     0
# [105245] ERROR: Read with empty scoreboard!
# ** Error: Assertion error.
#    Time: 105245 ns  Scope: test_NtnuTfe4171Lab1Fifo.scoreBoardPopAndCheck File: ./tb/test_NtnuTfe4171Lab1Fifo.sv Line: 75
# [105245] MISMATCH: expected=0xx actual=0x9a
# ** Error: Assertion error.
#    Time: 105245 ns  Scope: test_NtnuTfe4171Lab1Fifo.scoreBoardPopAndCheck File: ./tb/test_NtnuTfe4171Lab1Fifo.sv Line: 85
#    105245 |   1    0x09a  |   1   0x09a  |   0     0     0
#    105307 |   1    0x09a  |   0   0x09a  |   0     0     0
# [105369] ERROR: Read with empty scoreboard!
# ** Error: Assertion error.
#    Time: 105369 ns  Scope: test_NtnuTfe4171Lab1Fifo.scoreBoardPopAndCheck File: ./tb/test_NtnuTfe4171Lab1Fifo.sv Line: 75
# [105369] MISMATCH: expected=0xx actual=0x9a
# ** Error: Assertion error.
#    Time: 105369 ns  Scope: test_NtnuTfe4171Lab1Fifo.scoreBoardPopAndCheck File: ./tb/test_NtnuTfe4171Lab1Fifo.sv Line: 85
#    105369 |   1    0x09a  |   1   0x09a  |   1     0     0
#    105431 |   1    0x09a  |   0   0x09a  |   0     0     0
# [105493] ERROR: Read with empty scoreboard!
# ** Error: Assertion error.
#    Time: 105493 ns  Scope: test_NtnuTfe4171Lab1Fifo.scoreBoardPopAndCheck File: ./tb/test_NtnuTfe4171Lab1Fifo.sv Line: 75
# [105493] MISMATCH: expected=0xx actual=0x9a
# ** Error: Assertion error.
#    Time: 105493 ns  Scope: test_NtnuTfe4171Lab1Fifo.scoreBoardPopAndCheck File: ./tb/test_NtnuTfe4171Lab1Fifo.sv Line: 85
#    105493 |   1    0x09a  |   1   0x09a  |   1     0     0
#    105555 |   1    0x09a  |   0   0x09a  |   0     0     0
# [105617] ERROR: Read with empty scoreboard!
# ** Error: Assertion error.
#    Time: 105617 ns  Scope: test_NtnuTfe4171Lab1Fifo.scoreBoardPopAndCheck File: ./tb/test_NtnuTfe4171Lab1Fifo.sv Line: 75
# [105617] MISMATCH: expected=0xx actual=0x9a
# ** Error: Assertion error.
#    Time: 105617 ns  Scope: test_NtnuTfe4171Lab1Fifo.scoreBoardPopAndCheck File: ./tb/test_NtnuTfe4171Lab1Fifo.sv Line: 85
#    105617 |   1    0x09a  |   1   0x09a  |   0     0     0
#    105679 |   1    0x09a  |   0   0x09a  |   0     0     0
# [105741] ERROR: Read with empty scoreboard!
# ** Error: Assertion error.
#    Time: 105741 ns  Scope: test_NtnuTfe4171Lab1Fifo.scoreBoardPopAndCheck File: ./tb/test_NtnuTfe4171Lab1Fifo.sv Line: 75
# [105741] MISMATCH: expected=0xx actual=0x9a
# ** Error: Assertion error.
#    Time: 105741 ns  Scope: test_NtnuTfe4171Lab1Fifo.scoreBoardPopAndCheck File: ./tb/test_NtnuTfe4171Lab1Fifo.sv Line: 85
#    105741 |   1    0x09a  |   1   0x09a  |   0     0     0
#    105803 |   1    0x09a  |   0   0x09a  |   0     0     0
# [105865] ERROR: Read with empty scoreboard!
# ** Error: Assertion error.
#    Time: 105865 ns  Scope: test_NtnuTfe4171Lab1Fifo.scoreBoardPopAndCheck File: ./tb/test_NtnuTfe4171Lab1Fifo.sv Line: 75
# [105865] MISMATCH: expected=0xx actual=0x9a
# ** Error: Assertion error.
#    Time: 105865 ns  Scope: test_NtnuTfe4171Lab1Fifo.scoreBoardPopAndCheck File: ./tb/test_NtnuTfe4171Lab1Fifo.sv Line: 85
#    105865 |   1    0x09a  |   1   0x09a  |   0     0     0
#    105927 |   1    0x09a  |   0   0x09a  |   0     0     0
# [105989] ERROR: Read with empty scoreboard!
# ** Error: Assertion error.
#    Time: 105989 ns  Scope: test_NtnuTfe4171Lab1Fifo.scoreBoardPopAndCheck File: ./tb/test_NtnuTfe4171Lab1Fifo.sv Line: 75
# [105989] MISMATCH: expected=0xx actual=0x9a
# ** Error: Assertion error.
#    Time: 105989 ns  Scope: test_NtnuTfe4171Lab1Fifo.scoreBoardPopAndCheck File: ./tb/test_NtnuTfe4171Lab1Fifo.sv Line: 85
#    105989 |   1    0x09a  |   1   0x09a  |   0     0     0
#    106051 |   1    0x09a  |   0   0x09a  |   0     0     0
# [106113] ERROR: Read with empty scoreboard!
# ** Error: Assertion error.
#    Time: 106113 ns  Scope: test_NtnuTfe4171Lab1Fifo.scoreBoardPopAndCheck File: ./tb/test_NtnuTfe4171Lab1Fifo.sv Line: 75
# [106113] MISMATCH: expected=0xx actual=0x9a
# ** Error: Assertion error.
#    Time: 106113 ns  Scope: test_NtnuTfe4171Lab1Fifo.scoreBoardPopAndCheck File: ./tb/test_NtnuTfe4171Lab1Fifo.sv Line: 85
#    106113 |   1    0x09a  |   1   0x09a  |   0     0     0
#    106175 |   1    0x09a  |   0   0x09a  |   0     0     0
# [106237] ERROR: Read with empty scoreboard!
# ** Error: Assertion error.
#    Time: 106237 ns  Scope: test_NtnuTfe4171Lab1Fifo.scoreBoardPopAndCheck File: ./tb/test_NtnuTfe4171Lab1Fifo.sv Line: 75
# [106237] MISMATCH: expected=0xx actual=0x9a
# ** Error: Assertion error.
#    Time: 106237 ns  Scope: test_NtnuTfe4171Lab1Fifo.scoreBoardPopAndCheck File: ./tb/test_NtnuTfe4171Lab1Fifo.sv Line: 85
#    106237 |   1    0x09a  |   1   0x09a  |   0     0     0
#    106299 |   1    0x09a  |   0   0x09a  |   0     0     0
# [106361] ERROR: Read with empty scoreboard!
# ** Error: Assertion error.
#    Time: 106361 ns  Scope: test_NtnuTfe4171Lab1Fifo.scoreBoardPopAndCheck File: ./tb/test_NtnuTfe4171Lab1Fifo.sv Line: 75
# [106361] MISMATCH: expected=0xx actual=0x9a
# ** Error: Assertion error.
#    Time: 106361 ns  Scope: test_NtnuTfe4171Lab1Fifo.scoreBoardPopAndCheck File: ./tb/test_NtnuTfe4171Lab1Fifo.sv Line: 85
#    106361 |   1    0x09a  |   1   0x09a  |   0     0     0
#    106423 |   1    0x09a  |   0   0x09a  |   0     0     0
# [106485] ERROR: Read with empty scoreboard!
# ** Error: Assertion error.
#    Time: 106485 ns  Scope: test_NtnuTfe4171Lab1Fifo.scoreBoardPopAndCheck File: ./tb/test_NtnuTfe4171Lab1Fifo.sv Line: 75
# [106485] MISMATCH: expected=0xx actual=0x9a
# ** Error: Assertion error.
#    Time: 106485 ns  Scope: test_NtnuTfe4171Lab1Fifo.scoreBoardPopAndCheck File: ./tb/test_NtnuTfe4171Lab1Fifo.sv Line: 85
#    106485 |   1    0x09a  |   1   0x09a  |   0     0     0
#    106547 |   1    0x09a  |   0   0x09a  |   0     0     0
# [106609] ERROR: Read with empty scoreboard!
# ** Error: Assertion error.
#    Time: 106609 ns  Scope: test_NtnuTfe4171Lab1Fifo.scoreBoardPopAndCheck File: ./tb/test_NtnuTfe4171Lab1Fifo.sv Line: 75
# [106609] MISMATCH: expected=0xx actual=0x9a
# ** Error: Assertion error.
#    Time: 106609 ns  Scope: test_NtnuTfe4171Lab1Fifo.scoreBoardPopAndCheck File: ./tb/test_NtnuTfe4171Lab1Fifo.sv Line: 85
#    106609 |   1    0x09a  |   1   0x09a  |   0     0     0
#    106671 |   1    0x09a  |   0   0x09a  |   0     0     0
# [106733] ERROR: Read with empty scoreboard!
# ** Error: Assertion error.
#    Time: 106733 ns  Scope: test_NtnuTfe4171Lab1Fifo.scoreBoardPopAndCheck File: ./tb/test_NtnuTfe4171Lab1Fifo.sv Line: 75
# [106733] MISMATCH: expected=0xx actual=0x9a
# ** Error: Assertion error.
#    Time: 106733 ns  Scope: test_NtnuTfe4171Lab1Fifo.scoreBoardPopAndCheck File: ./tb/test_NtnuTfe4171Lab1Fifo.sv Line: 85
#    106733 |   1    0x09a  |   1   0x09a  |   0     0     0
#    106795 |   1    0x09a  |   0   0x09a  |   0     0     0
# [106857] ERROR: Read with empty scoreboard!
# ** Error: Assertion error.
#    Time: 106857 ns  Scope: test_NtnuTfe4171Lab1Fifo.scoreBoardPopAndCheck File: ./tb/test_NtnuTfe4171Lab1Fifo.sv Line: 75
# [106857] MISMATCH: expected=0xx actual=0x9a
# ** Error: Assertion error.
#    Time: 106857 ns  Scope: test_NtnuTfe4171Lab1Fifo.scoreBoardPopAndCheck File: ./tb/test_NtnuTfe4171Lab1Fifo.sv Line: 85
#    106857 |   1    0x09a  |   1   0x09a  |   0     0     0
#    106919 |   1    0x09a  |   0   0x09a  |   0     0     0
# [106981] ERROR: Read with empty scoreboard!
# ** Error: Assertion error.
#    Time: 106981 ns  Scope: test_NtnuTfe4171Lab1Fifo.scoreBoardPopAndCheck File: ./tb/test_NtnuTfe4171Lab1Fifo.sv Line: 75
# [106981] MISMATCH: expected=0xx actual=0x9a
# ** Error: Assertion error.
#    Time: 106981 ns  Scope: test_NtnuTfe4171Lab1Fifo.scoreBoardPopAndCheck File: ./tb/test_NtnuTfe4171Lab1Fifo.sv Line: 85
#    106981 |   1    0x09a  |   1   0x09a  |   0     0     0
#    107043 |   1    0x09a  |   0   0x09a  |   0     0     0
# [107105] ERROR: Read with empty scoreboard!
# ** Error: Assertion error.
#    Time: 107105 ns  Scope: test_NtnuTfe4171Lab1Fifo.scoreBoardPopAndCheck File: ./tb/test_NtnuTfe4171Lab1Fifo.sv Line: 75
# [107105] MISMATCH: expected=0xx actual=0x9a
# ** Error: Assertion error.
#    Time: 107105 ns  Scope: test_NtnuTfe4171Lab1Fifo.scoreBoardPopAndCheck File: ./tb/test_NtnuTfe4171Lab1Fifo.sv Line: 85
#    107105 |   1    0x09a  |   1   0x09a  |   0     0     0
#    107167 |   1    0x09a  |   0   0x09a  |   0     0     0
# [107229] ERROR: Read with empty scoreboard!
# ** Error: Assertion error.
#    Time: 107229 ns  Scope: test_NtnuTfe4171Lab1Fifo.scoreBoardPopAndCheck File: ./tb/test_NtnuTfe4171Lab1Fifo.sv Line: 75
# [107229] MISMATCH: expected=0xx actual=0x9a
# ** Error: Assertion error.
#    Time: 107229 ns  Scope: test_NtnuTfe4171Lab1Fifo.scoreBoardPopAndCheck File: ./tb/test_NtnuTfe4171Lab1Fifo.sv Line: 85
#    107229 |   1    0x09a  |   1   0x09a  |   0     0     0
#    107291 |   1    0x09a  |   0   0x09a  |   0     0     0
# [107353] ERROR: Read with empty scoreboard!
# ** Error: Assertion error.
#    Time: 107353 ns  Scope: test_NtnuTfe4171Lab1Fifo.scoreBoardPopAndCheck File: ./tb/test_NtnuTfe4171Lab1Fifo.sv Line: 75
# [107353] MISMATCH: expected=0xx actual=0x9a
# ** Error: Assertion error.
#    Time: 107353 ns  Scope: test_NtnuTfe4171Lab1Fifo.scoreBoardPopAndCheck File: ./tb/test_NtnuTfe4171Lab1Fifo.sv Line: 85
#    107353 |   1    0x09a  |   1   0x09a  |   0     0     0
#    107415 |   1    0x09a  |   0   0x09a  |   0     0     0
# [107477] ERROR: Read with empty scoreboard!
# ** Error: Assertion error.
#    Time: 107477 ns  Scope: test_NtnuTfe4171Lab1Fifo.scoreBoardPopAndCheck File: ./tb/test_NtnuTfe4171Lab1Fifo.sv Line: 75
# [107477] MISMATCH: expected=0xx actual=0x9a
# ** Error: Assertion error.
#    Time: 107477 ns  Scope: test_NtnuTfe4171Lab1Fifo.scoreBoardPopAndCheck File: ./tb/test_NtnuTfe4171Lab1Fifo.sv Line: 85
#    107477 |   1    0x09a  |   1   0x09a  |   0     0     0
#    107539 |   1    0x09a  |   0   0x09a  |   0     0     0
# [107601] ERROR: Read with empty scoreboard!
# ** Error: Assertion error.
#    Time: 107601 ns  Scope: test_NtnuTfe4171Lab1Fifo.scoreBoardPopAndCheck File: ./tb/test_NtnuTfe4171Lab1Fifo.sv Line: 75
# [107601] MISMATCH: expected=0xx actual=0x9a
# ** Error: Assertion error.
#    Time: 107601 ns  Scope: test_NtnuTfe4171Lab1Fifo.scoreBoardPopAndCheck File: ./tb/test_NtnuTfe4171Lab1Fifo.sv Line: 85
#    107601 |   1    0x09a  |   1   0x09a  |   0     0     0
#    107663 |   1    0x09a  |   0   0x09a  |   0     0     0
# [107725] ERROR: Read with empty scoreboard!
# ** Error: Assertion error.
#    Time: 107725 ns  Scope: test_NtnuTfe4171Lab1Fifo.scoreBoardPopAndCheck File: ./tb/test_NtnuTfe4171Lab1Fifo.sv Line: 75
# [107725] MISMATCH: expected=0xx actual=0x9a
# ** Error: Assertion error.
#    Time: 107725 ns  Scope: test_NtnuTfe4171Lab1Fifo.scoreBoardPopAndCheck File: ./tb/test_NtnuTfe4171Lab1Fifo.sv Line: 85
#    107725 |   1    0x09a  |   1   0x09a  |   0     0     0
#    107787 |   1    0x09a  |   0   0x09a  |   0     0     0
# [107849] ERROR: Read with empty scoreboard!
# ** Error: Assertion error.
#    Time: 107849 ns  Scope: test_NtnuTfe4171Lab1Fifo.scoreBoardPopAndCheck File: ./tb/test_NtnuTfe4171Lab1Fifo.sv Line: 75
# [107849] MISMATCH: expected=0xx actual=0x9a
# ** Error: Assertion error.
#    Time: 107849 ns  Scope: test_NtnuTfe4171Lab1Fifo.scoreBoardPopAndCheck File: ./tb/test_NtnuTfe4171Lab1Fifo.sv Line: 85
#    107849 |   1    0x09a  |   1   0x09a  |   0     0     0
#    107911 |   1    0x09a  |   0   0x09a  |   0     0     0
# [107973] ERROR: Read with empty scoreboard!
# ** Error: Assertion error.
#    Time: 107973 ns  Scope: test_NtnuTfe4171Lab1Fifo.scoreBoardPopAndCheck File: ./tb/test_NtnuTfe4171Lab1Fifo.sv Line: 75
# [107973] MISMATCH: expected=0xx actual=0x9a
# ** Error: Assertion error.
#    Time: 107973 ns  Scope: test_NtnuTfe4171Lab1Fifo.scoreBoardPopAndCheck File: ./tb/test_NtnuTfe4171Lab1Fifo.sv Line: 85
#    107973 |   1    0x09a  |   1   0x09a  |   0     0     0
#    108035 |   1    0x09a  |   0   0x09a  |   0     0     0
# [108097] ERROR: Read with empty scoreboard!
# ** Error: Assertion error.
#    Time: 108097 ns  Scope: test_NtnuTfe4171Lab1Fifo.scoreBoardPopAndCheck File: ./tb/test_NtnuTfe4171Lab1Fifo.sv Line: 75
# [108097] MISMATCH: expected=0xx actual=0x9a
# ** Error: Assertion error.
#    Time: 108097 ns  Scope: test_NtnuTfe4171Lab1Fifo.scoreBoardPopAndCheck File: ./tb/test_NtnuTfe4171Lab1Fifo.sv Line: 85
#    108097 |   1    0x09a  |   1   0x09a  |   0     0     0
#    108159 |   1    0x09a  |   0   0x09a  |   0     0     0
# [108221] ERROR: Read with empty scoreboard!
# ** Error: Assertion error.
#    Time: 108221 ns  Scope: test_NtnuTfe4171Lab1Fifo.scoreBoardPopAndCheck File: ./tb/test_NtnuTfe4171Lab1Fifo.sv Line: 75
# [108221] MISMATCH: expected=0xx actual=0x9a
# ** Error: Assertion error.
#    Time: 108221 ns  Scope: test_NtnuTfe4171Lab1Fifo.scoreBoardPopAndCheck File: ./tb/test_NtnuTfe4171Lab1Fifo.sv Line: 85
#    108221 |   1    0x09a  |   1   0x09a  |   0     0     0
#    108283 |   1    0x09a  |   0   0x09a  |   0     0     0
# [108345] ERROR: Read with empty scoreboard!
# ** Error: Assertion error.
#    Time: 108345 ns  Scope: test_NtnuTfe4171Lab1Fifo.scoreBoardPopAndCheck File: ./tb/test_NtnuTfe4171Lab1Fifo.sv Line: 75
# [108345] MISMATCH: expected=0xx actual=0x9a
# ** Error: Assertion error.
#    Time: 108345 ns  Scope: test_NtnuTfe4171Lab1Fifo.scoreBoardPopAndCheck File: ./tb/test_NtnuTfe4171Lab1Fifo.sv Line: 85
#    108345 |   1    0x09a  |   1   0x09a  |   0     0     0
#    108407 |   1    0x09a  |   0   0x09a  |   0     0     0
# [108469] ERROR: Read with empty scoreboard!
# ** Error: Assertion error.
#    Time: 108469 ns  Scope: test_NtnuTfe4171Lab1Fifo.scoreBoardPopAndCheck File: ./tb/test_NtnuTfe4171Lab1Fifo.sv Line: 75
# [108469] MISMATCH: expected=0xx actual=0x9a
# ** Error: Assertion error.
#    Time: 108469 ns  Scope: test_NtnuTfe4171Lab1Fifo.scoreBoardPopAndCheck File: ./tb/test_NtnuTfe4171Lab1Fifo.sv Line: 85
#    108469 |   1    0x09a  |   1   0x09a  |   0     0     0
#    108531 |   1    0x09a  |   0   0x09a  |   0     0     0
# [108593] ERROR: Read with empty scoreboard!
# ** Error: Assertion error.
#    Time: 108593 ns  Scope: test_NtnuTfe4171Lab1Fifo.scoreBoardPopAndCheck File: ./tb/test_NtnuTfe4171Lab1Fifo.sv Line: 75
# [108593] MISMATCH: expected=0xx actual=0x9a
# ** Error: Assertion error.
#    Time: 108593 ns  Scope: test_NtnuTfe4171Lab1Fifo.scoreBoardPopAndCheck File: ./tb/test_NtnuTfe4171Lab1Fifo.sv Line: 85
#    108593 |   1    0x09a  |   1   0x09a  |   0     0     0
#    108655 |   1    0x09a  |   0   0x09a  |   0     0     0
# [108717] ERROR: Read with empty scoreboard!
# ** Error: Assertion error.
#    Time: 108717 ns  Scope: test_NtnuTfe4171Lab1Fifo.scoreBoardPopAndCheck File: ./tb/test_NtnuTfe4171Lab1Fifo.sv Line: 75
# [108717] MISMATCH: expected=0xx actual=0x9a
# ** Error: Assertion error.
#    Time: 108717 ns  Scope: test_NtnuTfe4171Lab1Fifo.scoreBoardPopAndCheck File: ./tb/test_NtnuTfe4171Lab1Fifo.sv Line: 85
#    108717 |   1    0x09a  |   1   0x09a  |   0     0     0
#    108779 |   1    0x09a  |   0   0x09a  |   0     0     0
# [108841] ERROR: Read with empty scoreboard!
# ** Error: Assertion error.
#    Time: 108841 ns  Scope: test_NtnuTfe4171Lab1Fifo.scoreBoardPopAndCheck File: ./tb/test_NtnuTfe4171Lab1Fifo.sv Line: 75
# [108841] MISMATCH: expected=0xx actual=0x9a
# ** Error: Assertion error.
#    Time: 108841 ns  Scope: test_NtnuTfe4171Lab1Fifo.scoreBoardPopAndCheck File: ./tb/test_NtnuTfe4171Lab1Fifo.sv Line: 85
#    108841 |   1    0x09a  |   1   0x09a  |   0     0     0
#    108903 |   1    0x09a  |   0   0x09a  |   0     0     0
# [108965] ERROR: Read with empty scoreboard!
# ** Error: Assertion error.
#    Time: 108965 ns  Scope: test_NtnuTfe4171Lab1Fifo.scoreBoardPopAndCheck File: ./tb/test_NtnuTfe4171Lab1Fifo.sv Line: 75
# [108965] MISMATCH: expected=0xx actual=0x9a
# ** Error: Assertion error.
#    Time: 108965 ns  Scope: test_NtnuTfe4171Lab1Fifo.scoreBoardPopAndCheck File: ./tb/test_NtnuTfe4171Lab1Fifo.sv Line: 85
#    108965 |   1    0x09a  |   1   0x09a  |   0     0     0
#    109027 |   1    0x09a  |   0   0x09a  |   0     0     0
# [109089] ERROR: Read with empty scoreboard!
# ** Error: Assertion error.
#    Time: 109089 ns  Scope: test_NtnuTfe4171Lab1Fifo.scoreBoardPopAndCheck File: ./tb/test_NtnuTfe4171Lab1Fifo.sv Line: 75
# [109089] MISMATCH: expected=0xx actual=0x9a
# ** Error: Assertion error.
#    Time: 109089 ns  Scope: test_NtnuTfe4171Lab1Fifo.scoreBoardPopAndCheck File: ./tb/test_NtnuTfe4171Lab1Fifo.sv Line: 85
#    109089 |   1    0x09a  |   1   0x09a  |   0     0     0
#    109151 |   1    0x09a  |   0   0x09a  |   0     0     0
# [109213] ERROR: Read with empty scoreboard!
# ** Error: Assertion error.
#    Time: 109213 ns  Scope: test_NtnuTfe4171Lab1Fifo.scoreBoardPopAndCheck File: ./tb/test_NtnuTfe4171Lab1Fifo.sv Line: 75
# [109213] MISMATCH: expected=0xx actual=0x9a
# ** Error: Assertion error.
#    Time: 109213 ns  Scope: test_NtnuTfe4171Lab1Fifo.scoreBoardPopAndCheck File: ./tb/test_NtnuTfe4171Lab1Fifo.sv Line: 85
#    109213 |   1    0x09a  |   1   0x09a  |   0     0     0
#    109275 |   1    0x09a  |   0   0x09a  |   0     0     0
# [109337] ERROR: Read with empty scoreboard!
# ** Error: Assertion error.
#    Time: 109337 ns  Scope: test_NtnuTfe4171Lab1Fifo.scoreBoardPopAndCheck File: ./tb/test_NtnuTfe4171Lab1Fifo.sv Line: 75
# [109337] MISMATCH: expected=0xx actual=0x9a
# ** Error: Assertion error.
#    Time: 109337 ns  Scope: test_NtnuTfe4171Lab1Fifo.scoreBoardPopAndCheck File: ./tb/test_NtnuTfe4171Lab1Fifo.sv Line: 85
#    109337 |   1    0x09a  |   1   0x09a  |   0     0     0
#    109399 |   1    0x09a  |   0   0x09a  |   0     0     0
# [109461] ERROR: Read with empty scoreboard!
# ** Error: Assertion error.
#    Time: 109461 ns  Scope: test_NtnuTfe4171Lab1Fifo.scoreBoardPopAndCheck File: ./tb/test_NtnuTfe4171Lab1Fifo.sv Line: 75
# [109461] MISMATCH: expected=0xx actual=0x9a
# ** Error: Assertion error.
#    Time: 109461 ns  Scope: test_NtnuTfe4171Lab1Fifo.scoreBoardPopAndCheck File: ./tb/test_NtnuTfe4171Lab1Fifo.sv Line: 85
#    109461 |   1    0x09a  |   1   0x09a  |   0     0     0
#    109523 |   1    0x09a  |   0   0x09a  |   0     0     0
#    109585 |   1    0x09a  |   1   0x09a  |   0     1     0
#    109647 |   1    0x09a  |   0   0x09a  |   0     0     0
# [109709] ERROR: Read with empty scoreboard!
# ** Error: Assertion error.
#    Time: 109709 ns  Scope: test_NtnuTfe4171Lab1Fifo.scoreBoardPopAndCheck File: ./tb/test_NtnuTfe4171Lab1Fifo.sv Line: 75
# [109709] MISMATCH: expected=0xx actual=0x9a
# ** Error: Assertion error.
#    Time: 109709 ns  Scope: test_NtnuTfe4171Lab1Fifo.scoreBoardPopAndCheck File: ./tb/test_NtnuTfe4171Lab1Fifo.sv Line: 85
#    109709 |   1    0x09a  |   1   0x09a  |   0     0     0
#    109771 |   1    0x09a  |   0   0x09a  |   0     0     0
# [109833] ERROR: Read with empty scoreboard!
# ** Error: Assertion error.
#    Time: 109833 ns  Scope: test_NtnuTfe4171Lab1Fifo.scoreBoardPopAndCheck File: ./tb/test_NtnuTfe4171Lab1Fifo.sv Line: 75
# [109833] MISMATCH: expected=0xx actual=0x9a
# ** Error: Assertion error.
#    Time: 109833 ns  Scope: test_NtnuTfe4171Lab1Fifo.scoreBoardPopAndCheck File: ./tb/test_NtnuTfe4171Lab1Fifo.sv Line: 85
#    109833 |   1    0x09a  |   1   0x09a  |   0     0     0
#    109895 |   1    0x09a  |   0   0x09a  |   0     0     0
# [109957] ERROR: Read with empty scoreboard!
# ** Error: Assertion error.
#    Time: 109957 ns  Scope: test_NtnuTfe4171Lab1Fifo.scoreBoardPopAndCheck File: ./tb/test_NtnuTfe4171Lab1Fifo.sv Line: 75
# [109957] MISMATCH: expected=0xx actual=0x9a
# ** Error: Assertion error.
#    Time: 109957 ns  Scope: test_NtnuTfe4171Lab1Fifo.scoreBoardPopAndCheck File: ./tb/test_NtnuTfe4171Lab1Fifo.sv Line: 85
#    109957 |   1    0x09a  |   1   0x09a  |   0     0     0
#    110019 |   1    0x09a  |   0   0x09a  |   0     0     0
# [110081] ERROR: Read with empty scoreboard!
# ** Error: Assertion error.
#    Time: 110081 ns  Scope: test_NtnuTfe4171Lab1Fifo.scoreBoardPopAndCheck File: ./tb/test_NtnuTfe4171Lab1Fifo.sv Line: 75
# [110081] MISMATCH: expected=0xx actual=0x9a
# ** Error: Assertion error.
#    Time: 110081 ns  Scope: test_NtnuTfe4171Lab1Fifo.scoreBoardPopAndCheck File: ./tb/test_NtnuTfe4171Lab1Fifo.sv Line: 85
#    110081 |   1    0x09a  |   1   0x09a  |   0     0     0
#    110143 |   1    0x09a  |   0   0x09a  |   0     0     0
# [110205] ERROR: Read with empty scoreboard!
# ** Error: Assertion error.
#    Time: 110205 ns  Scope: test_NtnuTfe4171Lab1Fifo.scoreBoardPopAndCheck File: ./tb/test_NtnuTfe4171Lab1Fifo.sv Line: 75
# [110205] MISMATCH: expected=0xx actual=0x9a
# ** Error: Assertion error.
#    Time: 110205 ns  Scope: test_NtnuTfe4171Lab1Fifo.scoreBoardPopAndCheck File: ./tb/test_NtnuTfe4171Lab1Fifo.sv Line: 85
#    110205 |   1    0x09a  |   1   0x09a  |   0     0     0
#    110267 |   1    0x09a  |   0   0x09a  |   0     0     0
# [110329] ERROR: Read with empty scoreboard!
# ** Error: Assertion error.
#    Time: 110329 ns  Scope: test_NtnuTfe4171Lab1Fifo.scoreBoardPopAndCheck File: ./tb/test_NtnuTfe4171Lab1Fifo.sv Line: 75
# [110329] MISMATCH: expected=0xx actual=0x9a
# ** Error: Assertion error.
#    Time: 110329 ns  Scope: test_NtnuTfe4171Lab1Fifo.scoreBoardPopAndCheck File: ./tb/test_NtnuTfe4171Lab1Fifo.sv Line: 85
#    110329 |   1    0x09a  |   1   0x09a  |   0     0     0
#    110391 |   1    0x09a  |   0   0x09a  |   0     0     0
# [110453] ERROR: Read with empty scoreboard!
# ** Error: Assertion error.
#    Time: 110453 ns  Scope: test_NtnuTfe4171Lab1Fifo.scoreBoardPopAndCheck File: ./tb/test_NtnuTfe4171Lab1Fifo.sv Line: 75
# [110453] MISMATCH: expected=0xx actual=0x9a
# ** Error: Assertion error.
#    Time: 110453 ns  Scope: test_NtnuTfe4171Lab1Fifo.scoreBoardPopAndCheck File: ./tb/test_NtnuTfe4171Lab1Fifo.sv Line: 85
#    110453 |   1    0x09a  |   1   0x09a  |   0     0     0
#    110515 |   1    0x09a  |   0   0x09a  |   0     0     0
# [110577] ERROR: Read with empty scoreboard!
# ** Error: Assertion error.
#    Time: 110577 ns  Scope: test_NtnuTfe4171Lab1Fifo.scoreBoardPopAndCheck File: ./tb/test_NtnuTfe4171Lab1Fifo.sv Line: 75
# [110577] MISMATCH: expected=0xx actual=0x9a
# ** Error: Assertion error.
#    Time: 110577 ns  Scope: test_NtnuTfe4171Lab1Fifo.scoreBoardPopAndCheck File: ./tb/test_NtnuTfe4171Lab1Fifo.sv Line: 85
#    110577 |   1    0x09a  |   1   0x09a  |   0     0     0
#    110639 |   1    0x09a  |   0   0x09a  |   0     0     0
# [110701] ERROR: Read with empty scoreboard!
# ** Error: Assertion error.
#    Time: 110701 ns  Scope: test_NtnuTfe4171Lab1Fifo.scoreBoardPopAndCheck File: ./tb/test_NtnuTfe4171Lab1Fifo.sv Line: 75
# [110701] MISMATCH: expected=0xx actual=0x9a
# ** Error: Assertion error.
#    Time: 110701 ns  Scope: test_NtnuTfe4171Lab1Fifo.scoreBoardPopAndCheck File: ./tb/test_NtnuTfe4171Lab1Fifo.sv Line: 85
#    110701 |   1    0x09a  |   1   0x09a  |   0     0     0
#    110763 |   1    0x09a  |   0   0x09a  |   0     0     0
# [110825] ERROR: Read with empty scoreboard!
# ** Error: Assertion error.
#    Time: 110825 ns  Scope: test_NtnuTfe4171Lab1Fifo.scoreBoardPopAndCheck File: ./tb/test_NtnuTfe4171Lab1Fifo.sv Line: 75
# [110825] MISMATCH: expected=0xx actual=0x9a
# ** Error: Assertion error.
#    Time: 110825 ns  Scope: test_NtnuTfe4171Lab1Fifo.scoreBoardPopAndCheck File: ./tb/test_NtnuTfe4171Lab1Fifo.sv Line: 85
#    110825 |   1    0x09a  |   1   0x09a  |   0     0     0
#    110887 |   1    0x09a  |   0   0x09a  |   0     0     0
# [110949] ERROR: Read with empty scoreboard!
# ** Error: Assertion error.
#    Time: 110949 ns  Scope: test_NtnuTfe4171Lab1Fifo.scoreBoardPopAndCheck File: ./tb/test_NtnuTfe4171Lab1Fifo.sv Line: 75
# [110949] MISMATCH: expected=0xx actual=0x9a
# ** Error: Assertion error.
#    Time: 110949 ns  Scope: test_NtnuTfe4171Lab1Fifo.scoreBoardPopAndCheck File: ./tb/test_NtnuTfe4171Lab1Fifo.sv Line: 85
#    110949 |   1    0x09a  |   1   0x09a  |   0     0     0
#    111011 |   1    0x09a  |   0   0x09a  |   0     0     0
# [111073] ERROR: Read with empty scoreboard!
# ** Error: Assertion error.
#    Time: 111073 ns  Scope: test_NtnuTfe4171Lab1Fifo.scoreBoardPopAndCheck File: ./tb/test_NtnuTfe4171Lab1Fifo.sv Line: 75
# [111073] MISMATCH: expected=0xx actual=0x9a
# ** Error: Assertion error.
#    Time: 111073 ns  Scope: test_NtnuTfe4171Lab1Fifo.scoreBoardPopAndCheck File: ./tb/test_NtnuTfe4171Lab1Fifo.sv Line: 85
#    111073 |   1    0x09a  |   1   0x09a  |   0     0     0
#    111135 |   1    0x09a  |   0   0x09a  |   0     0     0
# [111197] ERROR: Read with empty scoreboard!
# ** Error: Assertion error.
#    Time: 111197 ns  Scope: test_NtnuTfe4171Lab1Fifo.scoreBoardPopAndCheck File: ./tb/test_NtnuTfe4171Lab1Fifo.sv Line: 75
# [111197] MISMATCH: expected=0xx actual=0x9a
# ** Error: Assertion error.
#    Time: 111197 ns  Scope: test_NtnuTfe4171Lab1Fifo.scoreBoardPopAndCheck File: ./tb/test_NtnuTfe4171Lab1Fifo.sv Line: 85
#    111197 |   1    0x09a  |   1   0x09a  |   0     0     0
#    111259 |   1    0x09a  |   0   0x09a  |   0     0     0
# [111321] ERROR: Read with empty scoreboard!
# ** Error: Assertion error.
#    Time: 111321 ns  Scope: test_NtnuTfe4171Lab1Fifo.scoreBoardPopAndCheck File: ./tb/test_NtnuTfe4171Lab1Fifo.sv Line: 75
# [111321] MISMATCH: expected=0xx actual=0x9a
# ** Error: Assertion error.
#    Time: 111321 ns  Scope: test_NtnuTfe4171Lab1Fifo.scoreBoardPopAndCheck File: ./tb/test_NtnuTfe4171Lab1Fifo.sv Line: 85
#    111321 |   1    0x09a  |   1   0x09a  |   0     0     0
#    111383 |   1    0x09a  |   0   0x09a  |   0     0     0
# [111445] ERROR: Read with empty scoreboard!
# ** Error: Assertion error.
#    Time: 111445 ns  Scope: test_NtnuTfe4171Lab1Fifo.scoreBoardPopAndCheck File: ./tb/test_NtnuTfe4171Lab1Fifo.sv Line: 75
# [111445] MISMATCH: expected=0xx actual=0x9a
# ** Error: Assertion error.
#    Time: 111445 ns  Scope: test_NtnuTfe4171Lab1Fifo.scoreBoardPopAndCheck File: ./tb/test_NtnuTfe4171Lab1Fifo.sv Line: 85
#    111445 |   1    0x09a  |   1   0x09a  |   0     0     0
#    111507 |   1    0x09a  |   0   0x09a  |   0     0     0
# [111569] ERROR: Read with empty scoreboard!
# ** Error: Assertion error.
#    Time: 111569 ns  Scope: test_NtnuTfe4171Lab1Fifo.scoreBoardPopAndCheck File: ./tb/test_NtnuTfe4171Lab1Fifo.sv Line: 75
# [111569] MISMATCH: expected=0xx actual=0x9a
# ** Error: Assertion error.
#    Time: 111569 ns  Scope: test_NtnuTfe4171Lab1Fifo.scoreBoardPopAndCheck File: ./tb/test_NtnuTfe4171Lab1Fifo.sv Line: 85
#    111569 |   1    0x09a  |   1   0x09a  |   0     0     0
#    111631 |   1    0x09a  |   0   0x09a  |   0     0     0
# [111693] ERROR: Read with empty scoreboard!
# ** Error: Assertion error.
#    Time: 111693 ns  Scope: test_NtnuTfe4171Lab1Fifo.scoreBoardPopAndCheck File: ./tb/test_NtnuTfe4171Lab1Fifo.sv Line: 75
# [111693] MISMATCH: expected=0xx actual=0x9a
# ** Error: Assertion error.
#    Time: 111693 ns  Scope: test_NtnuTfe4171Lab1Fifo.scoreBoardPopAndCheck File: ./tb/test_NtnuTfe4171Lab1Fifo.sv Line: 85
#    111693 |   1    0x09a  |   1   0x09a  |   0     0     0
#    111755 |   1    0x09a  |   0   0x09a  |   0     0     0
# [111817] ERROR: Read with empty scoreboard!
# ** Error: Assertion error.
#    Time: 111817 ns  Scope: test_NtnuTfe4171Lab1Fifo.scoreBoardPopAndCheck File: ./tb/test_NtnuTfe4171Lab1Fifo.sv Line: 75
# [111817] MISMATCH: expected=0xx actual=0x9a
# ** Error: Assertion error.
#    Time: 111817 ns  Scope: test_NtnuTfe4171Lab1Fifo.scoreBoardPopAndCheck File: ./tb/test_NtnuTfe4171Lab1Fifo.sv Line: 85
#    111817 |   1    0x09a  |   1   0x09a  |   0     0     0
#    111879 |   1    0x09a  |   0   0x09a  |   0     0     0
# [111941] ERROR: Read with empty scoreboard!
# ** Error: Assertion error.
#    Time: 111941 ns  Scope: test_NtnuTfe4171Lab1Fifo.scoreBoardPopAndCheck File: ./tb/test_NtnuTfe4171Lab1Fifo.sv Line: 75
# [111941] MISMATCH: expected=0xx actual=0x9a
# ** Error: Assertion error.
#    Time: 111941 ns  Scope: test_NtnuTfe4171Lab1Fifo.scoreBoardPopAndCheck File: ./tb/test_NtnuTfe4171Lab1Fifo.sv Line: 85
#    111941 |   1    0x09a  |   1   0x09a  |   0     0     0
#    112003 |   1    0x09a  |   0   0x09a  |   0     0     0
# [112065] ERROR: Read with empty scoreboard!
# ** Error: Assertion error.
#    Time: 112065 ns  Scope: test_NtnuTfe4171Lab1Fifo.scoreBoardPopAndCheck File: ./tb/test_NtnuTfe4171Lab1Fifo.sv Line: 75
# [112065] MISMATCH: expected=0xx actual=0x9a
# ** Error: Assertion error.
#    Time: 112065 ns  Scope: test_NtnuTfe4171Lab1Fifo.scoreBoardPopAndCheck File: ./tb/test_NtnuTfe4171Lab1Fifo.sv Line: 85
#    112065 |   1    0x09a  |   1   0x09a  |   0     0     0
#    112127 |   1    0x09a  |   0   0x09a  |   0     0     0
# [112189] ERROR: Read with empty scoreboard!
# ** Error: Assertion error.
#    Time: 112189 ns  Scope: test_NtnuTfe4171Lab1Fifo.scoreBoardPopAndCheck File: ./tb/test_NtnuTfe4171Lab1Fifo.sv Line: 75
# [112189] MISMATCH: expected=0xx actual=0x9a
# ** Error: Assertion error.
#    Time: 112189 ns  Scope: test_NtnuTfe4171Lab1Fifo.scoreBoardPopAndCheck File: ./tb/test_NtnuTfe4171Lab1Fifo.sv Line: 85
#    112189 |   1    0x09a  |   1   0x09a  |   0     0     0
#    112251 |   1    0x09a  |   0   0x09a  |   0     0     0
# [112313] ERROR: Read with empty scoreboard!
# ** Error: Assertion error.
#    Time: 112313 ns  Scope: test_NtnuTfe4171Lab1Fifo.scoreBoardPopAndCheck File: ./tb/test_NtnuTfe4171Lab1Fifo.sv Line: 75
# [112313] MISMATCH: expected=0xx actual=0x9a
# ** Error: Assertion error.
#    Time: 112313 ns  Scope: test_NtnuTfe4171Lab1Fifo.scoreBoardPopAndCheck File: ./tb/test_NtnuTfe4171Lab1Fifo.sv Line: 85
#    112313 |   1    0x09a  |   1   0x09a  |   0     0     0
#    112375 |   1    0x09a  |   0   0x09a  |   0     0     0
# [112437] ERROR: Read with empty scoreboard!
# ** Error: Assertion error.
#    Time: 112437 ns  Scope: test_NtnuTfe4171Lab1Fifo.scoreBoardPopAndCheck File: ./tb/test_NtnuTfe4171Lab1Fifo.sv Line: 75
# [112437] MISMATCH: expected=0xx actual=0x9a
# ** Error: Assertion error.
#    Time: 112437 ns  Scope: test_NtnuTfe4171Lab1Fifo.scoreBoardPopAndCheck File: ./tb/test_NtnuTfe4171Lab1Fifo.sv Line: 85
#    112437 |   1    0x09a  |   1   0x09a  |   0     0     0
#    112499 |   1    0x09a  |   0   0x09a  |   0     0     0
# [112561] ERROR: Read with empty scoreboard!
# ** Error: Assertion error.
#    Time: 112561 ns  Scope: test_NtnuTfe4171Lab1Fifo.scoreBoardPopAndCheck File: ./tb/test_NtnuTfe4171Lab1Fifo.sv Line: 75
# [112561] MISMATCH: expected=0xx actual=0x9a
# ** Error: Assertion error.
#    Time: 112561 ns  Scope: test_NtnuTfe4171Lab1Fifo.scoreBoardPopAndCheck File: ./tb/test_NtnuTfe4171Lab1Fifo.sv Line: 85
#    112561 |   1    0x09a  |   1   0x09a  |   0     0     0
#    112623 |   1    0x09a  |   0   0x09a  |   0     0     0
# [112685] ERROR: Read with empty scoreboard!
# ** Error: Assertion error.
#    Time: 112685 ns  Scope: test_NtnuTfe4171Lab1Fifo.scoreBoardPopAndCheck File: ./tb/test_NtnuTfe4171Lab1Fifo.sv Line: 75
# [112685] MISMATCH: expected=0xx actual=0x9a
# ** Error: Assertion error.
#    Time: 112685 ns  Scope: test_NtnuTfe4171Lab1Fifo.scoreBoardPopAndCheck File: ./tb/test_NtnuTfe4171Lab1Fifo.sv Line: 85
#    112685 |   1    0x09a  |   1   0x09a  |   0     0     0
#    112747 |   1    0x09a  |   0   0x09a  |   0     0     0
# [112809] ERROR: Read with empty scoreboard!
# ** Error: Assertion error.
#    Time: 112809 ns  Scope: test_NtnuTfe4171Lab1Fifo.scoreBoardPopAndCheck File: ./tb/test_NtnuTfe4171Lab1Fifo.sv Line: 75
# [112809] MISMATCH: expected=0xx actual=0x9a
# ** Error: Assertion error.
#    Time: 112809 ns  Scope: test_NtnuTfe4171Lab1Fifo.scoreBoardPopAndCheck File: ./tb/test_NtnuTfe4171Lab1Fifo.sv Line: 85
#    112809 |   1    0x09a  |   1   0x09a  |   0     0     0
#    112871 |   1    0x09a  |   0   0x09a  |   0     0     0
# [112933] ERROR: Read with empty scoreboard!
# ** Error: Assertion error.
#    Time: 112933 ns  Scope: test_NtnuTfe4171Lab1Fifo.scoreBoardPopAndCheck File: ./tb/test_NtnuTfe4171Lab1Fifo.sv Line: 75
# [112933] MISMATCH: expected=0xx actual=0x9a
# ** Error: Assertion error.
#    Time: 112933 ns  Scope: test_NtnuTfe4171Lab1Fifo.scoreBoardPopAndCheck File: ./tb/test_NtnuTfe4171Lab1Fifo.sv Line: 85
#    112933 |   1    0x09a  |   1   0x09a  |   0     0     0
#    112995 |   1    0x09a  |   0   0x09a  |   0     0     0
# [113057] ERROR: Read with empty scoreboard!
# ** Error: Assertion error.
#    Time: 113057 ns  Scope: test_NtnuTfe4171Lab1Fifo.scoreBoardPopAndCheck File: ./tb/test_NtnuTfe4171Lab1Fifo.sv Line: 75
# [113057] MISMATCH: expected=0xx actual=0x9a
# ** Error: Assertion error.
#    Time: 113057 ns  Scope: test_NtnuTfe4171Lab1Fifo.scoreBoardPopAndCheck File: ./tb/test_NtnuTfe4171Lab1Fifo.sv Line: 85
#    113057 |   1    0x09a  |   1   0x09a  |   0     0     0
#    113119 |   1    0x09a  |   0   0x09a  |   0     0     0
# [113181] ERROR: Read with empty scoreboard!
# ** Error: Assertion error.
#    Time: 113181 ns  Scope: test_NtnuTfe4171Lab1Fifo.scoreBoardPopAndCheck File: ./tb/test_NtnuTfe4171Lab1Fifo.sv Line: 75
# [113181] MISMATCH: expected=0xx actual=0x9a
# ** Error: Assertion error.
#    Time: 113181 ns  Scope: test_NtnuTfe4171Lab1Fifo.scoreBoardPopAndCheck File: ./tb/test_NtnuTfe4171Lab1Fifo.sv Line: 85
#    113181 |   1    0x09a  |   1   0x09a  |   0     0     0
#    113243 |   1    0x09a  |   0   0x09a  |   0     0     0
# [113305] ERROR: Read with empty scoreboard!
# ** Error: Assertion error.
#    Time: 113305 ns  Scope: test_NtnuTfe4171Lab1Fifo.scoreBoardPopAndCheck File: ./tb/test_NtnuTfe4171Lab1Fifo.sv Line: 75
# [113305] MISMATCH: expected=0xx actual=0x9a
# ** Error: Assertion error.
#    Time: 113305 ns  Scope: test_NtnuTfe4171Lab1Fifo.scoreBoardPopAndCheck File: ./tb/test_NtnuTfe4171Lab1Fifo.sv Line: 85
#    113305 |   1    0x09a  |   1   0x09a  |   0     0     0
#    113367 |   1    0x09a  |   0   0x09a  |   0     0     0
# [113429] ERROR: Read with empty scoreboard!
# ** Error: Assertion error.
#    Time: 113429 ns  Scope: test_NtnuTfe4171Lab1Fifo.scoreBoardPopAndCheck File: ./tb/test_NtnuTfe4171Lab1Fifo.sv Line: 75
# [113429] MISMATCH: expected=0xx actual=0x9a
# ** Error: Assertion error.
#    Time: 113429 ns  Scope: test_NtnuTfe4171Lab1Fifo.scoreBoardPopAndCheck File: ./tb/test_NtnuTfe4171Lab1Fifo.sv Line: 85
#    113429 |   1    0x09a  |   1   0x09a  |   1     0     0
#    113491 |   1    0x09a  |   0   0x09a  |   0     0     0
# [113553] ERROR: Read with empty scoreboard!
# ** Error: Assertion error.
#    Time: 113553 ns  Scope: test_NtnuTfe4171Lab1Fifo.scoreBoardPopAndCheck File: ./tb/test_NtnuTfe4171Lab1Fifo.sv Line: 75
# [113553] MISMATCH: expected=0xx actual=0x9a
# ** Error: Assertion error.
#    Time: 113553 ns  Scope: test_NtnuTfe4171Lab1Fifo.scoreBoardPopAndCheck File: ./tb/test_NtnuTfe4171Lab1Fifo.sv Line: 85
#    113553 |   1    0x09a  |   1   0x09a  |   1     0     0
#    113615 |   1    0x09a  |   0   0x09a  |   0     0     0
# [113677] ERROR: Read with empty scoreboard!
# ** Error: Assertion error.
#    Time: 113677 ns  Scope: test_NtnuTfe4171Lab1Fifo.scoreBoardPopAndCheck File: ./tb/test_NtnuTfe4171Lab1Fifo.sv Line: 75
# [113677] MISMATCH: expected=0xx actual=0x9a
# ** Error: Assertion error.
#    Time: 113677 ns  Scope: test_NtnuTfe4171Lab1Fifo.scoreBoardPopAndCheck File: ./tb/test_NtnuTfe4171Lab1Fifo.sv Line: 85
#    113677 |   1    0x09a  |   1   0x09a  |   0     0     0
#    113739 |   1    0x09a  |   0   0x09a  |   0     0     0
# [113801] ERROR: Read with empty scoreboard!
# ** Error: Assertion error.
#    Time: 113801 ns  Scope: test_NtnuTfe4171Lab1Fifo.scoreBoardPopAndCheck File: ./tb/test_NtnuTfe4171Lab1Fifo.sv Line: 75
# [113801] MISMATCH: expected=0xx actual=0x9a
# ** Error: Assertion error.
#    Time: 113801 ns  Scope: test_NtnuTfe4171Lab1Fifo.scoreBoardPopAndCheck File: ./tb/test_NtnuTfe4171Lab1Fifo.sv Line: 85
#    113801 |   1    0x09a  |   1   0x09a  |   0     0     0
#    113863 |   1    0x09a  |   0   0x09a  |   0     0     0
# [113925] ERROR: Read with empty scoreboard!
# ** Error: Assertion error.
#    Time: 113925 ns  Scope: test_NtnuTfe4171Lab1Fifo.scoreBoardPopAndCheck File: ./tb/test_NtnuTfe4171Lab1Fifo.sv Line: 75
# [113925] MISMATCH: expected=0xx actual=0x9a
# ** Error: Assertion error.
#    Time: 113925 ns  Scope: test_NtnuTfe4171Lab1Fifo.scoreBoardPopAndCheck File: ./tb/test_NtnuTfe4171Lab1Fifo.sv Line: 85
#    113925 |   1    0x09a  |   1   0x09a  |   0     0     0
#    113987 |   1    0x09a  |   0   0x09a  |   0     0     0
# [114049] ERROR: Read with empty scoreboard!
# ** Error: Assertion error.
#    Time: 114049 ns  Scope: test_NtnuTfe4171Lab1Fifo.scoreBoardPopAndCheck File: ./tb/test_NtnuTfe4171Lab1Fifo.sv Line: 75
# [114049] MISMATCH: expected=0xx actual=0x9a
# ** Error: Assertion error.
#    Time: 114049 ns  Scope: test_NtnuTfe4171Lab1Fifo.scoreBoardPopAndCheck File: ./tb/test_NtnuTfe4171Lab1Fifo.sv Line: 85
#    114049 |   1    0x09a  |   1   0x09a  |   0     0     0
#    114111 |   1    0x09a  |   0   0x09a  |   0     0     0
# [114173] ERROR: Read with empty scoreboard!
# ** Error: Assertion error.
#    Time: 114173 ns  Scope: test_NtnuTfe4171Lab1Fifo.scoreBoardPopAndCheck File: ./tb/test_NtnuTfe4171Lab1Fifo.sv Line: 75
# [114173] MISMATCH: expected=0xx actual=0x9a
# ** Error: Assertion error.
#    Time: 114173 ns  Scope: test_NtnuTfe4171Lab1Fifo.scoreBoardPopAndCheck File: ./tb/test_NtnuTfe4171Lab1Fifo.sv Line: 85
#    114173 |   1    0x09a  |   1   0x09a  |   0     0     0
#    114235 |   1    0x09a  |   0   0x09a  |   0     0     0
# [114297] ERROR: Read with empty scoreboard!
# ** Error: Assertion error.
#    Time: 114297 ns  Scope: test_NtnuTfe4171Lab1Fifo.scoreBoardPopAndCheck File: ./tb/test_NtnuTfe4171Lab1Fifo.sv Line: 75
# [114297] MISMATCH: expected=0xx actual=0x9a
# ** Error: Assertion error.
#    Time: 114297 ns  Scope: test_NtnuTfe4171Lab1Fifo.scoreBoardPopAndCheck File: ./tb/test_NtnuTfe4171Lab1Fifo.sv Line: 85
#    114297 |   1    0x09a  |   1   0x09a  |   0     0     0
#    114359 |   1    0x09a  |   0   0x09a  |   0     0     0
# [114421] ERROR: Read with empty scoreboard!
# ** Error: Assertion error.
#    Time: 114421 ns  Scope: test_NtnuTfe4171Lab1Fifo.scoreBoardPopAndCheck File: ./tb/test_NtnuTfe4171Lab1Fifo.sv Line: 75
# [114421] MISMATCH: expected=0xx actual=0x9a
# ** Error: Assertion error.
#    Time: 114421 ns  Scope: test_NtnuTfe4171Lab1Fifo.scoreBoardPopAndCheck File: ./tb/test_NtnuTfe4171Lab1Fifo.sv Line: 85
#    114421 |   1    0x09a  |   1   0x09a  |   0     0     0
#    114483 |   1    0x09a  |   0   0x09a  |   0     0     0
# [114545] ERROR: Read with empty scoreboard!
# ** Error: Assertion error.
#    Time: 114545 ns  Scope: test_NtnuTfe4171Lab1Fifo.scoreBoardPopAndCheck File: ./tb/test_NtnuTfe4171Lab1Fifo.sv Line: 75
# [114545] MISMATCH: expected=0xx actual=0x9a
# ** Error: Assertion error.
#    Time: 114545 ns  Scope: test_NtnuTfe4171Lab1Fifo.scoreBoardPopAndCheck File: ./tb/test_NtnuTfe4171Lab1Fifo.sv Line: 85
#    114545 |   1    0x09a  |   1   0x09a  |   0     0     0
#    114607 |   1    0x09a  |   0   0x09a  |   0     0     0
# [114669] ERROR: Read with empty scoreboard!
# ** Error: Assertion error.
#    Time: 114669 ns  Scope: test_NtnuTfe4171Lab1Fifo.scoreBoardPopAndCheck File: ./tb/test_NtnuTfe4171Lab1Fifo.sv Line: 75
# [114669] MISMATCH: expected=0xx actual=0x9a
# ** Error: Assertion error.
#    Time: 114669 ns  Scope: test_NtnuTfe4171Lab1Fifo.scoreBoardPopAndCheck File: ./tb/test_NtnuTfe4171Lab1Fifo.sv Line: 85
#    114669 |   1    0x09a  |   1   0x09a  |   0     0     0
#    114731 |   1    0x09a  |   0   0x09a  |   0     0     0
# [114793] ERROR: Read with empty scoreboard!
# ** Error: Assertion error.
#    Time: 114793 ns  Scope: test_NtnuTfe4171Lab1Fifo.scoreBoardPopAndCheck File: ./tb/test_NtnuTfe4171Lab1Fifo.sv Line: 75
# [114793] MISMATCH: expected=0xx actual=0x9a
# ** Error: Assertion error.
#    Time: 114793 ns  Scope: test_NtnuTfe4171Lab1Fifo.scoreBoardPopAndCheck File: ./tb/test_NtnuTfe4171Lab1Fifo.sv Line: 85
#    114793 |   1    0x09a  |   1   0x09a  |   0     0     0
#    114855 |   1    0x09a  |   0   0x09a  |   0     0     0
# [114917] ERROR: Read with empty scoreboard!
# ** Error: Assertion error.
#    Time: 114917 ns  Scope: test_NtnuTfe4171Lab1Fifo.scoreBoardPopAndCheck File: ./tb/test_NtnuTfe4171Lab1Fifo.sv Line: 75
# [114917] MISMATCH: expected=0xx actual=0x9a
# ** Error: Assertion error.
#    Time: 114917 ns  Scope: test_NtnuTfe4171Lab1Fifo.scoreBoardPopAndCheck File: ./tb/test_NtnuTfe4171Lab1Fifo.sv Line: 85
#    114917 |   1    0x09a  |   1   0x09a  |   0     0     0
#    114979 |   1    0x09a  |   0   0x09a  |   0     0     0
# [115041] ERROR: Read with empty scoreboard!
# ** Error: Assertion error.
#    Time: 115041 ns  Scope: test_NtnuTfe4171Lab1Fifo.scoreBoardPopAndCheck File: ./tb/test_NtnuTfe4171Lab1Fifo.sv Line: 75
# [115041] MISMATCH: expected=0xx actual=0x9a
# ** Error: Assertion error.
#    Time: 115041 ns  Scope: test_NtnuTfe4171Lab1Fifo.scoreBoardPopAndCheck File: ./tb/test_NtnuTfe4171Lab1Fifo.sv Line: 85
#    115041 |   1    0x09a  |   1   0x09a  |   0     0     0
#    115103 |   1    0x09a  |   0   0x09a  |   0     0     0
# [115165] ERROR: Read with empty scoreboard!
# ** Error: Assertion error.
#    Time: 115165 ns  Scope: test_NtnuTfe4171Lab1Fifo.scoreBoardPopAndCheck File: ./tb/test_NtnuTfe4171Lab1Fifo.sv Line: 75
# [115165] MISMATCH: expected=0xx actual=0x9a
# ** Error: Assertion error.
#    Time: 115165 ns  Scope: test_NtnuTfe4171Lab1Fifo.scoreBoardPopAndCheck File: ./tb/test_NtnuTfe4171Lab1Fifo.sv Line: 85
#    115165 |   1    0x09a  |   1   0x09a  |   0     0     0
#    115227 |   1    0x09a  |   0   0x09a  |   0     0     0
# [115289] ERROR: Read with empty scoreboard!
# ** Error: Assertion error.
#    Time: 115289 ns  Scope: test_NtnuTfe4171Lab1Fifo.scoreBoardPopAndCheck File: ./tb/test_NtnuTfe4171Lab1Fifo.sv Line: 75
# [115289] MISMATCH: expected=0xx actual=0x9a
# ** Error: Assertion error.
#    Time: 115289 ns  Scope: test_NtnuTfe4171Lab1Fifo.scoreBoardPopAndCheck File: ./tb/test_NtnuTfe4171Lab1Fifo.sv Line: 85
#    115289 |   1    0x09a  |   1   0x09a  |   0     0     0
#    115351 |   1    0x09a  |   0   0x09a  |   0     0     0
# [115413] ERROR: Read with empty scoreboard!
# ** Error: Assertion error.
#    Time: 115413 ns  Scope: test_NtnuTfe4171Lab1Fifo.scoreBoardPopAndCheck File: ./tb/test_NtnuTfe4171Lab1Fifo.sv Line: 75
# [115413] MISMATCH: expected=0xx actual=0x9a
# ** Error: Assertion error.
#    Time: 115413 ns  Scope: test_NtnuTfe4171Lab1Fifo.scoreBoardPopAndCheck File: ./tb/test_NtnuTfe4171Lab1Fifo.sv Line: 85
#    115413 |   1    0x09a  |   1   0x09a  |   0     0     0
#    115475 |   1    0x09a  |   0   0x09a  |   0     0     0
# [115537] ERROR: Read with empty scoreboard!
# ** Error: Assertion error.
#    Time: 115537 ns  Scope: test_NtnuTfe4171Lab1Fifo.scoreBoardPopAndCheck File: ./tb/test_NtnuTfe4171Lab1Fifo.sv Line: 75
# [115537] MISMATCH: expected=0xx actual=0x9a
# ** Error: Assertion error.
#    Time: 115537 ns  Scope: test_NtnuTfe4171Lab1Fifo.scoreBoardPopAndCheck File: ./tb/test_NtnuTfe4171Lab1Fifo.sv Line: 85
#    115537 |   1    0x09a  |   1   0x09a  |   0     0     0
#    115599 |   1    0x09a  |   0   0x09a  |   0     0     0
# [115661] ERROR: Read with empty scoreboard!
# ** Error: Assertion error.
#    Time: 115661 ns  Scope: test_NtnuTfe4171Lab1Fifo.scoreBoardPopAndCheck File: ./tb/test_NtnuTfe4171Lab1Fifo.sv Line: 75
# [115661] MISMATCH: expected=0xx actual=0x9a
# ** Error: Assertion error.
#    Time: 115661 ns  Scope: test_NtnuTfe4171Lab1Fifo.scoreBoardPopAndCheck File: ./tb/test_NtnuTfe4171Lab1Fifo.sv Line: 85
#    115661 |   1    0x09a  |   1   0x09a  |   0     0     0
#    115723 |   1    0x09a  |   0   0x09a  |   0     0     0
# [115785] ERROR: Read with empty scoreboard!
# ** Error: Assertion error.
#    Time: 115785 ns  Scope: test_NtnuTfe4171Lab1Fifo.scoreBoardPopAndCheck File: ./tb/test_NtnuTfe4171Lab1Fifo.sv Line: 75
# [115785] MISMATCH: expected=0xx actual=0x9a
# ** Error: Assertion error.
#    Time: 115785 ns  Scope: test_NtnuTfe4171Lab1Fifo.scoreBoardPopAndCheck File: ./tb/test_NtnuTfe4171Lab1Fifo.sv Line: 85
#    115785 |   1    0x09a  |   1   0x09a  |   0     0     0
#    115847 |   1    0x09a  |   0   0x09a  |   0     0     0
# [115909] ERROR: Read with empty scoreboard!
# ** Error: Assertion error.
#    Time: 115909 ns  Scope: test_NtnuTfe4171Lab1Fifo.scoreBoardPopAndCheck File: ./tb/test_NtnuTfe4171Lab1Fifo.sv Line: 75
# [115909] MISMATCH: expected=0xx actual=0x9a
# ** Error: Assertion error.
#    Time: 115909 ns  Scope: test_NtnuTfe4171Lab1Fifo.scoreBoardPopAndCheck File: ./tb/test_NtnuTfe4171Lab1Fifo.sv Line: 85
#    115909 |   1    0x09a  |   1   0x09a  |   0     0     0
#    115971 |   1    0x09a  |   0   0x09a  |   0     0     0
# [116033] ERROR: Read with empty scoreboard!
# ** Error: Assertion error.
#    Time: 116033 ns  Scope: test_NtnuTfe4171Lab1Fifo.scoreBoardPopAndCheck File: ./tb/test_NtnuTfe4171Lab1Fifo.sv Line: 75
# [116033] MISMATCH: expected=0xx actual=0x9a
# ** Error: Assertion error.
#    Time: 116033 ns  Scope: test_NtnuTfe4171Lab1Fifo.scoreBoardPopAndCheck File: ./tb/test_NtnuTfe4171Lab1Fifo.sv Line: 85
#    116033 |   1    0x09a  |   1   0x09a  |   0     0     0
#    116095 |   1    0x09a  |   0   0x09a  |   0     0     0
# [116157] ERROR: Read with empty scoreboard!
# ** Error: Assertion error.
#    Time: 116157 ns  Scope: test_NtnuTfe4171Lab1Fifo.scoreBoardPopAndCheck File: ./tb/test_NtnuTfe4171Lab1Fifo.sv Line: 75
# [116157] MISMATCH: expected=0xx actual=0x9a
# ** Error: Assertion error.
#    Time: 116157 ns  Scope: test_NtnuTfe4171Lab1Fifo.scoreBoardPopAndCheck File: ./tb/test_NtnuTfe4171Lab1Fifo.sv Line: 85
#    116157 |   1    0x09a  |   1   0x09a  |   0     0     0
#    116219 |   1    0x09a  |   0   0x09a  |   0     0     0
# [116281] ERROR: Read with empty scoreboard!
# ** Error: Assertion error.
#    Time: 116281 ns  Scope: test_NtnuTfe4171Lab1Fifo.scoreBoardPopAndCheck File: ./tb/test_NtnuTfe4171Lab1Fifo.sv Line: 75
# [116281] MISMATCH: expected=0xx actual=0x9a
# ** Error: Assertion error.
#    Time: 116281 ns  Scope: test_NtnuTfe4171Lab1Fifo.scoreBoardPopAndCheck File: ./tb/test_NtnuTfe4171Lab1Fifo.sv Line: 85
#    116281 |   1    0x09a  |   1   0x09a  |   0     0     0
#    116343 |   1    0x09a  |   0   0x09a  |   0     0     0
# [116405] ERROR: Read with empty scoreboard!
# ** Error: Assertion error.
#    Time: 116405 ns  Scope: test_NtnuTfe4171Lab1Fifo.scoreBoardPopAndCheck File: ./tb/test_NtnuTfe4171Lab1Fifo.sv Line: 75
# [116405] MISMATCH: expected=0xx actual=0x9a
# ** Error: Assertion error.
#    Time: 116405 ns  Scope: test_NtnuTfe4171Lab1Fifo.scoreBoardPopAndCheck File: ./tb/test_NtnuTfe4171Lab1Fifo.sv Line: 85
#    116405 |   1    0x09a  |   1   0x09a  |   0     0     0
#    116467 |   1    0x09a  |   0   0x09a  |   0     0     0
# [116529] ERROR: Read with empty scoreboard!
# ** Error: Assertion error.
#    Time: 116529 ns  Scope: test_NtnuTfe4171Lab1Fifo.scoreBoardPopAndCheck File: ./tb/test_NtnuTfe4171Lab1Fifo.sv Line: 75
# [116529] MISMATCH: expected=0xx actual=0x9a
# ** Error: Assertion error.
#    Time: 116529 ns  Scope: test_NtnuTfe4171Lab1Fifo.scoreBoardPopAndCheck File: ./tb/test_NtnuTfe4171Lab1Fifo.sv Line: 85
#    116529 |   1    0x09a  |   1   0x09a  |   0     0     0
#    116591 |   1    0x09a  |   0   0x09a  |   0     0     0
# [116653] ERROR: Read with empty scoreboard!
# ** Error: Assertion error.
#    Time: 116653 ns  Scope: test_NtnuTfe4171Lab1Fifo.scoreBoardPopAndCheck File: ./tb/test_NtnuTfe4171Lab1Fifo.sv Line: 75
# [116653] MISMATCH: expected=0xx actual=0x9a
# ** Error: Assertion error.
#    Time: 116653 ns  Scope: test_NtnuTfe4171Lab1Fifo.scoreBoardPopAndCheck File: ./tb/test_NtnuTfe4171Lab1Fifo.sv Line: 85
#    116653 |   1    0x09a  |   1   0x09a  |   0     0     0
#    116715 |   1    0x09a  |   0   0x09a  |   0     0     0
# [116777] ERROR: Read with empty scoreboard!
# ** Error: Assertion error.
#    Time: 116777 ns  Scope: test_NtnuTfe4171Lab1Fifo.scoreBoardPopAndCheck File: ./tb/test_NtnuTfe4171Lab1Fifo.sv Line: 75
# [116777] MISMATCH: expected=0xx actual=0x9a
# ** Error: Assertion error.
#    Time: 116777 ns  Scope: test_NtnuTfe4171Lab1Fifo.scoreBoardPopAndCheck File: ./tb/test_NtnuTfe4171Lab1Fifo.sv Line: 85
#    116777 |   1    0x09a  |   1   0x09a  |   0     0     0
#    116839 |   1    0x09a  |   0   0x09a  |   0     0     0
# [116901] ERROR: Read with empty scoreboard!
# ** Error: Assertion error.
#    Time: 116901 ns  Scope: test_NtnuTfe4171Lab1Fifo.scoreBoardPopAndCheck File: ./tb/test_NtnuTfe4171Lab1Fifo.sv Line: 75
# [116901] MISMATCH: expected=0xx actual=0x9a
# ** Error: Assertion error.
#    Time: 116901 ns  Scope: test_NtnuTfe4171Lab1Fifo.scoreBoardPopAndCheck File: ./tb/test_NtnuTfe4171Lab1Fifo.sv Line: 85
#    116901 |   1    0x09a  |   1   0x09a  |   0     0     0
#    116963 |   1    0x09a  |   0   0x09a  |   0     0     0
# [117025] ERROR: Read with empty scoreboard!
# ** Error: Assertion error.
#    Time: 117025 ns  Scope: test_NtnuTfe4171Lab1Fifo.scoreBoardPopAndCheck File: ./tb/test_NtnuTfe4171Lab1Fifo.sv Line: 75
# [117025] MISMATCH: expected=0xx actual=0x9a
# ** Error: Assertion error.
#    Time: 117025 ns  Scope: test_NtnuTfe4171Lab1Fifo.scoreBoardPopAndCheck File: ./tb/test_NtnuTfe4171Lab1Fifo.sv Line: 85
#    117025 |   1    0x09a  |   1   0x09a  |   0     0     0
#    117087 |   1    0x09a  |   0   0x09a  |   0     0     0
# [117149] ERROR: Read with empty scoreboard!
# ** Error: Assertion error.
#    Time: 117149 ns  Scope: test_NtnuTfe4171Lab1Fifo.scoreBoardPopAndCheck File: ./tb/test_NtnuTfe4171Lab1Fifo.sv Line: 75
# [117149] MISMATCH: expected=0xx actual=0x9a
# ** Error: Assertion error.
#    Time: 117149 ns  Scope: test_NtnuTfe4171Lab1Fifo.scoreBoardPopAndCheck File: ./tb/test_NtnuTfe4171Lab1Fifo.sv Line: 85
#    117149 |   1    0x09a  |   1   0x09a  |   0     0     0
#    117211 |   1    0x09a  |   0   0x09a  |   0     0     0
# [117273] ERROR: Read with empty scoreboard!
# ** Error: Assertion error.
#    Time: 117273 ns  Scope: test_NtnuTfe4171Lab1Fifo.scoreBoardPopAndCheck File: ./tb/test_NtnuTfe4171Lab1Fifo.sv Line: 75
# [117273] MISMATCH: expected=0xx actual=0x9a
# ** Error: Assertion error.
#    Time: 117273 ns  Scope: test_NtnuTfe4171Lab1Fifo.scoreBoardPopAndCheck File: ./tb/test_NtnuTfe4171Lab1Fifo.sv Line: 85
#    117273 |   1    0x09a  |   1   0x09a  |   0     0     0
#    117335 |   1    0x09a  |   0   0x09a  |   0     0     0
# [117397] ERROR: Read with empty scoreboard!
# ** Error: Assertion error.
#    Time: 117397 ns  Scope: test_NtnuTfe4171Lab1Fifo.scoreBoardPopAndCheck File: ./tb/test_NtnuTfe4171Lab1Fifo.sv Line: 75
# [117397] MISMATCH: expected=0xx actual=0x9a
# ** Error: Assertion error.
#    Time: 117397 ns  Scope: test_NtnuTfe4171Lab1Fifo.scoreBoardPopAndCheck File: ./tb/test_NtnuTfe4171Lab1Fifo.sv Line: 85
#    117397 |   1    0x09a  |   1   0x09a  |   0     0     0
#    117459 |   1    0x09a  |   0   0x09a  |   0     0     0
# [117521] ERROR: Read with empty scoreboard!
# ** Error: Assertion error.
#    Time: 117521 ns  Scope: test_NtnuTfe4171Lab1Fifo.scoreBoardPopAndCheck File: ./tb/test_NtnuTfe4171Lab1Fifo.sv Line: 75
# [117521] MISMATCH: expected=0xx actual=0x9a
# ** Error: Assertion error.
#    Time: 117521 ns  Scope: test_NtnuTfe4171Lab1Fifo.scoreBoardPopAndCheck File: ./tb/test_NtnuTfe4171Lab1Fifo.sv Line: 85
#    117521 |   1    0x09a  |   1   0x09a  |   0     0     0
#    117583 |   1    0x09a  |   0   0x09a  |   0     0     0
#    117645 |   1    0x09a  |   1   0x09a  |   0     1     0
#    117707 |   1    0x09a  |   0   0x09a  |   0     0     0
# [117769] ERROR: Read with empty scoreboard!
# ** Error: Assertion error.
#    Time: 117769 ns  Scope: test_NtnuTfe4171Lab1Fifo.scoreBoardPopAndCheck File: ./tb/test_NtnuTfe4171Lab1Fifo.sv Line: 75
# [117769] MISMATCH: expected=0xx actual=0x9a
# ** Error: Assertion error.
#    Time: 117769 ns  Scope: test_NtnuTfe4171Lab1Fifo.scoreBoardPopAndCheck File: ./tb/test_NtnuTfe4171Lab1Fifo.sv Line: 85
#    117769 |   1    0x09a  |   1   0x09a  |   0     0     0
#    117831 |   1    0x09a  |   0   0x09a  |   0     0     0
# [117893] ERROR: Read with empty scoreboard!
# ** Error: Assertion error.
#    Time: 117893 ns  Scope: test_NtnuTfe4171Lab1Fifo.scoreBoardPopAndCheck File: ./tb/test_NtnuTfe4171Lab1Fifo.sv Line: 75
# [117893] MISMATCH: expected=0xx actual=0x9a
# ** Error: Assertion error.
#    Time: 117893 ns  Scope: test_NtnuTfe4171Lab1Fifo.scoreBoardPopAndCheck File: ./tb/test_NtnuTfe4171Lab1Fifo.sv Line: 85
#    117893 |   1    0x09a  |   1   0x09a  |   0     0     0
#    117955 |   1    0x09a  |   0   0x09a  |   0     0     0
# [118017] ERROR: Read with empty scoreboard!
# ** Error: Assertion error.
#    Time: 118017 ns  Scope: test_NtnuTfe4171Lab1Fifo.scoreBoardPopAndCheck File: ./tb/test_NtnuTfe4171Lab1Fifo.sv Line: 75
# [118017] MISMATCH: expected=0xx actual=0x9a
# ** Error: Assertion error.
#    Time: 118017 ns  Scope: test_NtnuTfe4171Lab1Fifo.scoreBoardPopAndCheck File: ./tb/test_NtnuTfe4171Lab1Fifo.sv Line: 85
#    118017 |   1    0x09a  |   1   0x09a  |   0     0     0
#    118079 |   1    0x09a  |   0   0x09a  |   0     0     0
# [118141] ERROR: Read with empty scoreboard!
# ** Error: Assertion error.
#    Time: 118141 ns  Scope: test_NtnuTfe4171Lab1Fifo.scoreBoardPopAndCheck File: ./tb/test_NtnuTfe4171Lab1Fifo.sv Line: 75
# [118141] MISMATCH: expected=0xx actual=0x9a
# ** Error: Assertion error.
#    Time: 118141 ns  Scope: test_NtnuTfe4171Lab1Fifo.scoreBoardPopAndCheck File: ./tb/test_NtnuTfe4171Lab1Fifo.sv Line: 85
#    118141 |   1    0x09a  |   1   0x09a  |   0     0     0
#    118203 |   1    0x09a  |   0   0x09a  |   0     0     0
# [118265] ERROR: Read with empty scoreboard!
# ** Error: Assertion error.
#    Time: 118265 ns  Scope: test_NtnuTfe4171Lab1Fifo.scoreBoardPopAndCheck File: ./tb/test_NtnuTfe4171Lab1Fifo.sv Line: 75
# [118265] MISMATCH: expected=0xx actual=0x9a
# ** Error: Assertion error.
#    Time: 118265 ns  Scope: test_NtnuTfe4171Lab1Fifo.scoreBoardPopAndCheck File: ./tb/test_NtnuTfe4171Lab1Fifo.sv Line: 85
#    118265 |   1    0x09a  |   1   0x09a  |   0     0     0
#    118327 |   1    0x09a  |   0   0x09a  |   0     0     0
# [118389] ERROR: Read with empty scoreboard!
# ** Error: Assertion error.
#    Time: 118389 ns  Scope: test_NtnuTfe4171Lab1Fifo.scoreBoardPopAndCheck File: ./tb/test_NtnuTfe4171Lab1Fifo.sv Line: 75
# [118389] MISMATCH: expected=0xx actual=0x9a
# ** Error: Assertion error.
#    Time: 118389 ns  Scope: test_NtnuTfe4171Lab1Fifo.scoreBoardPopAndCheck File: ./tb/test_NtnuTfe4171Lab1Fifo.sv Line: 85
#    118389 |   1    0x09a  |   1   0x09a  |   0     0     0
#    118451 |   1    0x09a  |   0   0x09a  |   0     0     0
# [118513] ERROR: Read with empty scoreboard!
# ** Error: Assertion error.
#    Time: 118513 ns  Scope: test_NtnuTfe4171Lab1Fifo.scoreBoardPopAndCheck File: ./tb/test_NtnuTfe4171Lab1Fifo.sv Line: 75
# [118513] MISMATCH: expected=0xx actual=0x9a
# ** Error: Assertion error.
#    Time: 118513 ns  Scope: test_NtnuTfe4171Lab1Fifo.scoreBoardPopAndCheck File: ./tb/test_NtnuTfe4171Lab1Fifo.sv Line: 85
#    118513 |   1    0x09a  |   1   0x09a  |   0     0     0
#    118575 |   1    0x09a  |   0   0x09a  |   0     0     0
# [118637] ERROR: Read with empty scoreboard!
# ** Error: Assertion error.
#    Time: 118637 ns  Scope: test_NtnuTfe4171Lab1Fifo.scoreBoardPopAndCheck File: ./tb/test_NtnuTfe4171Lab1Fifo.sv Line: 75
# [118637] MISMATCH: expected=0xx actual=0x9a
# ** Error: Assertion error.
#    Time: 118637 ns  Scope: test_NtnuTfe4171Lab1Fifo.scoreBoardPopAndCheck File: ./tb/test_NtnuTfe4171Lab1Fifo.sv Line: 85
#    118637 |   1    0x09a  |   1   0x09a  |   0     0     0
#    118699 |   1    0x09a  |   0   0x09a  |   0     0     0
# [118761] ERROR: Read with empty scoreboard!
# ** Error: Assertion error.
#    Time: 118761 ns  Scope: test_NtnuTfe4171Lab1Fifo.scoreBoardPopAndCheck File: ./tb/test_NtnuTfe4171Lab1Fifo.sv Line: 75
# [118761] MISMATCH: expected=0xx actual=0x9a
# ** Error: Assertion error.
#    Time: 118761 ns  Scope: test_NtnuTfe4171Lab1Fifo.scoreBoardPopAndCheck File: ./tb/test_NtnuTfe4171Lab1Fifo.sv Line: 85
#    118761 |   1    0x09a  |   1   0x09a  |   0     0     0
#    118823 |   1    0x09a  |   0   0x09a  |   0     0     0
# [118885] ERROR: Read with empty scoreboard!
# ** Error: Assertion error.
#    Time: 118885 ns  Scope: test_NtnuTfe4171Lab1Fifo.scoreBoardPopAndCheck File: ./tb/test_NtnuTfe4171Lab1Fifo.sv Line: 75
# [118885] MISMATCH: expected=0xx actual=0x9a
# ** Error: Assertion error.
#    Time: 118885 ns  Scope: test_NtnuTfe4171Lab1Fifo.scoreBoardPopAndCheck File: ./tb/test_NtnuTfe4171Lab1Fifo.sv Line: 85
#    118885 |   1    0x09a  |   1   0x09a  |   0     0     0
#    118947 |   1    0x09a  |   0   0x09a  |   0     0     0
# [119009] ERROR: Read with empty scoreboard!
# ** Error: Assertion error.
#    Time: 119009 ns  Scope: test_NtnuTfe4171Lab1Fifo.scoreBoardPopAndCheck File: ./tb/test_NtnuTfe4171Lab1Fifo.sv Line: 75
# [119009] MISMATCH: expected=0xx actual=0x9a
# ** Error: Assertion error.
#    Time: 119009 ns  Scope: test_NtnuTfe4171Lab1Fifo.scoreBoardPopAndCheck File: ./tb/test_NtnuTfe4171Lab1Fifo.sv Line: 85
#    119009 |   1    0x09a  |   1   0x09a  |   0     0     0
#    119071 |   1    0x09a  |   0   0x09a  |   0     0     0
# [119133] ERROR: Read with empty scoreboard!
# ** Error: Assertion error.
#    Time: 119133 ns  Scope: test_NtnuTfe4171Lab1Fifo.scoreBoardPopAndCheck File: ./tb/test_NtnuTfe4171Lab1Fifo.sv Line: 75
# [119133] MISMATCH: expected=0xx actual=0x9a
# ** Error: Assertion error.
#    Time: 119133 ns  Scope: test_NtnuTfe4171Lab1Fifo.scoreBoardPopAndCheck File: ./tb/test_NtnuTfe4171Lab1Fifo.sv Line: 85
#    119133 |   1    0x09a  |   1   0x09a  |   0     0     0
#    119195 |   1    0x09a  |   0   0x09a  |   0     0     0
# [119257] ERROR: Read with empty scoreboard!
# ** Error: Assertion error.
#    Time: 119257 ns  Scope: test_NtnuTfe4171Lab1Fifo.scoreBoardPopAndCheck File: ./tb/test_NtnuTfe4171Lab1Fifo.sv Line: 75
# [119257] MISMATCH: expected=0xx actual=0x9a
# ** Error: Assertion error.
#    Time: 119257 ns  Scope: test_NtnuTfe4171Lab1Fifo.scoreBoardPopAndCheck File: ./tb/test_NtnuTfe4171Lab1Fifo.sv Line: 85
#    119257 |   1    0x09a  |   1   0x09a  |   0     0     0
#    119319 |   1    0x09a  |   0   0x09a  |   0     0     0
# [119381] ERROR: Read with empty scoreboard!
# ** Error: Assertion error.
#    Time: 119381 ns  Scope: test_NtnuTfe4171Lab1Fifo.scoreBoardPopAndCheck File: ./tb/test_NtnuTfe4171Lab1Fifo.sv Line: 75
# [119381] MISMATCH: expected=0xx actual=0x9a
# ** Error: Assertion error.
#    Time: 119381 ns  Scope: test_NtnuTfe4171Lab1Fifo.scoreBoardPopAndCheck File: ./tb/test_NtnuTfe4171Lab1Fifo.sv Line: 85
#    119381 |   1    0x09a  |   1   0x09a  |   0     0     0
#    119443 |   1    0x09a  |   0   0x09a  |   0     0     0
# [119505] ERROR: Read with empty scoreboard!
# ** Error: Assertion error.
#    Time: 119505 ns  Scope: test_NtnuTfe4171Lab1Fifo.scoreBoardPopAndCheck File: ./tb/test_NtnuTfe4171Lab1Fifo.sv Line: 75
# [119505] MISMATCH: expected=0xx actual=0x9a
# ** Error: Assertion error.
#    Time: 119505 ns  Scope: test_NtnuTfe4171Lab1Fifo.scoreBoardPopAndCheck File: ./tb/test_NtnuTfe4171Lab1Fifo.sv Line: 85
#    119505 |   1    0x09a  |   1   0x09a  |   0     0     0
#    119567 |   1    0x09a  |   0   0x09a  |   0     0     0
# [119629] ERROR: Read with empty scoreboard!
# ** Error: Assertion error.
#    Time: 119629 ns  Scope: test_NtnuTfe4171Lab1Fifo.scoreBoardPopAndCheck File: ./tb/test_NtnuTfe4171Lab1Fifo.sv Line: 75
# [119629] MISMATCH: expected=0xx actual=0x9a
# ** Error: Assertion error.
#    Time: 119629 ns  Scope: test_NtnuTfe4171Lab1Fifo.scoreBoardPopAndCheck File: ./tb/test_NtnuTfe4171Lab1Fifo.sv Line: 85
#    119629 |   1    0x09a  |   1   0x09a  |   0     0     0
#    119691 |   1    0x09a  |   0   0x09a  |   0     0     0
# [119753] ERROR: Read with empty scoreboard!
# ** Error: Assertion error.
#    Time: 119753 ns  Scope: test_NtnuTfe4171Lab1Fifo.scoreBoardPopAndCheck File: ./tb/test_NtnuTfe4171Lab1Fifo.sv Line: 75
# [119753] MISMATCH: expected=0xx actual=0x9a
# ** Error: Assertion error.
#    Time: 119753 ns  Scope: test_NtnuTfe4171Lab1Fifo.scoreBoardPopAndCheck File: ./tb/test_NtnuTfe4171Lab1Fifo.sv Line: 85
#    119753 |   1    0x09a  |   1   0x09a  |   0     0     0
#    119815 |   1    0x09a  |   0   0x09a  |   0     0     0
# [119877] ERROR: Read with empty scoreboard!
# ** Error: Assertion error.
#    Time: 119877 ns  Scope: test_NtnuTfe4171Lab1Fifo.scoreBoardPopAndCheck File: ./tb/test_NtnuTfe4171Lab1Fifo.sv Line: 75
# [119877] MISMATCH: expected=0xx actual=0x9a
# ** Error: Assertion error.
#    Time: 119877 ns  Scope: test_NtnuTfe4171Lab1Fifo.scoreBoardPopAndCheck File: ./tb/test_NtnuTfe4171Lab1Fifo.sv Line: 85
#    119877 |   1    0x09a  |   1   0x09a  |   0     0     0
#    119939 |   1    0x09a  |   0   0x09a  |   0     0     0
# [120001] ERROR: Read with empty scoreboard!
# ** Error: Assertion error.
#    Time: 120001 ns  Scope: test_NtnuTfe4171Lab1Fifo.scoreBoardPopAndCheck File: ./tb/test_NtnuTfe4171Lab1Fifo.sv Line: 75
# [120001] MISMATCH: expected=0xx actual=0x9a
# ** Error: Assertion error.
#    Time: 120001 ns  Scope: test_NtnuTfe4171Lab1Fifo.scoreBoardPopAndCheck File: ./tb/test_NtnuTfe4171Lab1Fifo.sv Line: 85
#    120001 |   1    0x09a  |   1   0x09a  |   0     0     0
#    120063 |   1    0x09a  |   0   0x09a  |   0     0     0
# [120125] ERROR: Read with empty scoreboard!
# ** Error: Assertion error.
#    Time: 120125 ns  Scope: test_NtnuTfe4171Lab1Fifo.scoreBoardPopAndCheck File: ./tb/test_NtnuTfe4171Lab1Fifo.sv Line: 75
# [120125] MISMATCH: expected=0xx actual=0x9a
# ** Error: Assertion error.
#    Time: 120125 ns  Scope: test_NtnuTfe4171Lab1Fifo.scoreBoardPopAndCheck File: ./tb/test_NtnuTfe4171Lab1Fifo.sv Line: 85
#    120125 |   1    0x09a  |   1   0x09a  |   0     0     0
#    120187 |   1    0x09a  |   0   0x09a  |   0     0     0
# [120249] ERROR: Read with empty scoreboard!
# ** Error: Assertion error.
#    Time: 120249 ns  Scope: test_NtnuTfe4171Lab1Fifo.scoreBoardPopAndCheck File: ./tb/test_NtnuTfe4171Lab1Fifo.sv Line: 75
# [120249] MISMATCH: expected=0xx actual=0x9a
# ** Error: Assertion error.
#    Time: 120249 ns  Scope: test_NtnuTfe4171Lab1Fifo.scoreBoardPopAndCheck File: ./tb/test_NtnuTfe4171Lab1Fifo.sv Line: 85
#    120249 |   1    0x09a  |   1   0x09a  |   0     0     0
#    120311 |   1    0x09a  |   0   0x09a  |   0     0     0
# [120373] ERROR: Read with empty scoreboard!
# ** Error: Assertion error.
#    Time: 120373 ns  Scope: test_NtnuTfe4171Lab1Fifo.scoreBoardPopAndCheck File: ./tb/test_NtnuTfe4171Lab1Fifo.sv Line: 75
# [120373] MISMATCH: expected=0xx actual=0x9a
# ** Error: Assertion error.
#    Time: 120373 ns  Scope: test_NtnuTfe4171Lab1Fifo.scoreBoardPopAndCheck File: ./tb/test_NtnuTfe4171Lab1Fifo.sv Line: 85
#    120373 |   1    0x09a  |   1   0x09a  |   0     0     0
#    120435 |   1    0x09a  |   0   0x09a  |   0     0     0
# [120497] ERROR: Read with empty scoreboard!
# ** Error: Assertion error.
#    Time: 120497 ns  Scope: test_NtnuTfe4171Lab1Fifo.scoreBoardPopAndCheck File: ./tb/test_NtnuTfe4171Lab1Fifo.sv Line: 75
# [120497] MISMATCH: expected=0xx actual=0x9a
# ** Error: Assertion error.
#    Time: 120497 ns  Scope: test_NtnuTfe4171Lab1Fifo.scoreBoardPopAndCheck File: ./tb/test_NtnuTfe4171Lab1Fifo.sv Line: 85
#    120497 |   1    0x09a  |   1   0x09a  |   0     0     0
#    120559 |   1    0x09a  |   0   0x09a  |   0     0     0
# [120621] ERROR: Read with empty scoreboard!
# ** Error: Assertion error.
#    Time: 120621 ns  Scope: test_NtnuTfe4171Lab1Fifo.scoreBoardPopAndCheck File: ./tb/test_NtnuTfe4171Lab1Fifo.sv Line: 75
# [120621] MISMATCH: expected=0xx actual=0x9a
# ** Error: Assertion error.
#    Time: 120621 ns  Scope: test_NtnuTfe4171Lab1Fifo.scoreBoardPopAndCheck File: ./tb/test_NtnuTfe4171Lab1Fifo.sv Line: 85
#    120621 |   1    0x09a  |   1   0x09a  |   0     0     0
#    120683 |   1    0x09a  |   0   0x09a  |   0     0     0
# [120745] ERROR: Read with empty scoreboard!
# ** Error: Assertion error.
#    Time: 120745 ns  Scope: test_NtnuTfe4171Lab1Fifo.scoreBoardPopAndCheck File: ./tb/test_NtnuTfe4171Lab1Fifo.sv Line: 75
# [120745] MISMATCH: expected=0xx actual=0x9a
# ** Error: Assertion error.
#    Time: 120745 ns  Scope: test_NtnuTfe4171Lab1Fifo.scoreBoardPopAndCheck File: ./tb/test_NtnuTfe4171Lab1Fifo.sv Line: 85
#    120745 |   1    0x09a  |   1   0x09a  |   0     0     0
#    120807 |   1    0x09a  |   0   0x09a  |   0     0     0
# [120869] ERROR: Read with empty scoreboard!
# ** Error: Assertion error.
#    Time: 120869 ns  Scope: test_NtnuTfe4171Lab1Fifo.scoreBoardPopAndCheck File: ./tb/test_NtnuTfe4171Lab1Fifo.sv Line: 75
# [120869] MISMATCH: expected=0xx actual=0x9a
# ** Error: Assertion error.
#    Time: 120869 ns  Scope: test_NtnuTfe4171Lab1Fifo.scoreBoardPopAndCheck File: ./tb/test_NtnuTfe4171Lab1Fifo.sv Line: 85
#    120869 |   1    0x09a  |   1   0x09a  |   0     0     0
#    120931 |   1    0x09a  |   0   0x09a  |   0     0     0
# [120993] ERROR: Read with empty scoreboard!
# ** Error: Assertion error.
#    Time: 120993 ns  Scope: test_NtnuTfe4171Lab1Fifo.scoreBoardPopAndCheck File: ./tb/test_NtnuTfe4171Lab1Fifo.sv Line: 75
# [120993] MISMATCH: expected=0xx actual=0x9a
# ** Error: Assertion error.
#    Time: 120993 ns  Scope: test_NtnuTfe4171Lab1Fifo.scoreBoardPopAndCheck File: ./tb/test_NtnuTfe4171Lab1Fifo.sv Line: 85
#    120993 |   1    0x09a  |   1   0x09a  |   0     0     0
#    121055 |   1    0x09a  |   0   0x09a  |   0     0     0
# [121117] ERROR: Read with empty scoreboard!
# ** Error: Assertion error.
#    Time: 121117 ns  Scope: test_NtnuTfe4171Lab1Fifo.scoreBoardPopAndCheck File: ./tb/test_NtnuTfe4171Lab1Fifo.sv Line: 75
# [121117] MISMATCH: expected=0xx actual=0x9a
# ** Error: Assertion error.
#    Time: 121117 ns  Scope: test_NtnuTfe4171Lab1Fifo.scoreBoardPopAndCheck File: ./tb/test_NtnuTfe4171Lab1Fifo.sv Line: 85
#    121117 |   1    0x09a  |   1   0x09a  |   0     0     0
#    121179 |   1    0x09a  |   0   0x09a  |   0     0     0
# [121241] ERROR: Read with empty scoreboard!
# ** Error: Assertion error.
#    Time: 121241 ns  Scope: test_NtnuTfe4171Lab1Fifo.scoreBoardPopAndCheck File: ./tb/test_NtnuTfe4171Lab1Fifo.sv Line: 75
# [121241] MISMATCH: expected=0xx actual=0x9a
# ** Error: Assertion error.
#    Time: 121241 ns  Scope: test_NtnuTfe4171Lab1Fifo.scoreBoardPopAndCheck File: ./tb/test_NtnuTfe4171Lab1Fifo.sv Line: 85
#    121241 |   1    0x09a  |   1   0x09a  |   0     0     0
#    121303 |   1    0x09a  |   0   0x09a  |   0     0     0
# [121365] ERROR: Read with empty scoreboard!
# ** Error: Assertion error.
#    Time: 121365 ns  Scope: test_NtnuTfe4171Lab1Fifo.scoreBoardPopAndCheck File: ./tb/test_NtnuTfe4171Lab1Fifo.sv Line: 75
# [121365] MISMATCH: expected=0xx actual=0x9a
# ** Error: Assertion error.
#    Time: 121365 ns  Scope: test_NtnuTfe4171Lab1Fifo.scoreBoardPopAndCheck File: ./tb/test_NtnuTfe4171Lab1Fifo.sv Line: 85
#    121365 |   1    0x09a  |   1   0x09a  |   0     0     0
#    121427 |   1    0x09a  |   0   0x09a  |   0     0     0
# [121489] ERROR: Read with empty scoreboard!
# ** Error: Assertion error.
#    Time: 121489 ns  Scope: test_NtnuTfe4171Lab1Fifo.scoreBoardPopAndCheck File: ./tb/test_NtnuTfe4171Lab1Fifo.sv Line: 75
# [121489] MISMATCH: expected=0xx actual=0x9a
# ** Error: Assertion error.
#    Time: 121489 ns  Scope: test_NtnuTfe4171Lab1Fifo.scoreBoardPopAndCheck File: ./tb/test_NtnuTfe4171Lab1Fifo.sv Line: 85
#    121489 |   1    0x09a  |   1   0x09a  |   1     0     0
#    121551 |   1    0x09a  |   0   0x09a  |   0     0     0
# [121613] ERROR: Read with empty scoreboard!
# ** Error: Assertion error.
#    Time: 121613 ns  Scope: test_NtnuTfe4171Lab1Fifo.scoreBoardPopAndCheck File: ./tb/test_NtnuTfe4171Lab1Fifo.sv Line: 75
# [121613] MISMATCH: expected=0xx actual=0x9a
# ** Error: Assertion error.
#    Time: 121613 ns  Scope: test_NtnuTfe4171Lab1Fifo.scoreBoardPopAndCheck File: ./tb/test_NtnuTfe4171Lab1Fifo.sv Line: 85
#    121613 |   1    0x09a  |   1   0x09a  |   1     0     0
#    121675 |   1    0x09a  |   0   0x09a  |   0     0     0
# [121737] ERROR: Read with empty scoreboard!
# ** Error: Assertion error.
#    Time: 121737 ns  Scope: test_NtnuTfe4171Lab1Fifo.scoreBoardPopAndCheck File: ./tb/test_NtnuTfe4171Lab1Fifo.sv Line: 75
# [121737] MISMATCH: expected=0xx actual=0x9a
# ** Error: Assertion error.
#    Time: 121737 ns  Scope: test_NtnuTfe4171Lab1Fifo.scoreBoardPopAndCheck File: ./tb/test_NtnuTfe4171Lab1Fifo.sv Line: 85
#    121737 |   1    0x09a  |   1   0x09a  |   0     0     0
#    121799 |   1    0x09a  |   0   0x09a  |   0     0     0
# [121861] ERROR: Read with empty scoreboard!
# ** Error: Assertion error.
#    Time: 121861 ns  Scope: test_NtnuTfe4171Lab1Fifo.scoreBoardPopAndCheck File: ./tb/test_NtnuTfe4171Lab1Fifo.sv Line: 75
# [121861] MISMATCH: expected=0xx actual=0x9a
# ** Error: Assertion error.
#    Time: 121861 ns  Scope: test_NtnuTfe4171Lab1Fifo.scoreBoardPopAndCheck File: ./tb/test_NtnuTfe4171Lab1Fifo.sv Line: 85
#    121861 |   1    0x09a  |   1   0x09a  |   0     0     0
#    121923 |   1    0x09a  |   0   0x09a  |   0     0     0
# [121985] ERROR: Read with empty scoreboard!
# ** Error: Assertion error.
#    Time: 121985 ns  Scope: test_NtnuTfe4171Lab1Fifo.scoreBoardPopAndCheck File: ./tb/test_NtnuTfe4171Lab1Fifo.sv Line: 75
# [121985] MISMATCH: expected=0xx actual=0x9a
# ** Error: Assertion error.
#    Time: 121985 ns  Scope: test_NtnuTfe4171Lab1Fifo.scoreBoardPopAndCheck File: ./tb/test_NtnuTfe4171Lab1Fifo.sv Line: 85
#    121985 |   1    0x09a  |   1   0x09a  |   0     0     0
#    122047 |   1    0x09a  |   0   0x09a  |   0     0     0
# [122109] ERROR: Read with empty scoreboard!
# ** Error: Assertion error.
#    Time: 122109 ns  Scope: test_NtnuTfe4171Lab1Fifo.scoreBoardPopAndCheck File: ./tb/test_NtnuTfe4171Lab1Fifo.sv Line: 75
# [122109] MISMATCH: expected=0xx actual=0x9a
# ** Error: Assertion error.
#    Time: 122109 ns  Scope: test_NtnuTfe4171Lab1Fifo.scoreBoardPopAndCheck File: ./tb/test_NtnuTfe4171Lab1Fifo.sv Line: 85
#    122109 |   1    0x09a  |   1   0x09a  |   0     0     0
#    122171 |   1    0x09a  |   0   0x09a  |   0     0     0
# [122233] ERROR: Read with empty scoreboard!
# ** Error: Assertion error.
#    Time: 122233 ns  Scope: test_NtnuTfe4171Lab1Fifo.scoreBoardPopAndCheck File: ./tb/test_NtnuTfe4171Lab1Fifo.sv Line: 75
# [122233] MISMATCH: expected=0xx actual=0x9a
# ** Error: Assertion error.
#    Time: 122233 ns  Scope: test_NtnuTfe4171Lab1Fifo.scoreBoardPopAndCheck File: ./tb/test_NtnuTfe4171Lab1Fifo.sv Line: 85
#    122233 |   1    0x09a  |   1   0x09a  |   0     0     0
#    122295 |   1    0x09a  |   0   0x09a  |   0     0     0
# [122357] ERROR: Read with empty scoreboard!
# ** Error: Assertion error.
#    Time: 122357 ns  Scope: test_NtnuTfe4171Lab1Fifo.scoreBoardPopAndCheck File: ./tb/test_NtnuTfe4171Lab1Fifo.sv Line: 75
# [122357] MISMATCH: expected=0xx actual=0x9a
# ** Error: Assertion error.
#    Time: 122357 ns  Scope: test_NtnuTfe4171Lab1Fifo.scoreBoardPopAndCheck File: ./tb/test_NtnuTfe4171Lab1Fifo.sv Line: 85
#    122357 |   1    0x09a  |   1   0x09a  |   0     0     0
#    122419 |   1    0x09a  |   0   0x09a  |   0     0     0
# [122481] ERROR: Read with empty scoreboard!
# ** Error: Assertion error.
#    Time: 122481 ns  Scope: test_NtnuTfe4171Lab1Fifo.scoreBoardPopAndCheck File: ./tb/test_NtnuTfe4171Lab1Fifo.sv Line: 75
# [122481] MISMATCH: expected=0xx actual=0x9a
# ** Error: Assertion error.
#    Time: 122481 ns  Scope: test_NtnuTfe4171Lab1Fifo.scoreBoardPopAndCheck File: ./tb/test_NtnuTfe4171Lab1Fifo.sv Line: 85
#    122481 |   1    0x09a  |   1   0x09a  |   0     0     0
#    122543 |   1    0x09a  |   0   0x09a  |   0     0     0
# [122605] ERROR: Read with empty scoreboard!
# ** Error: Assertion error.
#    Time: 122605 ns  Scope: test_NtnuTfe4171Lab1Fifo.scoreBoardPopAndCheck File: ./tb/test_NtnuTfe4171Lab1Fifo.sv Line: 75
# [122605] MISMATCH: expected=0xx actual=0x9a
# ** Error: Assertion error.
#    Time: 122605 ns  Scope: test_NtnuTfe4171Lab1Fifo.scoreBoardPopAndCheck File: ./tb/test_NtnuTfe4171Lab1Fifo.sv Line: 85
#    122605 |   1    0x09a  |   1   0x09a  |   0     0     0
#    122667 |   1    0x09a  |   0   0x09a  |   0     0     0
# [122729] ERROR: Read with empty scoreboard!
# ** Error: Assertion error.
#    Time: 122729 ns  Scope: test_NtnuTfe4171Lab1Fifo.scoreBoardPopAndCheck File: ./tb/test_NtnuTfe4171Lab1Fifo.sv Line: 75
# [122729] MISMATCH: expected=0xx actual=0x9a
# ** Error: Assertion error.
#    Time: 122729 ns  Scope: test_NtnuTfe4171Lab1Fifo.scoreBoardPopAndCheck File: ./tb/test_NtnuTfe4171Lab1Fifo.sv Line: 85
#    122729 |   1    0x09a  |   1   0x09a  |   0     0     0
#    122791 |   1    0x09a  |   0   0x09a  |   0     0     0
# [122853] ERROR: Read with empty scoreboard!
# ** Error: Assertion error.
#    Time: 122853 ns  Scope: test_NtnuTfe4171Lab1Fifo.scoreBoardPopAndCheck File: ./tb/test_NtnuTfe4171Lab1Fifo.sv Line: 75
# [122853] MISMATCH: expected=0xx actual=0x9a
# ** Error: Assertion error.
#    Time: 122853 ns  Scope: test_NtnuTfe4171Lab1Fifo.scoreBoardPopAndCheck File: ./tb/test_NtnuTfe4171Lab1Fifo.sv Line: 85
#    122853 |   1    0x09a  |   1   0x09a  |   0     0     0
#    122915 |   1    0x09a  |   0   0x09a  |   0     0     0
# [122977] ERROR: Read with empty scoreboard!
# ** Error: Assertion error.
#    Time: 122977 ns  Scope: test_NtnuTfe4171Lab1Fifo.scoreBoardPopAndCheck File: ./tb/test_NtnuTfe4171Lab1Fifo.sv Line: 75
# [122977] MISMATCH: expected=0xx actual=0x9a
# ** Error: Assertion error.
#    Time: 122977 ns  Scope: test_NtnuTfe4171Lab1Fifo.scoreBoardPopAndCheck File: ./tb/test_NtnuTfe4171Lab1Fifo.sv Line: 85
#    122977 |   1    0x09a  |   1   0x09a  |   0     0     0
#    123039 |   1    0x09a  |   0   0x09a  |   0     0     0
# [123101] ERROR: Read with empty scoreboard!
# ** Error: Assertion error.
#    Time: 123101 ns  Scope: test_NtnuTfe4171Lab1Fifo.scoreBoardPopAndCheck File: ./tb/test_NtnuTfe4171Lab1Fifo.sv Line: 75
# [123101] MISMATCH: expected=0xx actual=0x9a
# ** Error: Assertion error.
#    Time: 123101 ns  Scope: test_NtnuTfe4171Lab1Fifo.scoreBoardPopAndCheck File: ./tb/test_NtnuTfe4171Lab1Fifo.sv Line: 85
#    123101 |   1    0x09a  |   1   0x09a  |   0     0     0
#    123163 |   1    0x09a  |   0   0x09a  |   0     0     0
# [123225] ERROR: Read with empty scoreboard!
# ** Error: Assertion error.
#    Time: 123225 ns  Scope: test_NtnuTfe4171Lab1Fifo.scoreBoardPopAndCheck File: ./tb/test_NtnuTfe4171Lab1Fifo.sv Line: 75
# [123225] MISMATCH: expected=0xx actual=0x9a
# ** Error: Assertion error.
#    Time: 123225 ns  Scope: test_NtnuTfe4171Lab1Fifo.scoreBoardPopAndCheck File: ./tb/test_NtnuTfe4171Lab1Fifo.sv Line: 85
#    123225 |   1    0x09a  |   1   0x09a  |   0     0     0
#    123287 |   1    0x09a  |   0   0x09a  |   0     0     0
# [123349] ERROR: Read with empty scoreboard!
# ** Error: Assertion error.
#    Time: 123349 ns  Scope: test_NtnuTfe4171Lab1Fifo.scoreBoardPopAndCheck File: ./tb/test_NtnuTfe4171Lab1Fifo.sv Line: 75
# [123349] MISMATCH: expected=0xx actual=0x9a
# ** Error: Assertion error.
#    Time: 123349 ns  Scope: test_NtnuTfe4171Lab1Fifo.scoreBoardPopAndCheck File: ./tb/test_NtnuTfe4171Lab1Fifo.sv Line: 85
#    123349 |   1    0x09a  |   1   0x09a  |   0     0     0
#    123411 |   1    0x09a  |   0   0x09a  |   0     0     0
# [123473] ERROR: Read with empty scoreboard!
# ** Error: Assertion error.
#    Time: 123473 ns  Scope: test_NtnuTfe4171Lab1Fifo.scoreBoardPopAndCheck File: ./tb/test_NtnuTfe4171Lab1Fifo.sv Line: 75
# [123473] MISMATCH: expected=0xx actual=0x9a
# ** Error: Assertion error.
#    Time: 123473 ns  Scope: test_NtnuTfe4171Lab1Fifo.scoreBoardPopAndCheck File: ./tb/test_NtnuTfe4171Lab1Fifo.sv Line: 85
#    123473 |   1    0x09a  |   1   0x09a  |   0     0     0
#    123535 |   1    0x09a  |   0   0x09a  |   0     0     0
# [123597] ERROR: Read with empty scoreboard!
# ** Error: Assertion error.
#    Time: 123597 ns  Scope: test_NtnuTfe4171Lab1Fifo.scoreBoardPopAndCheck File: ./tb/test_NtnuTfe4171Lab1Fifo.sv Line: 75
# [123597] MISMATCH: expected=0xx actual=0x9a
# ** Error: Assertion error.
#    Time: 123597 ns  Scope: test_NtnuTfe4171Lab1Fifo.scoreBoardPopAndCheck File: ./tb/test_NtnuTfe4171Lab1Fifo.sv Line: 85
#    123597 |   1    0x09a  |   1   0x09a  |   0     0     0
#    123659 |   1    0x09a  |   0   0x09a  |   0     0     0
# [123721] ERROR: Read with empty scoreboard!
# ** Error: Assertion error.
#    Time: 123721 ns  Scope: test_NtnuTfe4171Lab1Fifo.scoreBoardPopAndCheck File: ./tb/test_NtnuTfe4171Lab1Fifo.sv Line: 75
# [123721] MISMATCH: expected=0xx actual=0x9a
# ** Error: Assertion error.
#    Time: 123721 ns  Scope: test_NtnuTfe4171Lab1Fifo.scoreBoardPopAndCheck File: ./tb/test_NtnuTfe4171Lab1Fifo.sv Line: 85
#    123721 |   1    0x09a  |   1   0x09a  |   0     0     0
#    123783 |   1    0x09a  |   0   0x09a  |   0     0     0
# [123845] ERROR: Read with empty scoreboard!
# ** Error: Assertion error.
#    Time: 123845 ns  Scope: test_NtnuTfe4171Lab1Fifo.scoreBoardPopAndCheck File: ./tb/test_NtnuTfe4171Lab1Fifo.sv Line: 75
# [123845] MISMATCH: expected=0xx actual=0x9a
# ** Error: Assertion error.
#    Time: 123845 ns  Scope: test_NtnuTfe4171Lab1Fifo.scoreBoardPopAndCheck File: ./tb/test_NtnuTfe4171Lab1Fifo.sv Line: 85
#    123845 |   1    0x09a  |   1   0x09a  |   0     0     0
#    123907 |   1    0x09a  |   0   0x09a  |   0     0     0
# [123969] ERROR: Read with empty scoreboard!
# ** Error: Assertion error.
#    Time: 123969 ns  Scope: test_NtnuTfe4171Lab1Fifo.scoreBoardPopAndCheck File: ./tb/test_NtnuTfe4171Lab1Fifo.sv Line: 75
# [123969] MISMATCH: expected=0xx actual=0x9a
# ** Error: Assertion error.
#    Time: 123969 ns  Scope: test_NtnuTfe4171Lab1Fifo.scoreBoardPopAndCheck File: ./tb/test_NtnuTfe4171Lab1Fifo.sv Line: 85
#    123969 |   1    0x09a  |   1   0x09a  |   0     0     0
#    124031 |   1    0x09a  |   0   0x09a  |   0     0     0
# [124093] ERROR: Read with empty scoreboard!
# ** Error: Assertion error.
#    Time: 124093 ns  Scope: test_NtnuTfe4171Lab1Fifo.scoreBoardPopAndCheck File: ./tb/test_NtnuTfe4171Lab1Fifo.sv Line: 75
# [124093] MISMATCH: expected=0xx actual=0x9a
# ** Error: Assertion error.
#    Time: 124093 ns  Scope: test_NtnuTfe4171Lab1Fifo.scoreBoardPopAndCheck File: ./tb/test_NtnuTfe4171Lab1Fifo.sv Line: 85
#    124093 |   1    0x09a  |   1   0x09a  |   0     0     0
#    124155 |   1    0x09a  |   0   0x09a  |   0     0     0
# [124217] ERROR: Read with empty scoreboard!
# ** Error: Assertion error.
#    Time: 124217 ns  Scope: test_NtnuTfe4171Lab1Fifo.scoreBoardPopAndCheck File: ./tb/test_NtnuTfe4171Lab1Fifo.sv Line: 75
# [124217] MISMATCH: expected=0xx actual=0x9a
# ** Error: Assertion error.
#    Time: 124217 ns  Scope: test_NtnuTfe4171Lab1Fifo.scoreBoardPopAndCheck File: ./tb/test_NtnuTfe4171Lab1Fifo.sv Line: 85
#    124217 |   1    0x09a  |   1   0x09a  |   0     0     0
#    124279 |   1    0x09a  |   0   0x09a  |   0     0     0
# [124341] ERROR: Read with empty scoreboard!
# ** Error: Assertion error.
#    Time: 124341 ns  Scope: test_NtnuTfe4171Lab1Fifo.scoreBoardPopAndCheck File: ./tb/test_NtnuTfe4171Lab1Fifo.sv Line: 75
# [124341] MISMATCH: expected=0xx actual=0x9a
# ** Error: Assertion error.
#    Time: 124341 ns  Scope: test_NtnuTfe4171Lab1Fifo.scoreBoardPopAndCheck File: ./tb/test_NtnuTfe4171Lab1Fifo.sv Line: 85
#    124341 |   1    0x09a  |   1   0x09a  |   0     0     0
#    124403 |   1    0x09a  |   0   0x09a  |   0     0     0
# [124465] ERROR: Read with empty scoreboard!
# ** Error: Assertion error.
#    Time: 124465 ns  Scope: test_NtnuTfe4171Lab1Fifo.scoreBoardPopAndCheck File: ./tb/test_NtnuTfe4171Lab1Fifo.sv Line: 75
# [124465] MISMATCH: expected=0xx actual=0x9a
# ** Error: Assertion error.
#    Time: 124465 ns  Scope: test_NtnuTfe4171Lab1Fifo.scoreBoardPopAndCheck File: ./tb/test_NtnuTfe4171Lab1Fifo.sv Line: 85
#    124465 |   1    0x09a  |   1   0x09a  |   0     0     0
#    124527 |   1    0x09a  |   0   0x09a  |   0     0     0
# [124589] ERROR: Read with empty scoreboard!
# ** Error: Assertion error.
#    Time: 124589 ns  Scope: test_NtnuTfe4171Lab1Fifo.scoreBoardPopAndCheck File: ./tb/test_NtnuTfe4171Lab1Fifo.sv Line: 75
# [124589] MISMATCH: expected=0xx actual=0x9a
# ** Error: Assertion error.
#    Time: 124589 ns  Scope: test_NtnuTfe4171Lab1Fifo.scoreBoardPopAndCheck File: ./tb/test_NtnuTfe4171Lab1Fifo.sv Line: 85
#    124589 |   1    0x09a  |   1   0x09a  |   0     0     0
#    124651 |   1    0x09a  |   0   0x09a  |   0     0     0
# [124713] ERROR: Read with empty scoreboard!
# ** Error: Assertion error.
#    Time: 124713 ns  Scope: test_NtnuTfe4171Lab1Fifo.scoreBoardPopAndCheck File: ./tb/test_NtnuTfe4171Lab1Fifo.sv Line: 75
# [124713] MISMATCH: expected=0xx actual=0x9a
# ** Error: Assertion error.
#    Time: 124713 ns  Scope: test_NtnuTfe4171Lab1Fifo.scoreBoardPopAndCheck File: ./tb/test_NtnuTfe4171Lab1Fifo.sv Line: 85
#    124713 |   1    0x09a  |   1   0x09a  |   0     0     0
#    124775 |   1    0x09a  |   0   0x09a  |   0     0     0
# [124837] ERROR: Read with empty scoreboard!
# ** Error: Assertion error.
#    Time: 124837 ns  Scope: test_NtnuTfe4171Lab1Fifo.scoreBoardPopAndCheck File: ./tb/test_NtnuTfe4171Lab1Fifo.sv Line: 75
# [124837] MISMATCH: expected=0xx actual=0x9a
# ** Error: Assertion error.
#    Time: 124837 ns  Scope: test_NtnuTfe4171Lab1Fifo.scoreBoardPopAndCheck File: ./tb/test_NtnuTfe4171Lab1Fifo.sv Line: 85
#    124837 |   1    0x09a  |   1   0x09a  |   0     0     0
#    124899 |   1    0x09a  |   0   0x09a  |   0     0     0
# [124961] ERROR: Read with empty scoreboard!
# ** Error: Assertion error.
#    Time: 124961 ns  Scope: test_NtnuTfe4171Lab1Fifo.scoreBoardPopAndCheck File: ./tb/test_NtnuTfe4171Lab1Fifo.sv Line: 75
# [124961] MISMATCH: expected=0xx actual=0x9a
# ** Error: Assertion error.
#    Time: 124961 ns  Scope: test_NtnuTfe4171Lab1Fifo.scoreBoardPopAndCheck File: ./tb/test_NtnuTfe4171Lab1Fifo.sv Line: 85
#    124961 |   1    0x09a  |   1   0x09a  |   0     0     0
#    125023 |   1    0x09a  |   0   0x09a  |   0     0     0
# [125085] ERROR: Read with empty scoreboard!
# ** Error: Assertion error.
#    Time: 125085 ns  Scope: test_NtnuTfe4171Lab1Fifo.scoreBoardPopAndCheck File: ./tb/test_NtnuTfe4171Lab1Fifo.sv Line: 75
# [125085] MISMATCH: expected=0xx actual=0x9a
# ** Error: Assertion error.
#    Time: 125085 ns  Scope: test_NtnuTfe4171Lab1Fifo.scoreBoardPopAndCheck File: ./tb/test_NtnuTfe4171Lab1Fifo.sv Line: 85
#    125085 |   1    0x09a  |   1   0x09a  |   0     0     0
#    125147 |   1    0x09a  |   0   0x09a  |   0     0     0
# [125209] ERROR: Read with empty scoreboard!
# ** Error: Assertion error.
#    Time: 125209 ns  Scope: test_NtnuTfe4171Lab1Fifo.scoreBoardPopAndCheck File: ./tb/test_NtnuTfe4171Lab1Fifo.sv Line: 75
# [125209] MISMATCH: expected=0xx actual=0x9a
# ** Error: Assertion error.
#    Time: 125209 ns  Scope: test_NtnuTfe4171Lab1Fifo.scoreBoardPopAndCheck File: ./tb/test_NtnuTfe4171Lab1Fifo.sv Line: 85
#    125209 |   1    0x09a  |   1   0x09a  |   0     0     0
#    125271 |   1    0x09a  |   0   0x09a  |   0     0     0
# [125333] ERROR: Read with empty scoreboard!
# ** Error: Assertion error.
#    Time: 125333 ns  Scope: test_NtnuTfe4171Lab1Fifo.scoreBoardPopAndCheck File: ./tb/test_NtnuTfe4171Lab1Fifo.sv Line: 75
# [125333] MISMATCH: expected=0xx actual=0x9a
# ** Error: Assertion error.
#    Time: 125333 ns  Scope: test_NtnuTfe4171Lab1Fifo.scoreBoardPopAndCheck File: ./tb/test_NtnuTfe4171Lab1Fifo.sv Line: 85
#    125333 |   1    0x09a  |   1   0x09a  |   0     0     0
#    125395 |   1    0x09a  |   0   0x09a  |   0     0     0
# [125457] ERROR: Read with empty scoreboard!
# ** Error: Assertion error.
#    Time: 125457 ns  Scope: test_NtnuTfe4171Lab1Fifo.scoreBoardPopAndCheck File: ./tb/test_NtnuTfe4171Lab1Fifo.sv Line: 75
# [125457] MISMATCH: expected=0xx actual=0x9a
# ** Error: Assertion error.
#    Time: 125457 ns  Scope: test_NtnuTfe4171Lab1Fifo.scoreBoardPopAndCheck File: ./tb/test_NtnuTfe4171Lab1Fifo.sv Line: 85
#    125457 |   1    0x09a  |   1   0x09a  |   0     0     0
#    125519 |   1    0x09a  |   0   0x09a  |   0     0     0
# [125581] ERROR: Read with empty scoreboard!
# ** Error: Assertion error.
#    Time: 125581 ns  Scope: test_NtnuTfe4171Lab1Fifo.scoreBoardPopAndCheck File: ./tb/test_NtnuTfe4171Lab1Fifo.sv Line: 75
# [125581] MISMATCH: expected=0xx actual=0x9a
# ** Error: Assertion error.
#    Time: 125581 ns  Scope: test_NtnuTfe4171Lab1Fifo.scoreBoardPopAndCheck File: ./tb/test_NtnuTfe4171Lab1Fifo.sv Line: 85
#    125581 |   1    0x09a  |   1   0x09a  |   0     0     0
#    125643 |   1    0x09a  |   0   0x09a  |   0     0     0
#    125705 |   1    0x09a  |   1   0x09a  |   0     1     0
#    125767 |   1    0x09a  |   0   0x09a  |   0     0     0
# [125829] ERROR: Read with empty scoreboard!
# ** Error: Assertion error.
#    Time: 125829 ns  Scope: test_NtnuTfe4171Lab1Fifo.scoreBoardPopAndCheck File: ./tb/test_NtnuTfe4171Lab1Fifo.sv Line: 75
# [125829] MISMATCH: expected=0xx actual=0x9a
# ** Error: Assertion error.
#    Time: 125829 ns  Scope: test_NtnuTfe4171Lab1Fifo.scoreBoardPopAndCheck File: ./tb/test_NtnuTfe4171Lab1Fifo.sv Line: 85
#    125829 |   1    0x09a  |   1   0x09a  |   0     0     0
#    125891 |   1    0x09a  |   0   0x09a  |   0     0     0
# [125953] ERROR: Read with empty scoreboard!
# ** Error: Assertion error.
#    Time: 125953 ns  Scope: test_NtnuTfe4171Lab1Fifo.scoreBoardPopAndCheck File: ./tb/test_NtnuTfe4171Lab1Fifo.sv Line: 75
# [125953] MISMATCH: expected=0xx actual=0x9a
# ** Error: Assertion error.
#    Time: 125953 ns  Scope: test_NtnuTfe4171Lab1Fifo.scoreBoardPopAndCheck File: ./tb/test_NtnuTfe4171Lab1Fifo.sv Line: 85
#    125953 |   1    0x09a  |   1   0x09a  |   0     0     0
#    126015 |   1    0x09a  |   0   0x09a  |   0     0     0
# [126077] ERROR: Read with empty scoreboard!
# ** Error: Assertion error.
#    Time: 126077 ns  Scope: test_NtnuTfe4171Lab1Fifo.scoreBoardPopAndCheck File: ./tb/test_NtnuTfe4171Lab1Fifo.sv Line: 75
# [126077] MISMATCH: expected=0xx actual=0x9a
# ** Error: Assertion error.
#    Time: 126077 ns  Scope: test_NtnuTfe4171Lab1Fifo.scoreBoardPopAndCheck File: ./tb/test_NtnuTfe4171Lab1Fifo.sv Line: 85
#    126077 |   1    0x09a  |   1   0x09a  |   0     0     0
#    126139 |   1    0x09a  |   0   0x09a  |   0     0     0
# [126201] ERROR: Read with empty scoreboard!
# ** Error: Assertion error.
#    Time: 126201 ns  Scope: test_NtnuTfe4171Lab1Fifo.scoreBoardPopAndCheck File: ./tb/test_NtnuTfe4171Lab1Fifo.sv Line: 75
# [126201] MISMATCH: expected=0xx actual=0x9a
# ** Error: Assertion error.
#    Time: 126201 ns  Scope: test_NtnuTfe4171Lab1Fifo.scoreBoardPopAndCheck File: ./tb/test_NtnuTfe4171Lab1Fifo.sv Line: 85
#    126201 |   1    0x09a  |   1   0x09a  |   0     0     0
#    126263 |   1    0x09a  |   0   0x09a  |   0     0     0
# [126325] ERROR: Read with empty scoreboard!
# ** Error: Assertion error.
#    Time: 126325 ns  Scope: test_NtnuTfe4171Lab1Fifo.scoreBoardPopAndCheck File: ./tb/test_NtnuTfe4171Lab1Fifo.sv Line: 75
# [126325] MISMATCH: expected=0xx actual=0x9a
# ** Error: Assertion error.
#    Time: 126325 ns  Scope: test_NtnuTfe4171Lab1Fifo.scoreBoardPopAndCheck File: ./tb/test_NtnuTfe4171Lab1Fifo.sv Line: 85
#    126325 |   1    0x09a  |   1   0x09a  |   0     0     0
#    126387 |   1    0x09a  |   0   0x09a  |   0     0     0
# [126449] ERROR: Read with empty scoreboard!
# ** Error: Assertion error.
#    Time: 126449 ns  Scope: test_NtnuTfe4171Lab1Fifo.scoreBoardPopAndCheck File: ./tb/test_NtnuTfe4171Lab1Fifo.sv Line: 75
# [126449] MISMATCH: expected=0xx actual=0x9a
# ** Error: Assertion error.
#    Time: 126449 ns  Scope: test_NtnuTfe4171Lab1Fifo.scoreBoardPopAndCheck File: ./tb/test_NtnuTfe4171Lab1Fifo.sv Line: 85
#    126449 |   1    0x09a  |   1   0x09a  |   0     0     0
#    126511 |   1    0x09a  |   0   0x09a  |   0     0     0
# [126573] ERROR: Read with empty scoreboard!
# ** Error: Assertion error.
#    Time: 126573 ns  Scope: test_NtnuTfe4171Lab1Fifo.scoreBoardPopAndCheck File: ./tb/test_NtnuTfe4171Lab1Fifo.sv Line: 75
# [126573] MISMATCH: expected=0xx actual=0x9a
# ** Error: Assertion error.
#    Time: 126573 ns  Scope: test_NtnuTfe4171Lab1Fifo.scoreBoardPopAndCheck File: ./tb/test_NtnuTfe4171Lab1Fifo.sv Line: 85
#    126573 |   1    0x09a  |   1   0x09a  |   0     0     0
#    126635 |   1    0x09a  |   0   0x09a  |   0     0     0
# [126697] ERROR: Read with empty scoreboard!
# ** Error: Assertion error.
#    Time: 126697 ns  Scope: test_NtnuTfe4171Lab1Fifo.scoreBoardPopAndCheck File: ./tb/test_NtnuTfe4171Lab1Fifo.sv Line: 75
# [126697] MISMATCH: expected=0xx actual=0x9a
# ** Error: Assertion error.
#    Time: 126697 ns  Scope: test_NtnuTfe4171Lab1Fifo.scoreBoardPopAndCheck File: ./tb/test_NtnuTfe4171Lab1Fifo.sv Line: 85
#    126697 |   1    0x09a  |   1   0x09a  |   0     0     0
#    126759 |   1    0x09a  |   0   0x09a  |   0     0     0
# [126821] ERROR: Read with empty scoreboard!
# ** Error: Assertion error.
#    Time: 126821 ns  Scope: test_NtnuTfe4171Lab1Fifo.scoreBoardPopAndCheck File: ./tb/test_NtnuTfe4171Lab1Fifo.sv Line: 75
# [126821] MISMATCH: expected=0xx actual=0x9a
# ** Error: Assertion error.
#    Time: 126821 ns  Scope: test_NtnuTfe4171Lab1Fifo.scoreBoardPopAndCheck File: ./tb/test_NtnuTfe4171Lab1Fifo.sv Line: 85
#    126821 |   1    0x09a  |   1   0x09a  |   0     0     0
#    126883 |   1    0x09a  |   0   0x09a  |   0     0     0
# [126945] ERROR: Read with empty scoreboard!
# ** Error: Assertion error.
#    Time: 126945 ns  Scope: test_NtnuTfe4171Lab1Fifo.scoreBoardPopAndCheck File: ./tb/test_NtnuTfe4171Lab1Fifo.sv Line: 75
# [126945] MISMATCH: expected=0xx actual=0x9a
# ** Error: Assertion error.
#    Time: 126945 ns  Scope: test_NtnuTfe4171Lab1Fifo.scoreBoardPopAndCheck File: ./tb/test_NtnuTfe4171Lab1Fifo.sv Line: 85
#    126945 |   1    0x09a  |   1   0x09a  |   0     0     0
#    127007 |   1    0x09a  |   0   0x09a  |   0     0     0
# [127069] ERROR: Read with empty scoreboard!
# ** Error: Assertion error.
#    Time: 127069 ns  Scope: test_NtnuTfe4171Lab1Fifo.scoreBoardPopAndCheck File: ./tb/test_NtnuTfe4171Lab1Fifo.sv Line: 75
# [127069] MISMATCH: expected=0xx actual=0x9a
# ** Error: Assertion error.
#    Time: 127069 ns  Scope: test_NtnuTfe4171Lab1Fifo.scoreBoardPopAndCheck File: ./tb/test_NtnuTfe4171Lab1Fifo.sv Line: 85
#    127069 |   1    0x09a  |   1   0x09a  |   0     0     0
#    127131 |   1    0x09a  |   0   0x09a  |   0     0     0
# [127193] ERROR: Read with empty scoreboard!
# ** Error: Assertion error.
#    Time: 127193 ns  Scope: test_NtnuTfe4171Lab1Fifo.scoreBoardPopAndCheck File: ./tb/test_NtnuTfe4171Lab1Fifo.sv Line: 75
# [127193] MISMATCH: expected=0xx actual=0x9a
# ** Error: Assertion error.
#    Time: 127193 ns  Scope: test_NtnuTfe4171Lab1Fifo.scoreBoardPopAndCheck File: ./tb/test_NtnuTfe4171Lab1Fifo.sv Line: 85
#    127193 |   1    0x09a  |   1   0x09a  |   0     0     0
#    127255 |   1    0x09a  |   0   0x09a  |   0     0     0
# [127317] ERROR: Read with empty scoreboard!
# ** Error: Assertion error.
#    Time: 127317 ns  Scope: test_NtnuTfe4171Lab1Fifo.scoreBoardPopAndCheck File: ./tb/test_NtnuTfe4171Lab1Fifo.sv Line: 75
# [127317] MISMATCH: expected=0xx actual=0x9a
# ** Error: Assertion error.
#    Time: 127317 ns  Scope: test_NtnuTfe4171Lab1Fifo.scoreBoardPopAndCheck File: ./tb/test_NtnuTfe4171Lab1Fifo.sv Line: 85
#    127317 |   1    0x09a  |   1   0x09a  |   0     0     0
#    127379 |   1    0x09a  |   0   0x09a  |   0     0     0
# [127441] ERROR: Read with empty scoreboard!
# ** Error: Assertion error.
#    Time: 127441 ns  Scope: test_NtnuTfe4171Lab1Fifo.scoreBoardPopAndCheck File: ./tb/test_NtnuTfe4171Lab1Fifo.sv Line: 75
# [127441] MISMATCH: expected=0xx actual=0x9a
# ** Error: Assertion error.
#    Time: 127441 ns  Scope: test_NtnuTfe4171Lab1Fifo.scoreBoardPopAndCheck File: ./tb/test_NtnuTfe4171Lab1Fifo.sv Line: 85
#    127441 |   1    0x09a  |   1   0x09a  |   0     0     0
#    127503 |   1    0x09a  |   0   0x09a  |   0     0     0
# [127565] ERROR: Read with empty scoreboard!
# ** Error: Assertion error.
#    Time: 127565 ns  Scope: test_NtnuTfe4171Lab1Fifo.scoreBoardPopAndCheck File: ./tb/test_NtnuTfe4171Lab1Fifo.sv Line: 75
# [127565] MISMATCH: expected=0xx actual=0x9a
# ** Error: Assertion error.
#    Time: 127565 ns  Scope: test_NtnuTfe4171Lab1Fifo.scoreBoardPopAndCheck File: ./tb/test_NtnuTfe4171Lab1Fifo.sv Line: 85
#    127565 |   1    0x09a  |   1   0x09a  |   0     0     0
#    127627 |   1    0x09a  |   0   0x09a  |   0     0     0
# [127689] ERROR: Read with empty scoreboard!
# ** Error: Assertion error.
#    Time: 127689 ns  Scope: test_NtnuTfe4171Lab1Fifo.scoreBoardPopAndCheck File: ./tb/test_NtnuTfe4171Lab1Fifo.sv Line: 75
# [127689] MISMATCH: expected=0xx actual=0x9a
# ** Error: Assertion error.
#    Time: 127689 ns  Scope: test_NtnuTfe4171Lab1Fifo.scoreBoardPopAndCheck File: ./tb/test_NtnuTfe4171Lab1Fifo.sv Line: 85
#    127689 |   1    0x09a  |   1   0x09a  |   0     0     0
#    127751 |   1    0x09a  |   0   0x09a  |   0     0     0
# [127813] ERROR: Read with empty scoreboard!
# ** Error: Assertion error.
#    Time: 127813 ns  Scope: test_NtnuTfe4171Lab1Fifo.scoreBoardPopAndCheck File: ./tb/test_NtnuTfe4171Lab1Fifo.sv Line: 75
# [127813] MISMATCH: expected=0xx actual=0x9a
# ** Error: Assertion error.
#    Time: 127813 ns  Scope: test_NtnuTfe4171Lab1Fifo.scoreBoardPopAndCheck File: ./tb/test_NtnuTfe4171Lab1Fifo.sv Line: 85
#    127813 |   1    0x09a  |   1   0x09a  |   0     0     0
#    127875 |   1    0x09a  |   0   0x09a  |   0     0     0
# [127937] ERROR: Read with empty scoreboard!
# ** Error: Assertion error.
#    Time: 127937 ns  Scope: test_NtnuTfe4171Lab1Fifo.scoreBoardPopAndCheck File: ./tb/test_NtnuTfe4171Lab1Fifo.sv Line: 75
# [127937] MISMATCH: expected=0xx actual=0x9a
# ** Error: Assertion error.
#    Time: 127937 ns  Scope: test_NtnuTfe4171Lab1Fifo.scoreBoardPopAndCheck File: ./tb/test_NtnuTfe4171Lab1Fifo.sv Line: 85
#    127937 |   1    0x09a  |   1   0x09a  |   0     0     0
#    127999 |   1    0x09a  |   0   0x09a  |   0     0     0
# [128061] ERROR: Read with empty scoreboard!
# ** Error: Assertion error.
#    Time: 128061 ns  Scope: test_NtnuTfe4171Lab1Fifo.scoreBoardPopAndCheck File: ./tb/test_NtnuTfe4171Lab1Fifo.sv Line: 75
# [128061] MISMATCH: expected=0xx actual=0x9a
# ** Error: Assertion error.
#    Time: 128061 ns  Scope: test_NtnuTfe4171Lab1Fifo.scoreBoardPopAndCheck File: ./tb/test_NtnuTfe4171Lab1Fifo.sv Line: 85
#    128061 |   1    0x09a  |   1   0x09a  |   0     0     0
#    128123 |   1    0x09a  |   0   0x09a  |   0     0     0
# [128185] ERROR: Read with empty scoreboard!
# ** Error: Assertion error.
#    Time: 128185 ns  Scope: test_NtnuTfe4171Lab1Fifo.scoreBoardPopAndCheck File: ./tb/test_NtnuTfe4171Lab1Fifo.sv Line: 75
# [128185] MISMATCH: expected=0xx actual=0x9a
# ** Error: Assertion error.
#    Time: 128185 ns  Scope: test_NtnuTfe4171Lab1Fifo.scoreBoardPopAndCheck File: ./tb/test_NtnuTfe4171Lab1Fifo.sv Line: 85
#    128185 |   1    0x09a  |   1   0x09a  |   0     0     0
#    128247 |   1    0x09a  |   0   0x09a  |   0     0     0
# [128309] ERROR: Read with empty scoreboard!
# ** Error: Assertion error.
#    Time: 128309 ns  Scope: test_NtnuTfe4171Lab1Fifo.scoreBoardPopAndCheck File: ./tb/test_NtnuTfe4171Lab1Fifo.sv Line: 75
# [128309] MISMATCH: expected=0xx actual=0x9a
# ** Error: Assertion error.
#    Time: 128309 ns  Scope: test_NtnuTfe4171Lab1Fifo.scoreBoardPopAndCheck File: ./tb/test_NtnuTfe4171Lab1Fifo.sv Line: 85
#    128309 |   1    0x09a  |   1   0x09a  |   0     0     0
#    128371 |   1    0x09a  |   0   0x09a  |   0     0     0
# [128433] ERROR: Read with empty scoreboard!
# ** Error: Assertion error.
#    Time: 128433 ns  Scope: test_NtnuTfe4171Lab1Fifo.scoreBoardPopAndCheck File: ./tb/test_NtnuTfe4171Lab1Fifo.sv Line: 75
# [128433] MISMATCH: expected=0xx actual=0x9a
# ** Error: Assertion error.
#    Time: 128433 ns  Scope: test_NtnuTfe4171Lab1Fifo.scoreBoardPopAndCheck File: ./tb/test_NtnuTfe4171Lab1Fifo.sv Line: 85
#    128433 |   1    0x09a  |   1   0x09a  |   0     0     0
#    128495 |   1    0x09a  |   0   0x09a  |   0     0     0
# [128557] ERROR: Read with empty scoreboard!
# ** Error: Assertion error.
#    Time: 128557 ns  Scope: test_NtnuTfe4171Lab1Fifo.scoreBoardPopAndCheck File: ./tb/test_NtnuTfe4171Lab1Fifo.sv Line: 75
# [128557] MISMATCH: expected=0xx actual=0x9a
# ** Error: Assertion error.
#    Time: 128557 ns  Scope: test_NtnuTfe4171Lab1Fifo.scoreBoardPopAndCheck File: ./tb/test_NtnuTfe4171Lab1Fifo.sv Line: 85
#    128557 |   1    0x09a  |   1   0x09a  |   0     0     0
#    128619 |   1    0x09a  |   0   0x09a  |   0     0     0
# [128681] ERROR: Read with empty scoreboard!
# ** Error: Assertion error.
#    Time: 128681 ns  Scope: test_NtnuTfe4171Lab1Fifo.scoreBoardPopAndCheck File: ./tb/test_NtnuTfe4171Lab1Fifo.sv Line: 75
# [128681] MISMATCH: expected=0xx actual=0x9a
# ** Error: Assertion error.
#    Time: 128681 ns  Scope: test_NtnuTfe4171Lab1Fifo.scoreBoardPopAndCheck File: ./tb/test_NtnuTfe4171Lab1Fifo.sv Line: 85
#    128681 |   1    0x09a  |   1   0x09a  |   0     0     0
#    128743 |   1    0x09a  |   0   0x09a  |   0     0     0
# [128805] ERROR: Read with empty scoreboard!
# ** Error: Assertion error.
#    Time: 128805 ns  Scope: test_NtnuTfe4171Lab1Fifo.scoreBoardPopAndCheck File: ./tb/test_NtnuTfe4171Lab1Fifo.sv Line: 75
# [128805] MISMATCH: expected=0xx actual=0x9a
# ** Error: Assertion error.
#    Time: 128805 ns  Scope: test_NtnuTfe4171Lab1Fifo.scoreBoardPopAndCheck File: ./tb/test_NtnuTfe4171Lab1Fifo.sv Line: 85
#    128805 |   1    0x09a  |   1   0x09a  |   0     0     0
#    128867 |   1    0x09a  |   0   0x09a  |   0     0     0
# [128929] ERROR: Read with empty scoreboard!
# ** Error: Assertion error.
#    Time: 128929 ns  Scope: test_NtnuTfe4171Lab1Fifo.scoreBoardPopAndCheck File: ./tb/test_NtnuTfe4171Lab1Fifo.sv Line: 75
# [128929] MISMATCH: expected=0xx actual=0x9a
# ** Error: Assertion error.
#    Time: 128929 ns  Scope: test_NtnuTfe4171Lab1Fifo.scoreBoardPopAndCheck File: ./tb/test_NtnuTfe4171Lab1Fifo.sv Line: 85
#    128929 |   1    0x09a  |   1   0x09a  |   0     0     0
#    128991 |   1    0x09a  |   0   0x09a  |   0     0     0
# [129053] ERROR: Read with empty scoreboard!
# ** Error: Assertion error.
#    Time: 129053 ns  Scope: test_NtnuTfe4171Lab1Fifo.scoreBoardPopAndCheck File: ./tb/test_NtnuTfe4171Lab1Fifo.sv Line: 75
# [129053] MISMATCH: expected=0xx actual=0x9a
# ** Error: Assertion error.
#    Time: 129053 ns  Scope: test_NtnuTfe4171Lab1Fifo.scoreBoardPopAndCheck File: ./tb/test_NtnuTfe4171Lab1Fifo.sv Line: 85
#    129053 |   1    0x09a  |   1   0x09a  |   0     0     0
#    129115 |   1    0x09a  |   0   0x09a  |   0     0     0
# [129177] ERROR: Read with empty scoreboard!
# ** Error: Assertion error.
#    Time: 129177 ns  Scope: test_NtnuTfe4171Lab1Fifo.scoreBoardPopAndCheck File: ./tb/test_NtnuTfe4171Lab1Fifo.sv Line: 75
# [129177] MISMATCH: expected=0xx actual=0x9a
# ** Error: Assertion error.
#    Time: 129177 ns  Scope: test_NtnuTfe4171Lab1Fifo.scoreBoardPopAndCheck File: ./tb/test_NtnuTfe4171Lab1Fifo.sv Line: 85
#    129177 |   1    0x09a  |   1   0x09a  |   0     0     0
#    129239 |   1    0x09a  |   0   0x09a  |   0     0     0
# [129301] ERROR: Read with empty scoreboard!
# ** Error: Assertion error.
#    Time: 129301 ns  Scope: test_NtnuTfe4171Lab1Fifo.scoreBoardPopAndCheck File: ./tb/test_NtnuTfe4171Lab1Fifo.sv Line: 75
# [129301] MISMATCH: expected=0xx actual=0x9a
# ** Error: Assertion error.
#    Time: 129301 ns  Scope: test_NtnuTfe4171Lab1Fifo.scoreBoardPopAndCheck File: ./tb/test_NtnuTfe4171Lab1Fifo.sv Line: 85
#    129301 |   1    0x09a  |   1   0x09a  |   0     0     0
#    129363 |   1    0x09a  |   0   0x09a  |   0     0     0
# [129425] ERROR: Read with empty scoreboard!
# ** Error: Assertion error.
#    Time: 129425 ns  Scope: test_NtnuTfe4171Lab1Fifo.scoreBoardPopAndCheck File: ./tb/test_NtnuTfe4171Lab1Fifo.sv Line: 75
# [129425] MISMATCH: expected=0xx actual=0x9a
# ** Error: Assertion error.
#    Time: 129425 ns  Scope: test_NtnuTfe4171Lab1Fifo.scoreBoardPopAndCheck File: ./tb/test_NtnuTfe4171Lab1Fifo.sv Line: 85
#    129425 |   1    0x09a  |   1   0x09a  |   0     0     0
#    129487 |   1    0x09a  |   0   0x09a  |   0     0     0
# [129549] ERROR: Read with empty scoreboard!
# ** Error: Assertion error.
#    Time: 129549 ns  Scope: test_NtnuTfe4171Lab1Fifo.scoreBoardPopAndCheck File: ./tb/test_NtnuTfe4171Lab1Fifo.sv Line: 75
# [129549] MISMATCH: expected=0xx actual=0x9a
# ** Error: Assertion error.
#    Time: 129549 ns  Scope: test_NtnuTfe4171Lab1Fifo.scoreBoardPopAndCheck File: ./tb/test_NtnuTfe4171Lab1Fifo.sv Line: 85
#    129549 |   1    0x09a  |   1   0x09a  |   1     0     0
#    129611 |   1    0x09a  |   0   0x09a  |   0     0     0
# [129673] ERROR: Read with empty scoreboard!
# ** Error: Assertion error.
#    Time: 129673 ns  Scope: test_NtnuTfe4171Lab1Fifo.scoreBoardPopAndCheck File: ./tb/test_NtnuTfe4171Lab1Fifo.sv Line: 75
# [129673] MISMATCH: expected=0xx actual=0x9a
# ** Error: Assertion error.
#    Time: 129673 ns  Scope: test_NtnuTfe4171Lab1Fifo.scoreBoardPopAndCheck File: ./tb/test_NtnuTfe4171Lab1Fifo.sv Line: 85
#    129673 |   1    0x09a  |   1   0x09a  |   1     0     0
#    129735 |   1    0x09a  |   0   0x09a  |   0     0     0
# [129797] ERROR: Read with empty scoreboard!
# ** Error: Assertion error.
#    Time: 129797 ns  Scope: test_NtnuTfe4171Lab1Fifo.scoreBoardPopAndCheck File: ./tb/test_NtnuTfe4171Lab1Fifo.sv Line: 75
# [129797] MISMATCH: expected=0xx actual=0x9a
# ** Error: Assertion error.
#    Time: 129797 ns  Scope: test_NtnuTfe4171Lab1Fifo.scoreBoardPopAndCheck File: ./tb/test_NtnuTfe4171Lab1Fifo.sv Line: 85
#    129797 |   1    0x09a  |   1   0x09a  |   0     0     0
#    129859 |   1    0x09a  |   0   0x09a  |   0     0     0
# [129921] ERROR: Read with empty scoreboard!
# ** Error: Assertion error.
#    Time: 129921 ns  Scope: test_NtnuTfe4171Lab1Fifo.scoreBoardPopAndCheck File: ./tb/test_NtnuTfe4171Lab1Fifo.sv Line: 75
# [129921] MISMATCH: expected=0xx actual=0x9a
# ** Error: Assertion error.
#    Time: 129921 ns  Scope: test_NtnuTfe4171Lab1Fifo.scoreBoardPopAndCheck File: ./tb/test_NtnuTfe4171Lab1Fifo.sv Line: 85
#    129921 |   1    0x09a  |   1   0x09a  |   0     0     0
#    129983 |   1    0x09a  |   0   0x09a  |   0     0     0
# [130045] ERROR: Read with empty scoreboard!
# ** Error: Assertion error.
#    Time: 130045 ns  Scope: test_NtnuTfe4171Lab1Fifo.scoreBoardPopAndCheck File: ./tb/test_NtnuTfe4171Lab1Fifo.sv Line: 75
# [130045] MISMATCH: expected=0xx actual=0x9a
# ** Error: Assertion error.
#    Time: 130045 ns  Scope: test_NtnuTfe4171Lab1Fifo.scoreBoardPopAndCheck File: ./tb/test_NtnuTfe4171Lab1Fifo.sv Line: 85
#    130045 |   1    0x09a  |   1   0x09a  |   0     0     0
#    130107 |   1    0x09a  |   0   0x09a  |   0     0     0
# [130169] ERROR: Read with empty scoreboard!
# ** Error: Assertion error.
#    Time: 130169 ns  Scope: test_NtnuTfe4171Lab1Fifo.scoreBoardPopAndCheck File: ./tb/test_NtnuTfe4171Lab1Fifo.sv Line: 75
# [130169] MISMATCH: expected=0xx actual=0x9a
# ** Error: Assertion error.
#    Time: 130169 ns  Scope: test_NtnuTfe4171Lab1Fifo.scoreBoardPopAndCheck File: ./tb/test_NtnuTfe4171Lab1Fifo.sv Line: 85
#    130169 |   1    0x09a  |   1   0x09a  |   0     0     0
#    130231 |   1    0x09a  |   0   0x09a  |   0     0     0
# [130293] ERROR: Read with empty scoreboard!
# ** Error: Assertion error.
#    Time: 130293 ns  Scope: test_NtnuTfe4171Lab1Fifo.scoreBoardPopAndCheck File: ./tb/test_NtnuTfe4171Lab1Fifo.sv Line: 75
# [130293] MISMATCH: expected=0xx actual=0x9a
# ** Error: Assertion error.
#    Time: 130293 ns  Scope: test_NtnuTfe4171Lab1Fifo.scoreBoardPopAndCheck File: ./tb/test_NtnuTfe4171Lab1Fifo.sv Line: 85
#    130293 |   1    0x09a  |   1   0x09a  |   0     0     0
#    130355 |   1    0x09a  |   0   0x09a  |   0     0     0
# [130417] ERROR: Read with empty scoreboard!
# ** Error: Assertion error.
#    Time: 130417 ns  Scope: test_NtnuTfe4171Lab1Fifo.scoreBoardPopAndCheck File: ./tb/test_NtnuTfe4171Lab1Fifo.sv Line: 75
# [130417] MISMATCH: expected=0xx actual=0x9a
# ** Error: Assertion error.
#    Time: 130417 ns  Scope: test_NtnuTfe4171Lab1Fifo.scoreBoardPopAndCheck File: ./tb/test_NtnuTfe4171Lab1Fifo.sv Line: 85
#    130417 |   1    0x09a  |   1   0x09a  |   0     0     0
#    130479 |   1    0x09a  |   0   0x09a  |   0     0     0
# [130541] ERROR: Read with empty scoreboard!
# ** Error: Assertion error.
#    Time: 130541 ns  Scope: test_NtnuTfe4171Lab1Fifo.scoreBoardPopAndCheck File: ./tb/test_NtnuTfe4171Lab1Fifo.sv Line: 75
# [130541] MISMATCH: expected=0xx actual=0x9a
# ** Error: Assertion error.
#    Time: 130541 ns  Scope: test_NtnuTfe4171Lab1Fifo.scoreBoardPopAndCheck File: ./tb/test_NtnuTfe4171Lab1Fifo.sv Line: 85
#    130541 |   1    0x09a  |   1   0x09a  |   0     0     0
#    130603 |   1    0x09a  |   0   0x09a  |   0     0     0
# [130665] ERROR: Read with empty scoreboard!
# ** Error: Assertion error.
#    Time: 130665 ns  Scope: test_NtnuTfe4171Lab1Fifo.scoreBoardPopAndCheck File: ./tb/test_NtnuTfe4171Lab1Fifo.sv Line: 75
# [130665] MISMATCH: expected=0xx actual=0x9a
# ** Error: Assertion error.
#    Time: 130665 ns  Scope: test_NtnuTfe4171Lab1Fifo.scoreBoardPopAndCheck File: ./tb/test_NtnuTfe4171Lab1Fifo.sv Line: 85
#    130665 |   1    0x09a  |   1   0x09a  |   0     0     0
#    130727 |   1    0x09a  |   0   0x09a  |   0     0     0
# [130789] ERROR: Read with empty scoreboard!
# ** Error: Assertion error.
#    Time: 130789 ns  Scope: test_NtnuTfe4171Lab1Fifo.scoreBoardPopAndCheck File: ./tb/test_NtnuTfe4171Lab1Fifo.sv Line: 75
# [130789] MISMATCH: expected=0xx actual=0x9a
# ** Error: Assertion error.
#    Time: 130789 ns  Scope: test_NtnuTfe4171Lab1Fifo.scoreBoardPopAndCheck File: ./tb/test_NtnuTfe4171Lab1Fifo.sv Line: 85
#    130789 |   1    0x09a  |   1   0x09a  |   0     0     0
#    130851 |   1    0x09a  |   0   0x09a  |   0     0     0
# [130913] ERROR: Read with empty scoreboard!
# ** Error: Assertion error.
#    Time: 130913 ns  Scope: test_NtnuTfe4171Lab1Fifo.scoreBoardPopAndCheck File: ./tb/test_NtnuTfe4171Lab1Fifo.sv Line: 75
# [130913] MISMATCH: expected=0xx actual=0x9a
# ** Error: Assertion error.
#    Time: 130913 ns  Scope: test_NtnuTfe4171Lab1Fifo.scoreBoardPopAndCheck File: ./tb/test_NtnuTfe4171Lab1Fifo.sv Line: 85
#    130913 |   1    0x09a  |   1   0x09a  |   0     0     0
#    130975 |   1    0x09a  |   0   0x09a  |   0     0     0
# [131037] ERROR: Read with empty scoreboard!
# ** Error: Assertion error.
#    Time: 131037 ns  Scope: test_NtnuTfe4171Lab1Fifo.scoreBoardPopAndCheck File: ./tb/test_NtnuTfe4171Lab1Fifo.sv Line: 75
# [131037] MISMATCH: expected=0xx actual=0x9a
# ** Error: Assertion error.
#    Time: 131037 ns  Scope: test_NtnuTfe4171Lab1Fifo.scoreBoardPopAndCheck File: ./tb/test_NtnuTfe4171Lab1Fifo.sv Line: 85
#    131037 |   1    0x09a  |   1   0x09a  |   0     0     0
#    131099 |   1    0x09a  |   0   0x09a  |   0     0     0
# [131161] ERROR: Read with empty scoreboard!
# ** Error: Assertion error.
#    Time: 131161 ns  Scope: test_NtnuTfe4171Lab1Fifo.scoreBoardPopAndCheck File: ./tb/test_NtnuTfe4171Lab1Fifo.sv Line: 75
# [131161] MISMATCH: expected=0xx actual=0x9a
# ** Error: Assertion error.
#    Time: 131161 ns  Scope: test_NtnuTfe4171Lab1Fifo.scoreBoardPopAndCheck File: ./tb/test_NtnuTfe4171Lab1Fifo.sv Line: 85
#    131161 |   1    0x09a  |   1   0x09a  |   0     0     0
#    131223 |   1    0x09a  |   0   0x09a  |   0     0     0
# [131285] ERROR: Read with empty scoreboard!
# ** Error: Assertion error.
#    Time: 131285 ns  Scope: test_NtnuTfe4171Lab1Fifo.scoreBoardPopAndCheck File: ./tb/test_NtnuTfe4171Lab1Fifo.sv Line: 75
# [131285] MISMATCH: expected=0xx actual=0x9a
# ** Error: Assertion error.
#    Time: 131285 ns  Scope: test_NtnuTfe4171Lab1Fifo.scoreBoardPopAndCheck File: ./tb/test_NtnuTfe4171Lab1Fifo.sv Line: 85
#    131285 |   1    0x09a  |   1   0x09a  |   0     0     0
#    131347 |   1    0x09a  |   0   0x09a  |   0     0     0
# [131409] ERROR: Read with empty scoreboard!
# ** Error: Assertion error.
#    Time: 131409 ns  Scope: test_NtnuTfe4171Lab1Fifo.scoreBoardPopAndCheck File: ./tb/test_NtnuTfe4171Lab1Fifo.sv Line: 75
# [131409] MISMATCH: expected=0xx actual=0x9a
# ** Error: Assertion error.
#    Time: 131409 ns  Scope: test_NtnuTfe4171Lab1Fifo.scoreBoardPopAndCheck File: ./tb/test_NtnuTfe4171Lab1Fifo.sv Line: 85
#    131409 |   1    0x09a  |   1   0x09a  |   0     0     0
#    131471 |   1    0x09a  |   0   0x09a  |   0     0     0
# [131533] ERROR: Read with empty scoreboard!
# ** Error: Assertion error.
#    Time: 131533 ns  Scope: test_NtnuTfe4171Lab1Fifo.scoreBoardPopAndCheck File: ./tb/test_NtnuTfe4171Lab1Fifo.sv Line: 75
# [131533] MISMATCH: expected=0xx actual=0x9a
# ** Error: Assertion error.
#    Time: 131533 ns  Scope: test_NtnuTfe4171Lab1Fifo.scoreBoardPopAndCheck File: ./tb/test_NtnuTfe4171Lab1Fifo.sv Line: 85
#    131533 |   1    0x09a  |   1   0x09a  |   0     0     0
#    131595 |   1    0x09a  |   0   0x09a  |   0     0     0
# [131657] ERROR: Read with empty scoreboard!
# ** Error: Assertion error.
#    Time: 131657 ns  Scope: test_NtnuTfe4171Lab1Fifo.scoreBoardPopAndCheck File: ./tb/test_NtnuTfe4171Lab1Fifo.sv Line: 75
# [131657] MISMATCH: expected=0xx actual=0x9a
# ** Error: Assertion error.
#    Time: 131657 ns  Scope: test_NtnuTfe4171Lab1Fifo.scoreBoardPopAndCheck File: ./tb/test_NtnuTfe4171Lab1Fifo.sv Line: 85
#    131657 |   1    0x09a  |   1   0x09a  |   0     0     0
#    131719 |   1    0x09a  |   0   0x09a  |   0     0     0
# [131781] ERROR: Read with empty scoreboard!
# ** Error: Assertion error.
#    Time: 131781 ns  Scope: test_NtnuTfe4171Lab1Fifo.scoreBoardPopAndCheck File: ./tb/test_NtnuTfe4171Lab1Fifo.sv Line: 75
# [131781] MISMATCH: expected=0xx actual=0x9a
# ** Error: Assertion error.
#    Time: 131781 ns  Scope: test_NtnuTfe4171Lab1Fifo.scoreBoardPopAndCheck File: ./tb/test_NtnuTfe4171Lab1Fifo.sv Line: 85
#    131781 |   1    0x09a  |   1   0x09a  |   0     0     0
#    131843 |   1    0x09a  |   0   0x09a  |   0     0     0
# [131905] ERROR: Read with empty scoreboard!
# ** Error: Assertion error.
#    Time: 131905 ns  Scope: test_NtnuTfe4171Lab1Fifo.scoreBoardPopAndCheck File: ./tb/test_NtnuTfe4171Lab1Fifo.sv Line: 75
# [131905] MISMATCH: expected=0xx actual=0x9a
# ** Error: Assertion error.
#    Time: 131905 ns  Scope: test_NtnuTfe4171Lab1Fifo.scoreBoardPopAndCheck File: ./tb/test_NtnuTfe4171Lab1Fifo.sv Line: 85
#    131905 |   1    0x09a  |   1   0x09a  |   0     0     0
#    131967 |   1    0x09a  |   0   0x09a  |   0     0     0
# [132029] ERROR: Read with empty scoreboard!
# ** Error: Assertion error.
#    Time: 132029 ns  Scope: test_NtnuTfe4171Lab1Fifo.scoreBoardPopAndCheck File: ./tb/test_NtnuTfe4171Lab1Fifo.sv Line: 75
# [132029] MISMATCH: expected=0xx actual=0x9a
# ** Error: Assertion error.
#    Time: 132029 ns  Scope: test_NtnuTfe4171Lab1Fifo.scoreBoardPopAndCheck File: ./tb/test_NtnuTfe4171Lab1Fifo.sv Line: 85
#    132029 |   1    0x09a  |   1   0x09a  |   0     0     0
#    132091 |   1    0x09a  |   0   0x09a  |   0     0     0
# [132153] ERROR: Read with empty scoreboard!
# ** Error: Assertion error.
#    Time: 132153 ns  Scope: test_NtnuTfe4171Lab1Fifo.scoreBoardPopAndCheck File: ./tb/test_NtnuTfe4171Lab1Fifo.sv Line: 75
# [132153] MISMATCH: expected=0xx actual=0x9a
# ** Error: Assertion error.
#    Time: 132153 ns  Scope: test_NtnuTfe4171Lab1Fifo.scoreBoardPopAndCheck File: ./tb/test_NtnuTfe4171Lab1Fifo.sv Line: 85
#    132153 |   1    0x09a  |   1   0x09a  |   0     0     0
#    132215 |   1    0x09a  |   0   0x09a  |   0     0     0
# [132277] ERROR: Read with empty scoreboard!
# ** Error: Assertion error.
#    Time: 132277 ns  Scope: test_NtnuTfe4171Lab1Fifo.scoreBoardPopAndCheck File: ./tb/test_NtnuTfe4171Lab1Fifo.sv Line: 75
# [132277] MISMATCH: expected=0xx actual=0x9a
# ** Error: Assertion error.
#    Time: 132277 ns  Scope: test_NtnuTfe4171Lab1Fifo.scoreBoardPopAndCheck File: ./tb/test_NtnuTfe4171Lab1Fifo.sv Line: 85
#    132277 |   1    0x09a  |   1   0x09a  |   0     0     0
#    132339 |   1    0x09a  |   0   0x09a  |   0     0     0
# [132401] ERROR: Read with empty scoreboard!
# ** Error: Assertion error.
#    Time: 132401 ns  Scope: test_NtnuTfe4171Lab1Fifo.scoreBoardPopAndCheck File: ./tb/test_NtnuTfe4171Lab1Fifo.sv Line: 75
# [132401] MISMATCH: expected=0xx actual=0x9a
# ** Error: Assertion error.
#    Time: 132401 ns  Scope: test_NtnuTfe4171Lab1Fifo.scoreBoardPopAndCheck File: ./tb/test_NtnuTfe4171Lab1Fifo.sv Line: 85
#    132401 |   1    0x09a  |   1   0x09a  |   0     0     0
#    132463 |   1    0x09a  |   0   0x09a  |   0     0     0
# [132525] ERROR: Read with empty scoreboard!
# ** Error: Assertion error.
#    Time: 132525 ns  Scope: test_NtnuTfe4171Lab1Fifo.scoreBoardPopAndCheck File: ./tb/test_NtnuTfe4171Lab1Fifo.sv Line: 75
# [132525] MISMATCH: expected=0xx actual=0x9a
# ** Error: Assertion error.
#    Time: 132525 ns  Scope: test_NtnuTfe4171Lab1Fifo.scoreBoardPopAndCheck File: ./tb/test_NtnuTfe4171Lab1Fifo.sv Line: 85
#    132525 |   1    0x09a  |   1   0x09a  |   0     0     0
#    132587 |   1    0x09a  |   0   0x09a  |   0     0     0
# [132649] ERROR: Read with empty scoreboard!
# ** Error: Assertion error.
#    Time: 132649 ns  Scope: test_NtnuTfe4171Lab1Fifo.scoreBoardPopAndCheck File: ./tb/test_NtnuTfe4171Lab1Fifo.sv Line: 75
# [132649] MISMATCH: expected=0xx actual=0x9a
# ** Error: Assertion error.
#    Time: 132649 ns  Scope: test_NtnuTfe4171Lab1Fifo.scoreBoardPopAndCheck File: ./tb/test_NtnuTfe4171Lab1Fifo.sv Line: 85
#    132649 |   1    0x09a  |   1   0x09a  |   0     0     0
#    132711 |   1    0x09a  |   0   0x09a  |   0     0     0
# [132773] ERROR: Read with empty scoreboard!
# ** Error: Assertion error.
#    Time: 132773 ns  Scope: test_NtnuTfe4171Lab1Fifo.scoreBoardPopAndCheck File: ./tb/test_NtnuTfe4171Lab1Fifo.sv Line: 75
# [132773] MISMATCH: expected=0xx actual=0x9a
# ** Error: Assertion error.
#    Time: 132773 ns  Scope: test_NtnuTfe4171Lab1Fifo.scoreBoardPopAndCheck File: ./tb/test_NtnuTfe4171Lab1Fifo.sv Line: 85
#    132773 |   1    0x09a  |   1   0x09a  |   0     0     0
#    132835 |   1    0x09a  |   0   0x09a  |   0     0     0
# [132897] ERROR: Read with empty scoreboard!
# ** Error: Assertion error.
#    Time: 132897 ns  Scope: test_NtnuTfe4171Lab1Fifo.scoreBoardPopAndCheck File: ./tb/test_NtnuTfe4171Lab1Fifo.sv Line: 75
# [132897] MISMATCH: expected=0xx actual=0x9a
# ** Error: Assertion error.
#    Time: 132897 ns  Scope: test_NtnuTfe4171Lab1Fifo.scoreBoardPopAndCheck File: ./tb/test_NtnuTfe4171Lab1Fifo.sv Line: 85
#    132897 |   1    0x09a  |   1   0x09a  |   0     0     0
#    132959 |   1    0x09a  |   0   0x09a  |   0     0     0
# [133021] ERROR: Read with empty scoreboard!
# ** Error: Assertion error.
#    Time: 133021 ns  Scope: test_NtnuTfe4171Lab1Fifo.scoreBoardPopAndCheck File: ./tb/test_NtnuTfe4171Lab1Fifo.sv Line: 75
# [133021] MISMATCH: expected=0xx actual=0x9a
# ** Error: Assertion error.
#    Time: 133021 ns  Scope: test_NtnuTfe4171Lab1Fifo.scoreBoardPopAndCheck File: ./tb/test_NtnuTfe4171Lab1Fifo.sv Line: 85
#    133021 |   1    0x09a  |   1   0x09a  |   0     0     0
#    133083 |   1    0x09a  |   0   0x09a  |   0     0     0
# [133145] ERROR: Read with empty scoreboard!
# ** Error: Assertion error.
#    Time: 133145 ns  Scope: test_NtnuTfe4171Lab1Fifo.scoreBoardPopAndCheck File: ./tb/test_NtnuTfe4171Lab1Fifo.sv Line: 75
# [133145] MISMATCH: expected=0xx actual=0x9a
# ** Error: Assertion error.
#    Time: 133145 ns  Scope: test_NtnuTfe4171Lab1Fifo.scoreBoardPopAndCheck File: ./tb/test_NtnuTfe4171Lab1Fifo.sv Line: 85
#    133145 |   1    0x09a  |   1   0x09a  |   0     0     0
#    133207 |   1    0x09a  |   0   0x09a  |   0     0     0
# [133269] ERROR: Read with empty scoreboard!
# ** Error: Assertion error.
#    Time: 133269 ns  Scope: test_NtnuTfe4171Lab1Fifo.scoreBoardPopAndCheck File: ./tb/test_NtnuTfe4171Lab1Fifo.sv Line: 75
# [133269] MISMATCH: expected=0xx actual=0x9a
# ** Error: Assertion error.
#    Time: 133269 ns  Scope: test_NtnuTfe4171Lab1Fifo.scoreBoardPopAndCheck File: ./tb/test_NtnuTfe4171Lab1Fifo.sv Line: 85
#    133269 |   1    0x09a  |   1   0x09a  |   0     0     0
#    133331 |   1    0x09a  |   0   0x09a  |   0     0     0
# [133393] ERROR: Read with empty scoreboard!
# ** Error: Assertion error.
#    Time: 133393 ns  Scope: test_NtnuTfe4171Lab1Fifo.scoreBoardPopAndCheck File: ./tb/test_NtnuTfe4171Lab1Fifo.sv Line: 75
# [133393] MISMATCH: expected=0xx actual=0x9a
# ** Error: Assertion error.
#    Time: 133393 ns  Scope: test_NtnuTfe4171Lab1Fifo.scoreBoardPopAndCheck File: ./tb/test_NtnuTfe4171Lab1Fifo.sv Line: 85
#    133393 |   1    0x09a  |   1   0x09a  |   0     0     0
#    133455 |   1    0x09a  |   0   0x09a  |   0     0     0
# [133517] ERROR: Read with empty scoreboard!
# ** Error: Assertion error.
#    Time: 133517 ns  Scope: test_NtnuTfe4171Lab1Fifo.scoreBoardPopAndCheck File: ./tb/test_NtnuTfe4171Lab1Fifo.sv Line: 75
# [133517] MISMATCH: expected=0xx actual=0x9a
# ** Error: Assertion error.
#    Time: 133517 ns  Scope: test_NtnuTfe4171Lab1Fifo.scoreBoardPopAndCheck File: ./tb/test_NtnuTfe4171Lab1Fifo.sv Line: 85
#    133517 |   1    0x09a  |   1   0x09a  |   0     0     0
#    133579 |   1    0x09a  |   0   0x09a  |   0     0     0
# [133641] ERROR: Read with empty scoreboard!
# ** Error: Assertion error.
#    Time: 133641 ns  Scope: test_NtnuTfe4171Lab1Fifo.scoreBoardPopAndCheck File: ./tb/test_NtnuTfe4171Lab1Fifo.sv Line: 75
# [133641] MISMATCH: expected=0xx actual=0x9a
# ** Error: Assertion error.
#    Time: 133641 ns  Scope: test_NtnuTfe4171Lab1Fifo.scoreBoardPopAndCheck File: ./tb/test_NtnuTfe4171Lab1Fifo.sv Line: 85
#    133641 |   1    0x09a  |   1   0x09a  |   0     0     0
#    133703 |   1    0x09a  |   0   0x09a  |   0     0     0
#    133765 |   1    0x09a  |   1   0x09a  |   0     1     0
#    133827 |   1    0x09a  |   0   0x09a  |   0     0     0
# [133889] ERROR: Read with empty scoreboard!
# ** Error: Assertion error.
#    Time: 133889 ns  Scope: test_NtnuTfe4171Lab1Fifo.scoreBoardPopAndCheck File: ./tb/test_NtnuTfe4171Lab1Fifo.sv Line: 75
# [133889] MISMATCH: expected=0xx actual=0x9a
# ** Error: Assertion error.
#    Time: 133889 ns  Scope: test_NtnuTfe4171Lab1Fifo.scoreBoardPopAndCheck File: ./tb/test_NtnuTfe4171Lab1Fifo.sv Line: 85
#    133889 |   1    0x09a  |   1   0x09a  |   0     0     0
#    133951 |   1    0x09a  |   0   0x09a  |   0     0     0
# [134013] ERROR: Read with empty scoreboard!
# ** Error: Assertion error.
#    Time: 134013 ns  Scope: test_NtnuTfe4171Lab1Fifo.scoreBoardPopAndCheck File: ./tb/test_NtnuTfe4171Lab1Fifo.sv Line: 75
# [134013] MISMATCH: expected=0xx actual=0x9a
# ** Error: Assertion error.
#    Time: 134013 ns  Scope: test_NtnuTfe4171Lab1Fifo.scoreBoardPopAndCheck File: ./tb/test_NtnuTfe4171Lab1Fifo.sv Line: 85
#    134013 |   1    0x09a  |   1   0x09a  |   0     0     0
#    134075 |   1    0x09a  |   0   0x09a  |   0     0     0
# [134137] ERROR: Read with empty scoreboard!
# ** Error: Assertion error.
#    Time: 134137 ns  Scope: test_NtnuTfe4171Lab1Fifo.scoreBoardPopAndCheck File: ./tb/test_NtnuTfe4171Lab1Fifo.sv Line: 75
# [134137] MISMATCH: expected=0xx actual=0x9a
# ** Error: Assertion error.
#    Time: 134137 ns  Scope: test_NtnuTfe4171Lab1Fifo.scoreBoardPopAndCheck File: ./tb/test_NtnuTfe4171Lab1Fifo.sv Line: 85
#    134137 |   1    0x09a  |   1   0x09a  |   0     0     0
#    134199 |   1    0x09a  |   0   0x09a  |   0     0     0
# [134261] ERROR: Read with empty scoreboard!
# ** Error: Assertion error.
#    Time: 134261 ns  Scope: test_NtnuTfe4171Lab1Fifo.scoreBoardPopAndCheck File: ./tb/test_NtnuTfe4171Lab1Fifo.sv Line: 75
# [134261] MISMATCH: expected=0xx actual=0x9a
# ** Error: Assertion error.
#    Time: 134261 ns  Scope: test_NtnuTfe4171Lab1Fifo.scoreBoardPopAndCheck File: ./tb/test_NtnuTfe4171Lab1Fifo.sv Line: 85
#    134261 |   1    0x09a  |   1   0x09a  |   0     0     0
#    134323 |   1    0x09a  |   0   0x09a  |   0     0     0
# [134385] ERROR: Read with empty scoreboard!
# ** Error: Assertion error.
#    Time: 134385 ns  Scope: test_NtnuTfe4171Lab1Fifo.scoreBoardPopAndCheck File: ./tb/test_NtnuTfe4171Lab1Fifo.sv Line: 75
# [134385] MISMATCH: expected=0xx actual=0x9a
# ** Error: Assertion error.
#    Time: 134385 ns  Scope: test_NtnuTfe4171Lab1Fifo.scoreBoardPopAndCheck File: ./tb/test_NtnuTfe4171Lab1Fifo.sv Line: 85
#    134385 |   1    0x09a  |   1   0x09a  |   0     0     0
#    134447 |   1    0x09a  |   0   0x09a  |   0     0     0
# [134509] ERROR: Read with empty scoreboard!
# ** Error: Assertion error.
#    Time: 134509 ns  Scope: test_NtnuTfe4171Lab1Fifo.scoreBoardPopAndCheck File: ./tb/test_NtnuTfe4171Lab1Fifo.sv Line: 75
# [134509] MISMATCH: expected=0xx actual=0x9a
# ** Error: Assertion error.
#    Time: 134509 ns  Scope: test_NtnuTfe4171Lab1Fifo.scoreBoardPopAndCheck File: ./tb/test_NtnuTfe4171Lab1Fifo.sv Line: 85
#    134509 |   1    0x09a  |   1   0x09a  |   0     0     0
#    134571 |   1    0x09a  |   0   0x09a  |   0     0     0
# [134633] ERROR: Read with empty scoreboard!
# ** Error: Assertion error.
#    Time: 134633 ns  Scope: test_NtnuTfe4171Lab1Fifo.scoreBoardPopAndCheck File: ./tb/test_NtnuTfe4171Lab1Fifo.sv Line: 75
# [134633] MISMATCH: expected=0xx actual=0x9a
# ** Error: Assertion error.
#    Time: 134633 ns  Scope: test_NtnuTfe4171Lab1Fifo.scoreBoardPopAndCheck File: ./tb/test_NtnuTfe4171Lab1Fifo.sv Line: 85
#    134633 |   1    0x09a  |   1   0x09a  |   0     0     0
#    134695 |   1    0x09a  |   0   0x09a  |   0     0     0
# [134757] ERROR: Read with empty scoreboard!
# ** Error: Assertion error.
#    Time: 134757 ns  Scope: test_NtnuTfe4171Lab1Fifo.scoreBoardPopAndCheck File: ./tb/test_NtnuTfe4171Lab1Fifo.sv Line: 75
# [134757] MISMATCH: expected=0xx actual=0x9a
# ** Error: Assertion error.
#    Time: 134757 ns  Scope: test_NtnuTfe4171Lab1Fifo.scoreBoardPopAndCheck File: ./tb/test_NtnuTfe4171Lab1Fifo.sv Line: 85
#    134757 |   1    0x09a  |   1   0x09a  |   0     0     0
#    134819 |   1    0x09a  |   0   0x09a  |   0     0     0
# [134881] ERROR: Read with empty scoreboard!
# ** Error: Assertion error.
#    Time: 134881 ns  Scope: test_NtnuTfe4171Lab1Fifo.scoreBoardPopAndCheck File: ./tb/test_NtnuTfe4171Lab1Fifo.sv Line: 75
# [134881] MISMATCH: expected=0xx actual=0x9a
# ** Error: Assertion error.
#    Time: 134881 ns  Scope: test_NtnuTfe4171Lab1Fifo.scoreBoardPopAndCheck File: ./tb/test_NtnuTfe4171Lab1Fifo.sv Line: 85
#    134881 |   1    0x09a  |   1   0x09a  |   0     0     0
#    134943 |   1    0x09a  |   0   0x09a  |   0     0     0
# [135005] ERROR: Read with empty scoreboard!
# ** Error: Assertion error.
#    Time: 135005 ns  Scope: test_NtnuTfe4171Lab1Fifo.scoreBoardPopAndCheck File: ./tb/test_NtnuTfe4171Lab1Fifo.sv Line: 75
# [135005] MISMATCH: expected=0xx actual=0x9a
# ** Error: Assertion error.
#    Time: 135005 ns  Scope: test_NtnuTfe4171Lab1Fifo.scoreBoardPopAndCheck File: ./tb/test_NtnuTfe4171Lab1Fifo.sv Line: 85
#    135005 |   1    0x09a  |   1   0x09a  |   0     0     0
#    135067 |   1    0x09a  |   0   0x09a  |   0     0     0
# [135129] ERROR: Read with empty scoreboard!
# ** Error: Assertion error.
#    Time: 135129 ns  Scope: test_NtnuTfe4171Lab1Fifo.scoreBoardPopAndCheck File: ./tb/test_NtnuTfe4171Lab1Fifo.sv Line: 75
# [135129] MISMATCH: expected=0xx actual=0x9a
# ** Error: Assertion error.
#    Time: 135129 ns  Scope: test_NtnuTfe4171Lab1Fifo.scoreBoardPopAndCheck File: ./tb/test_NtnuTfe4171Lab1Fifo.sv Line: 85
#    135129 |   1    0x09a  |   1   0x09a  |   0     0     0
#    135191 |   1    0x09a  |   0   0x09a  |   0     0     0
# [135253] ERROR: Read with empty scoreboard!
# ** Error: Assertion error.
#    Time: 135253 ns  Scope: test_NtnuTfe4171Lab1Fifo.scoreBoardPopAndCheck File: ./tb/test_NtnuTfe4171Lab1Fifo.sv Line: 75
# [135253] MISMATCH: expected=0xx actual=0x9a
# ** Error: Assertion error.
#    Time: 135253 ns  Scope: test_NtnuTfe4171Lab1Fifo.scoreBoardPopAndCheck File: ./tb/test_NtnuTfe4171Lab1Fifo.sv Line: 85
#    135253 |   1    0x09a  |   1   0x09a  |   0     0     0
#    135315 |   1    0x09a  |   0   0x09a  |   0     0     0
# [135377] ERROR: Read with empty scoreboard!
# ** Error: Assertion error.
#    Time: 135377 ns  Scope: test_NtnuTfe4171Lab1Fifo.scoreBoardPopAndCheck File: ./tb/test_NtnuTfe4171Lab1Fifo.sv Line: 75
# [135377] MISMATCH: expected=0xx actual=0x9a
# ** Error: Assertion error.
#    Time: 135377 ns  Scope: test_NtnuTfe4171Lab1Fifo.scoreBoardPopAndCheck File: ./tb/test_NtnuTfe4171Lab1Fifo.sv Line: 85
#    135377 |   1    0x09a  |   1   0x09a  |   0     0     0
#    135439 |   1    0x09a  |   0   0x09a  |   0     0     0
# [135501] ERROR: Read with empty scoreboard!
# ** Error: Assertion error.
#    Time: 135501 ns  Scope: test_NtnuTfe4171Lab1Fifo.scoreBoardPopAndCheck File: ./tb/test_NtnuTfe4171Lab1Fifo.sv Line: 75
# [135501] MISMATCH: expected=0xx actual=0x9a
# ** Error: Assertion error.
#    Time: 135501 ns  Scope: test_NtnuTfe4171Lab1Fifo.scoreBoardPopAndCheck File: ./tb/test_NtnuTfe4171Lab1Fifo.sv Line: 85
#    135501 |   1    0x09a  |   1   0x09a  |   0     0     0
#    135563 |   1    0x09a  |   0   0x09a  |   0     0     0
# [135625] ERROR: Read with empty scoreboard!
# ** Error: Assertion error.
#    Time: 135625 ns  Scope: test_NtnuTfe4171Lab1Fifo.scoreBoardPopAndCheck File: ./tb/test_NtnuTfe4171Lab1Fifo.sv Line: 75
# [135625] MISMATCH: expected=0xx actual=0x9a
# ** Error: Assertion error.
#    Time: 135625 ns  Scope: test_NtnuTfe4171Lab1Fifo.scoreBoardPopAndCheck File: ./tb/test_NtnuTfe4171Lab1Fifo.sv Line: 85
#    135625 |   1    0x09a  |   1   0x09a  |   0     0     0
#    135687 |   1    0x09a  |   0   0x09a  |   0     0     0
# [135749] ERROR: Read with empty scoreboard!
# ** Error: Assertion error.
#    Time: 135749 ns  Scope: test_NtnuTfe4171Lab1Fifo.scoreBoardPopAndCheck File: ./tb/test_NtnuTfe4171Lab1Fifo.sv Line: 75
# [135749] MISMATCH: expected=0xx actual=0x9a
# ** Error: Assertion error.
#    Time: 135749 ns  Scope: test_NtnuTfe4171Lab1Fifo.scoreBoardPopAndCheck File: ./tb/test_NtnuTfe4171Lab1Fifo.sv Line: 85
#    135749 |   1    0x09a  |   1   0x09a  |   0     0     0
#    135811 |   1    0x09a  |   0   0x09a  |   0     0     0
# [135873] ERROR: Read with empty scoreboard!
# ** Error: Assertion error.
#    Time: 135873 ns  Scope: test_NtnuTfe4171Lab1Fifo.scoreBoardPopAndCheck File: ./tb/test_NtnuTfe4171Lab1Fifo.sv Line: 75
# [135873] MISMATCH: expected=0xx actual=0x9a
# ** Error: Assertion error.
#    Time: 135873 ns  Scope: test_NtnuTfe4171Lab1Fifo.scoreBoardPopAndCheck File: ./tb/test_NtnuTfe4171Lab1Fifo.sv Line: 85
#    135873 |   1    0x09a  |   1   0x09a  |   0     0     0
#    135935 |   1    0x09a  |   0   0x09a  |   0     0     0
# [135997] ERROR: Read with empty scoreboard!
# ** Error: Assertion error.
#    Time: 135997 ns  Scope: test_NtnuTfe4171Lab1Fifo.scoreBoardPopAndCheck File: ./tb/test_NtnuTfe4171Lab1Fifo.sv Line: 75
# [135997] MISMATCH: expected=0xx actual=0x9a
# ** Error: Assertion error.
#    Time: 135997 ns  Scope: test_NtnuTfe4171Lab1Fifo.scoreBoardPopAndCheck File: ./tb/test_NtnuTfe4171Lab1Fifo.sv Line: 85
#    135997 |   1    0x09a  |   1   0x09a  |   0     0     0
#    136059 |   1    0x09a  |   0   0x09a  |   0     0     0
# [136121] ERROR: Read with empty scoreboard!
# ** Error: Assertion error.
#    Time: 136121 ns  Scope: test_NtnuTfe4171Lab1Fifo.scoreBoardPopAndCheck File: ./tb/test_NtnuTfe4171Lab1Fifo.sv Line: 75
# [136121] MISMATCH: expected=0xx actual=0x9a
# ** Error: Assertion error.
#    Time: 136121 ns  Scope: test_NtnuTfe4171Lab1Fifo.scoreBoardPopAndCheck File: ./tb/test_NtnuTfe4171Lab1Fifo.sv Line: 85
#    136121 |   1    0x09a  |   1   0x09a  |   0     0     0
#    136183 |   1    0x09a  |   0   0x09a  |   0     0     0
# [136245] ERROR: Read with empty scoreboard!
# ** Error: Assertion error.
#    Time: 136245 ns  Scope: test_NtnuTfe4171Lab1Fifo.scoreBoardPopAndCheck File: ./tb/test_NtnuTfe4171Lab1Fifo.sv Line: 75
# [136245] MISMATCH: expected=0xx actual=0x9a
# ** Error: Assertion error.
#    Time: 136245 ns  Scope: test_NtnuTfe4171Lab1Fifo.scoreBoardPopAndCheck File: ./tb/test_NtnuTfe4171Lab1Fifo.sv Line: 85
#    136245 |   1    0x09a  |   1   0x09a  |   0     0     0
#    136307 |   1    0x09a  |   0   0x09a  |   0     0     0
# [136369] ERROR: Read with empty scoreboard!
# ** Error: Assertion error.
#    Time: 136369 ns  Scope: test_NtnuTfe4171Lab1Fifo.scoreBoardPopAndCheck File: ./tb/test_NtnuTfe4171Lab1Fifo.sv Line: 75
# [136369] MISMATCH: expected=0xx actual=0x9a
# ** Error: Assertion error.
#    Time: 136369 ns  Scope: test_NtnuTfe4171Lab1Fifo.scoreBoardPopAndCheck File: ./tb/test_NtnuTfe4171Lab1Fifo.sv Line: 85
#    136369 |   1    0x09a  |   1   0x09a  |   0     0     0
#    136431 |   1    0x09a  |   0   0x09a  |   0     0     0
# [136493] ERROR: Read with empty scoreboard!
# ** Error: Assertion error.
#    Time: 136493 ns  Scope: test_NtnuTfe4171Lab1Fifo.scoreBoardPopAndCheck File: ./tb/test_NtnuTfe4171Lab1Fifo.sv Line: 75
# [136493] MISMATCH: expected=0xx actual=0x9a
# ** Error: Assertion error.
#    Time: 136493 ns  Scope: test_NtnuTfe4171Lab1Fifo.scoreBoardPopAndCheck File: ./tb/test_NtnuTfe4171Lab1Fifo.sv Line: 85
#    136493 |   1    0x09a  |   1   0x09a  |   0     0     0
#    136555 |   1    0x09a  |   0   0x09a  |   0     0     0
# [136617] ERROR: Read with empty scoreboard!
# ** Error: Assertion error.
#    Time: 136617 ns  Scope: test_NtnuTfe4171Lab1Fifo.scoreBoardPopAndCheck File: ./tb/test_NtnuTfe4171Lab1Fifo.sv Line: 75
# [136617] MISMATCH: expected=0xx actual=0x9a
# ** Error: Assertion error.
#    Time: 136617 ns  Scope: test_NtnuTfe4171Lab1Fifo.scoreBoardPopAndCheck File: ./tb/test_NtnuTfe4171Lab1Fifo.sv Line: 85
#    136617 |   1    0x09a  |   1   0x09a  |   0     0     0
#    136679 |   1    0x09a  |   0   0x09a  |   0     0     0
# [136741] ERROR: Read with empty scoreboard!
# ** Error: Assertion error.
#    Time: 136741 ns  Scope: test_NtnuTfe4171Lab1Fifo.scoreBoardPopAndCheck File: ./tb/test_NtnuTfe4171Lab1Fifo.sv Line: 75
# [136741] MISMATCH: expected=0xx actual=0x9a
# ** Error: Assertion error.
#    Time: 136741 ns  Scope: test_NtnuTfe4171Lab1Fifo.scoreBoardPopAndCheck File: ./tb/test_NtnuTfe4171Lab1Fifo.sv Line: 85
#    136741 |   1    0x09a  |   1   0x09a  |   0     0     0
#    136803 |   1    0x09a  |   0   0x09a  |   0     0     0
# [136865] ERROR: Read with empty scoreboard!
# ** Error: Assertion error.
#    Time: 136865 ns  Scope: test_NtnuTfe4171Lab1Fifo.scoreBoardPopAndCheck File: ./tb/test_NtnuTfe4171Lab1Fifo.sv Line: 75
# [136865] MISMATCH: expected=0xx actual=0x9a
# ** Error: Assertion error.
#    Time: 136865 ns  Scope: test_NtnuTfe4171Lab1Fifo.scoreBoardPopAndCheck File: ./tb/test_NtnuTfe4171Lab1Fifo.sv Line: 85
#    136865 |   1    0x09a  |   1   0x09a  |   0     0     0
#    136927 |   1    0x09a  |   0   0x09a  |   0     0     0
# [136989] ERROR: Read with empty scoreboard!
# ** Error: Assertion error.
#    Time: 136989 ns  Scope: test_NtnuTfe4171Lab1Fifo.scoreBoardPopAndCheck File: ./tb/test_NtnuTfe4171Lab1Fifo.sv Line: 75
# [136989] MISMATCH: expected=0xx actual=0x9a
# ** Error: Assertion error.
#    Time: 136989 ns  Scope: test_NtnuTfe4171Lab1Fifo.scoreBoardPopAndCheck File: ./tb/test_NtnuTfe4171Lab1Fifo.sv Line: 85
#    136989 |   1    0x09a  |   1   0x09a  |   0     0     0
#    137051 |   1    0x09a  |   0   0x09a  |   0     0     0
# [137113] ERROR: Read with empty scoreboard!
# ** Error: Assertion error.
#    Time: 137113 ns  Scope: test_NtnuTfe4171Lab1Fifo.scoreBoardPopAndCheck File: ./tb/test_NtnuTfe4171Lab1Fifo.sv Line: 75
# [137113] MISMATCH: expected=0xx actual=0x9a
# ** Error: Assertion error.
#    Time: 137113 ns  Scope: test_NtnuTfe4171Lab1Fifo.scoreBoardPopAndCheck File: ./tb/test_NtnuTfe4171Lab1Fifo.sv Line: 85
#    137113 |   1    0x09a  |   1   0x09a  |   0     0     0
#    137175 |   1    0x09a  |   0   0x09a  |   0     0     0
# [137237] ERROR: Read with empty scoreboard!
# ** Error: Assertion error.
#    Time: 137237 ns  Scope: test_NtnuTfe4171Lab1Fifo.scoreBoardPopAndCheck File: ./tb/test_NtnuTfe4171Lab1Fifo.sv Line: 75
# [137237] MISMATCH: expected=0xx actual=0x9a
# ** Error: Assertion error.
#    Time: 137237 ns  Scope: test_NtnuTfe4171Lab1Fifo.scoreBoardPopAndCheck File: ./tb/test_NtnuTfe4171Lab1Fifo.sv Line: 85
#    137237 |   1    0x09a  |   1   0x09a  |   0     0     0
#    137299 |   1    0x09a  |   0   0x09a  |   0     0     0
# [137361] ERROR: Read with empty scoreboard!
# ** Error: Assertion error.
#    Time: 137361 ns  Scope: test_NtnuTfe4171Lab1Fifo.scoreBoardPopAndCheck File: ./tb/test_NtnuTfe4171Lab1Fifo.sv Line: 75
# [137361] MISMATCH: expected=0xx actual=0x9a
# ** Error: Assertion error.
#    Time: 137361 ns  Scope: test_NtnuTfe4171Lab1Fifo.scoreBoardPopAndCheck File: ./tb/test_NtnuTfe4171Lab1Fifo.sv Line: 85
#    137361 |   1    0x09a  |   1   0x09a  |   0     0     0
#    137423 |   1    0x09a  |   0   0x09a  |   0     0     0
# [137485] ERROR: Read with empty scoreboard!
# ** Error: Assertion error.
#    Time: 137485 ns  Scope: test_NtnuTfe4171Lab1Fifo.scoreBoardPopAndCheck File: ./tb/test_NtnuTfe4171Lab1Fifo.sv Line: 75
# [137485] MISMATCH: expected=0xx actual=0x9a
# ** Error: Assertion error.
#    Time: 137485 ns  Scope: test_NtnuTfe4171Lab1Fifo.scoreBoardPopAndCheck File: ./tb/test_NtnuTfe4171Lab1Fifo.sv Line: 85
#    137485 |   1    0x09a  |   1   0x09a  |   0     0     0
#    137547 |   1    0x09a  |   0   0x09a  |   0     0     0
# [137609] ERROR: Read with empty scoreboard!
# ** Error: Assertion error.
#    Time: 137609 ns  Scope: test_NtnuTfe4171Lab1Fifo.scoreBoardPopAndCheck File: ./tb/test_NtnuTfe4171Lab1Fifo.sv Line: 75
# [137609] MISMATCH: expected=0xx actual=0x9a
# ** Error: Assertion error.
#    Time: 137609 ns  Scope: test_NtnuTfe4171Lab1Fifo.scoreBoardPopAndCheck File: ./tb/test_NtnuTfe4171Lab1Fifo.sv Line: 85
#    137609 |   1    0x09a  |   1   0x09a  |   1     0     0
#    137671 |   1    0x09a  |   0   0x09a  |   0     0     0
# [137733] ERROR: Read with empty scoreboard!
# ** Error: Assertion error.
#    Time: 137733 ns  Scope: test_NtnuTfe4171Lab1Fifo.scoreBoardPopAndCheck File: ./tb/test_NtnuTfe4171Lab1Fifo.sv Line: 75
# [137733] MISMATCH: expected=0xx actual=0x9a
# ** Error: Assertion error.
#    Time: 137733 ns  Scope: test_NtnuTfe4171Lab1Fifo.scoreBoardPopAndCheck File: ./tb/test_NtnuTfe4171Lab1Fifo.sv Line: 85
#    137733 |   1    0x09a  |   1   0x09a  |   1     0     0
#    137795 |   1    0x09a  |   0   0x09a  |   0     0     0
# [137857] ERROR: Read with empty scoreboard!
# ** Error: Assertion error.
#    Time: 137857 ns  Scope: test_NtnuTfe4171Lab1Fifo.scoreBoardPopAndCheck File: ./tb/test_NtnuTfe4171Lab1Fifo.sv Line: 75
# [137857] MISMATCH: expected=0xx actual=0x9a
# ** Error: Assertion error.
#    Time: 137857 ns  Scope: test_NtnuTfe4171Lab1Fifo.scoreBoardPopAndCheck File: ./tb/test_NtnuTfe4171Lab1Fifo.sv Line: 85
#    137857 |   1    0x09a  |   1   0x09a  |   0     0     0
#    137919 |   1    0x09a  |   0   0x09a  |   0     0     0
# [137981] ERROR: Read with empty scoreboard!
# ** Error: Assertion error.
#    Time: 137981 ns  Scope: test_NtnuTfe4171Lab1Fifo.scoreBoardPopAndCheck File: ./tb/test_NtnuTfe4171Lab1Fifo.sv Line: 75
# [137981] MISMATCH: expected=0xx actual=0x9a
# ** Error: Assertion error.
#    Time: 137981 ns  Scope: test_NtnuTfe4171Lab1Fifo.scoreBoardPopAndCheck File: ./tb/test_NtnuTfe4171Lab1Fifo.sv Line: 85
#    137981 |   1    0x09a  |   1   0x09a  |   0     0     0
#    138043 |   1    0x09a  |   0   0x09a  |   0     0     0
# [138105] ERROR: Read with empty scoreboard!
# ** Error: Assertion error.
#    Time: 138105 ns  Scope: test_NtnuTfe4171Lab1Fifo.scoreBoardPopAndCheck File: ./tb/test_NtnuTfe4171Lab1Fifo.sv Line: 75
# [138105] MISMATCH: expected=0xx actual=0x9a
# ** Error: Assertion error.
#    Time: 138105 ns  Scope: test_NtnuTfe4171Lab1Fifo.scoreBoardPopAndCheck File: ./tb/test_NtnuTfe4171Lab1Fifo.sv Line: 85
#    138105 |   1    0x09a  |   1   0x09a  |   0     0     0
#    138167 |   1    0x09a  |   0   0x09a  |   0     0     0
# [138229] ERROR: Read with empty scoreboard!
# ** Error: Assertion error.
#    Time: 138229 ns  Scope: test_NtnuTfe4171Lab1Fifo.scoreBoardPopAndCheck File: ./tb/test_NtnuTfe4171Lab1Fifo.sv Line: 75
# [138229] MISMATCH: expected=0xx actual=0x9a
# ** Error: Assertion error.
#    Time: 138229 ns  Scope: test_NtnuTfe4171Lab1Fifo.scoreBoardPopAndCheck File: ./tb/test_NtnuTfe4171Lab1Fifo.sv Line: 85
#    138229 |   1    0x09a  |   1   0x09a  |   0     0     0
#    138291 |   1    0x09a  |   0   0x09a  |   0     0     0
# [138353] ERROR: Read with empty scoreboard!
# ** Error: Assertion error.
#    Time: 138353 ns  Scope: test_NtnuTfe4171Lab1Fifo.scoreBoardPopAndCheck File: ./tb/test_NtnuTfe4171Lab1Fifo.sv Line: 75
# [138353] MISMATCH: expected=0xx actual=0x9a
# ** Error: Assertion error.
#    Time: 138353 ns  Scope: test_NtnuTfe4171Lab1Fifo.scoreBoardPopAndCheck File: ./tb/test_NtnuTfe4171Lab1Fifo.sv Line: 85
#    138353 |   1    0x09a  |   1   0x09a  |   0     0     0
#    138415 |   1    0x09a  |   0   0x09a  |   0     0     0
# [138477] ERROR: Read with empty scoreboard!
# ** Error: Assertion error.
#    Time: 138477 ns  Scope: test_NtnuTfe4171Lab1Fifo.scoreBoardPopAndCheck File: ./tb/test_NtnuTfe4171Lab1Fifo.sv Line: 75
# [138477] MISMATCH: expected=0xx actual=0x9a
# ** Error: Assertion error.
#    Time: 138477 ns  Scope: test_NtnuTfe4171Lab1Fifo.scoreBoardPopAndCheck File: ./tb/test_NtnuTfe4171Lab1Fifo.sv Line: 85
#    138477 |   1    0x09a  |   1   0x09a  |   0     0     0
#    138539 |   1    0x09a  |   0   0x09a  |   0     0     0
# [138601] ERROR: Read with empty scoreboard!
# ** Error: Assertion error.
#    Time: 138601 ns  Scope: test_NtnuTfe4171Lab1Fifo.scoreBoardPopAndCheck File: ./tb/test_NtnuTfe4171Lab1Fifo.sv Line: 75
# [138601] MISMATCH: expected=0xx actual=0x9a
# ** Error: Assertion error.
#    Time: 138601 ns  Scope: test_NtnuTfe4171Lab1Fifo.scoreBoardPopAndCheck File: ./tb/test_NtnuTfe4171Lab1Fifo.sv Line: 85
#    138601 |   1    0x09a  |   1   0x09a  |   0     0     0
#    138663 |   1    0x09a  |   0   0x09a  |   0     0     0
# [138725] ERROR: Read with empty scoreboard!
# ** Error: Assertion error.
#    Time: 138725 ns  Scope: test_NtnuTfe4171Lab1Fifo.scoreBoardPopAndCheck File: ./tb/test_NtnuTfe4171Lab1Fifo.sv Line: 75
# [138725] MISMATCH: expected=0xx actual=0x9a
# ** Error: Assertion error.
#    Time: 138725 ns  Scope: test_NtnuTfe4171Lab1Fifo.scoreBoardPopAndCheck File: ./tb/test_NtnuTfe4171Lab1Fifo.sv Line: 85
#    138725 |   1    0x09a  |   1   0x09a  |   0     0     0
#    138787 |   1    0x09a  |   0   0x09a  |   0     0     0
# [138849] ERROR: Read with empty scoreboard!
# ** Error: Assertion error.
#    Time: 138849 ns  Scope: test_NtnuTfe4171Lab1Fifo.scoreBoardPopAndCheck File: ./tb/test_NtnuTfe4171Lab1Fifo.sv Line: 75
# [138849] MISMATCH: expected=0xx actual=0x9a
# ** Error: Assertion error.
#    Time: 138849 ns  Scope: test_NtnuTfe4171Lab1Fifo.scoreBoardPopAndCheck File: ./tb/test_NtnuTfe4171Lab1Fifo.sv Line: 85
#    138849 |   1    0x09a  |   1   0x09a  |   0     0     0
#    138911 |   1    0x09a  |   0   0x09a  |   0     0     0
# [138973] ERROR: Read with empty scoreboard!
# ** Error: Assertion error.
#    Time: 138973 ns  Scope: test_NtnuTfe4171Lab1Fifo.scoreBoardPopAndCheck File: ./tb/test_NtnuTfe4171Lab1Fifo.sv Line: 75
# [138973] MISMATCH: expected=0xx actual=0x9a
# ** Error: Assertion error.
#    Time: 138973 ns  Scope: test_NtnuTfe4171Lab1Fifo.scoreBoardPopAndCheck File: ./tb/test_NtnuTfe4171Lab1Fifo.sv Line: 85
#    138973 |   1    0x09a  |   1   0x09a  |   0     0     0
#    139035 |   1    0x09a  |   0   0x09a  |   0     0     0
# [139097] ERROR: Read with empty scoreboard!
# ** Error: Assertion error.
#    Time: 139097 ns  Scope: test_NtnuTfe4171Lab1Fifo.scoreBoardPopAndCheck File: ./tb/test_NtnuTfe4171Lab1Fifo.sv Line: 75
# [139097] MISMATCH: expected=0xx actual=0x9a
# ** Error: Assertion error.
#    Time: 139097 ns  Scope: test_NtnuTfe4171Lab1Fifo.scoreBoardPopAndCheck File: ./tb/test_NtnuTfe4171Lab1Fifo.sv Line: 85
#    139097 |   1    0x09a  |   1   0x09a  |   0     0     0
#    139159 |   1    0x09a  |   0   0x09a  |   0     0     0
# [139221] ERROR: Read with empty scoreboard!
# ** Error: Assertion error.
#    Time: 139221 ns  Scope: test_NtnuTfe4171Lab1Fifo.scoreBoardPopAndCheck File: ./tb/test_NtnuTfe4171Lab1Fifo.sv Line: 75
# [139221] MISMATCH: expected=0xx actual=0x9a
# ** Error: Assertion error.
#    Time: 139221 ns  Scope: test_NtnuTfe4171Lab1Fifo.scoreBoardPopAndCheck File: ./tb/test_NtnuTfe4171Lab1Fifo.sv Line: 85
#    139221 |   1    0x09a  |   1   0x09a  |   0     0     0
#    139283 |   1    0x09a  |   0   0x09a  |   0     0     0
# [139345] ERROR: Read with empty scoreboard!
# ** Error: Assertion error.
#    Time: 139345 ns  Scope: test_NtnuTfe4171Lab1Fifo.scoreBoardPopAndCheck File: ./tb/test_NtnuTfe4171Lab1Fifo.sv Line: 75
# [139345] MISMATCH: expected=0xx actual=0x9a
# ** Error: Assertion error.
#    Time: 139345 ns  Scope: test_NtnuTfe4171Lab1Fifo.scoreBoardPopAndCheck File: ./tb/test_NtnuTfe4171Lab1Fifo.sv Line: 85
#    139345 |   1    0x09a  |   1   0x09a  |   0     0     0
#    139407 |   1    0x09a  |   0   0x09a  |   0     0     0
# [139469] ERROR: Read with empty scoreboard!
# ** Error: Assertion error.
#    Time: 139469 ns  Scope: test_NtnuTfe4171Lab1Fifo.scoreBoardPopAndCheck File: ./tb/test_NtnuTfe4171Lab1Fifo.sv Line: 75
# [139469] MISMATCH: expected=0xx actual=0x9a
# ** Error: Assertion error.
#    Time: 139469 ns  Scope: test_NtnuTfe4171Lab1Fifo.scoreBoardPopAndCheck File: ./tb/test_NtnuTfe4171Lab1Fifo.sv Line: 85
#    139469 |   1    0x09a  |   1   0x09a  |   0     0     0
#    139531 |   1    0x09a  |   0   0x09a  |   0     0     0
# [139593] ERROR: Read with empty scoreboard!
# ** Error: Assertion error.
#    Time: 139593 ns  Scope: test_NtnuTfe4171Lab1Fifo.scoreBoardPopAndCheck File: ./tb/test_NtnuTfe4171Lab1Fifo.sv Line: 75
# [139593] MISMATCH: expected=0xx actual=0x9a
# ** Error: Assertion error.
#    Time: 139593 ns  Scope: test_NtnuTfe4171Lab1Fifo.scoreBoardPopAndCheck File: ./tb/test_NtnuTfe4171Lab1Fifo.sv Line: 85
#    139593 |   1    0x09a  |   1   0x09a  |   0     0     0
#    139655 |   1    0x09a  |   0   0x09a  |   0     0     0
# [139717] ERROR: Read with empty scoreboard!
# ** Error: Assertion error.
#    Time: 139717 ns  Scope: test_NtnuTfe4171Lab1Fifo.scoreBoardPopAndCheck File: ./tb/test_NtnuTfe4171Lab1Fifo.sv Line: 75
# [139717] MISMATCH: expected=0xx actual=0x9a
# ** Error: Assertion error.
#    Time: 139717 ns  Scope: test_NtnuTfe4171Lab1Fifo.scoreBoardPopAndCheck File: ./tb/test_NtnuTfe4171Lab1Fifo.sv Line: 85
#    139717 |   1    0x09a  |   1   0x09a  |   0     0     0
#    139779 |   1    0x09a  |   0   0x09a  |   0     0     0
# [139841] ERROR: Read with empty scoreboard!
# ** Error: Assertion error.
#    Time: 139841 ns  Scope: test_NtnuTfe4171Lab1Fifo.scoreBoardPopAndCheck File: ./tb/test_NtnuTfe4171Lab1Fifo.sv Line: 75
# [139841] MISMATCH: expected=0xx actual=0x9a
# ** Error: Assertion error.
#    Time: 139841 ns  Scope: test_NtnuTfe4171Lab1Fifo.scoreBoardPopAndCheck File: ./tb/test_NtnuTfe4171Lab1Fifo.sv Line: 85
#    139841 |   1    0x09a  |   1   0x09a  |   0     0     0
#    139903 |   1    0x09a  |   0   0x09a  |   0     0     0
# [139965] ERROR: Read with empty scoreboard!
# ** Error: Assertion error.
#    Time: 139965 ns  Scope: test_NtnuTfe4171Lab1Fifo.scoreBoardPopAndCheck File: ./tb/test_NtnuTfe4171Lab1Fifo.sv Line: 75
# [139965] MISMATCH: expected=0xx actual=0x9a
# ** Error: Assertion error.
#    Time: 139965 ns  Scope: test_NtnuTfe4171Lab1Fifo.scoreBoardPopAndCheck File: ./tb/test_NtnuTfe4171Lab1Fifo.sv Line: 85
#    139965 |   1    0x09a  |   1   0x09a  |   0     0     0
#    140027 |   1    0x09a  |   0   0x09a  |   0     0     0
# [140089] ERROR: Read with empty scoreboard!
# ** Error: Assertion error.
#    Time: 140089 ns  Scope: test_NtnuTfe4171Lab1Fifo.scoreBoardPopAndCheck File: ./tb/test_NtnuTfe4171Lab1Fifo.sv Line: 75
# [140089] MISMATCH: expected=0xx actual=0x9a
# ** Error: Assertion error.
#    Time: 140089 ns  Scope: test_NtnuTfe4171Lab1Fifo.scoreBoardPopAndCheck File: ./tb/test_NtnuTfe4171Lab1Fifo.sv Line: 85
#    140089 |   1    0x09a  |   1   0x09a  |   0     0     0
#    140151 |   1    0x09a  |   0   0x09a  |   0     0     0
# [140213] ERROR: Read with empty scoreboard!
# ** Error: Assertion error.
#    Time: 140213 ns  Scope: test_NtnuTfe4171Lab1Fifo.scoreBoardPopAndCheck File: ./tb/test_NtnuTfe4171Lab1Fifo.sv Line: 75
# [140213] MISMATCH: expected=0xx actual=0x9a
# ** Error: Assertion error.
#    Time: 140213 ns  Scope: test_NtnuTfe4171Lab1Fifo.scoreBoardPopAndCheck File: ./tb/test_NtnuTfe4171Lab1Fifo.sv Line: 85
#    140213 |   1    0x09a  |   1   0x09a  |   0     0     0
#    140275 |   1    0x09a  |   0   0x09a  |   0     0     0
# [140337] ERROR: Read with empty scoreboard!
# ** Error: Assertion error.
#    Time: 140337 ns  Scope: test_NtnuTfe4171Lab1Fifo.scoreBoardPopAndCheck File: ./tb/test_NtnuTfe4171Lab1Fifo.sv Line: 75
# [140337] MISMATCH: expected=0xx actual=0x9a
# ** Error: Assertion error.
#    Time: 140337 ns  Scope: test_NtnuTfe4171Lab1Fifo.scoreBoardPopAndCheck File: ./tb/test_NtnuTfe4171Lab1Fifo.sv Line: 85
#    140337 |   1    0x09a  |   1   0x09a  |   0     0     0
#    140399 |   1    0x09a  |   0   0x09a  |   0     0     0
# [140461] ERROR: Read with empty scoreboard!
# ** Error: Assertion error.
#    Time: 140461 ns  Scope: test_NtnuTfe4171Lab1Fifo.scoreBoardPopAndCheck File: ./tb/test_NtnuTfe4171Lab1Fifo.sv Line: 75
# [140461] MISMATCH: expected=0xx actual=0x9a
# ** Error: Assertion error.
#    Time: 140461 ns  Scope: test_NtnuTfe4171Lab1Fifo.scoreBoardPopAndCheck File: ./tb/test_NtnuTfe4171Lab1Fifo.sv Line: 85
#    140461 |   1    0x09a  |   1   0x09a  |   0     0     0
#    140523 |   1    0x09a  |   0   0x09a  |   0     0     0
# [140585] ERROR: Read with empty scoreboard!
# ** Error: Assertion error.
#    Time: 140585 ns  Scope: test_NtnuTfe4171Lab1Fifo.scoreBoardPopAndCheck File: ./tb/test_NtnuTfe4171Lab1Fifo.sv Line: 75
# [140585] MISMATCH: expected=0xx actual=0x9a
# ** Error: Assertion error.
#    Time: 140585 ns  Scope: test_NtnuTfe4171Lab1Fifo.scoreBoardPopAndCheck File: ./tb/test_NtnuTfe4171Lab1Fifo.sv Line: 85
#    140585 |   1    0x09a  |   1   0x09a  |   0     0     0
#    140647 |   1    0x09a  |   0   0x09a  |   0     0     0
# [140709] ERROR: Read with empty scoreboard!
# ** Error: Assertion error.
#    Time: 140709 ns  Scope: test_NtnuTfe4171Lab1Fifo.scoreBoardPopAndCheck File: ./tb/test_NtnuTfe4171Lab1Fifo.sv Line: 75
# [140709] MISMATCH: expected=0xx actual=0x9a
# ** Error: Assertion error.
#    Time: 140709 ns  Scope: test_NtnuTfe4171Lab1Fifo.scoreBoardPopAndCheck File: ./tb/test_NtnuTfe4171Lab1Fifo.sv Line: 85
#    140709 |   1    0x09a  |   1   0x09a  |   0     0     0
#    140771 |   1    0x09a  |   0   0x09a  |   0     0     0
# [140833] ERROR: Read with empty scoreboard!
# ** Error: Assertion error.
#    Time: 140833 ns  Scope: test_NtnuTfe4171Lab1Fifo.scoreBoardPopAndCheck File: ./tb/test_NtnuTfe4171Lab1Fifo.sv Line: 75
# [140833] MISMATCH: expected=0xx actual=0x9a
# ** Error: Assertion error.
#    Time: 140833 ns  Scope: test_NtnuTfe4171Lab1Fifo.scoreBoardPopAndCheck File: ./tb/test_NtnuTfe4171Lab1Fifo.sv Line: 85
#    140833 |   1    0x09a  |   1   0x09a  |   0     0     0
#    140895 |   1    0x09a  |   0   0x09a  |   0     0     0
# [140957] ERROR: Read with empty scoreboard!
# ** Error: Assertion error.
#    Time: 140957 ns  Scope: test_NtnuTfe4171Lab1Fifo.scoreBoardPopAndCheck File: ./tb/test_NtnuTfe4171Lab1Fifo.sv Line: 75
# [140957] MISMATCH: expected=0xx actual=0x9a
# ** Error: Assertion error.
#    Time: 140957 ns  Scope: test_NtnuTfe4171Lab1Fifo.scoreBoardPopAndCheck File: ./tb/test_NtnuTfe4171Lab1Fifo.sv Line: 85
#    140957 |   1    0x09a  |   1   0x09a  |   0     0     0
#    141019 |   1    0x09a  |   0   0x09a  |   0     0     0
# [141081] ERROR: Read with empty scoreboard!
# ** Error: Assertion error.
#    Time: 141081 ns  Scope: test_NtnuTfe4171Lab1Fifo.scoreBoardPopAndCheck File: ./tb/test_NtnuTfe4171Lab1Fifo.sv Line: 75
# [141081] MISMATCH: expected=0xx actual=0x9a
# ** Error: Assertion error.
#    Time: 141081 ns  Scope: test_NtnuTfe4171Lab1Fifo.scoreBoardPopAndCheck File: ./tb/test_NtnuTfe4171Lab1Fifo.sv Line: 85
#    141081 |   1    0x09a  |   1   0x09a  |   0     0     0
#    141143 |   1    0x09a  |   0   0x09a  |   0     0     0
# [141205] ERROR: Read with empty scoreboard!
# ** Error: Assertion error.
#    Time: 141205 ns  Scope: test_NtnuTfe4171Lab1Fifo.scoreBoardPopAndCheck File: ./tb/test_NtnuTfe4171Lab1Fifo.sv Line: 75
# [141205] MISMATCH: expected=0xx actual=0x9a
# ** Error: Assertion error.
#    Time: 141205 ns  Scope: test_NtnuTfe4171Lab1Fifo.scoreBoardPopAndCheck File: ./tb/test_NtnuTfe4171Lab1Fifo.sv Line: 85
#    141205 |   1    0x09a  |   1   0x09a  |   0     0     0
#    141267 |   1    0x09a  |   0   0x09a  |   0     0     0
# [141329] ERROR: Read with empty scoreboard!
# ** Error: Assertion error.
#    Time: 141329 ns  Scope: test_NtnuTfe4171Lab1Fifo.scoreBoardPopAndCheck File: ./tb/test_NtnuTfe4171Lab1Fifo.sv Line: 75
# [141329] MISMATCH: expected=0xx actual=0x9a
# ** Error: Assertion error.
#    Time: 141329 ns  Scope: test_NtnuTfe4171Lab1Fifo.scoreBoardPopAndCheck File: ./tb/test_NtnuTfe4171Lab1Fifo.sv Line: 85
#    141329 |   1    0x09a  |   1   0x09a  |   0     0     0
#    141391 |   1    0x09a  |   0   0x09a  |   0     0     0
# [141453] ERROR: Read with empty scoreboard!
# ** Error: Assertion error.
#    Time: 141453 ns  Scope: test_NtnuTfe4171Lab1Fifo.scoreBoardPopAndCheck File: ./tb/test_NtnuTfe4171Lab1Fifo.sv Line: 75
# [141453] MISMATCH: expected=0xx actual=0x9a
# ** Error: Assertion error.
#    Time: 141453 ns  Scope: test_NtnuTfe4171Lab1Fifo.scoreBoardPopAndCheck File: ./tb/test_NtnuTfe4171Lab1Fifo.sv Line: 85
#    141453 |   1    0x09a  |   1   0x09a  |   0     0     0
#    141515 |   1    0x09a  |   0   0x09a  |   0     0     0
# [141577] ERROR: Read with empty scoreboard!
# ** Error: Assertion error.
#    Time: 141577 ns  Scope: test_NtnuTfe4171Lab1Fifo.scoreBoardPopAndCheck File: ./tb/test_NtnuTfe4171Lab1Fifo.sv Line: 75
# [141577] MISMATCH: expected=0xx actual=0x9a
# ** Error: Assertion error.
#    Time: 141577 ns  Scope: test_NtnuTfe4171Lab1Fifo.scoreBoardPopAndCheck File: ./tb/test_NtnuTfe4171Lab1Fifo.sv Line: 85
#    141577 |   1    0x09a  |   1   0x09a  |   0     0     0
#    141639 |   1    0x09a  |   0   0x09a  |   0     0     0
# [141701] ERROR: Read with empty scoreboard!
# ** Error: Assertion error.
#    Time: 141701 ns  Scope: test_NtnuTfe4171Lab1Fifo.scoreBoardPopAndCheck File: ./tb/test_NtnuTfe4171Lab1Fifo.sv Line: 75
# [141701] MISMATCH: expected=0xx actual=0x9a
# ** Error: Assertion error.
#    Time: 141701 ns  Scope: test_NtnuTfe4171Lab1Fifo.scoreBoardPopAndCheck File: ./tb/test_NtnuTfe4171Lab1Fifo.sv Line: 85
#    141701 |   1    0x09a  |   1   0x09a  |   0     0     0
#    141763 |   1    0x09a  |   0   0x09a  |   0     0     0
#    141825 |   1    0x09a  |   1   0x09a  |   0     1     0
#    141887 |   1    0x09a  |   0   0x09a  |   0     0     0
# [141949] ERROR: Read with empty scoreboard!
# ** Error: Assertion error.
#    Time: 141949 ns  Scope: test_NtnuTfe4171Lab1Fifo.scoreBoardPopAndCheck File: ./tb/test_NtnuTfe4171Lab1Fifo.sv Line: 75
# [141949] MISMATCH: expected=0xx actual=0x9a
# ** Error: Assertion error.
#    Time: 141949 ns  Scope: test_NtnuTfe4171Lab1Fifo.scoreBoardPopAndCheck File: ./tb/test_NtnuTfe4171Lab1Fifo.sv Line: 85
#    141949 |   1    0x09a  |   1   0x09a  |   0     0     0
#    142011 |   1    0x09a  |   0   0x09a  |   0     0     0
# [142073] ERROR: Read with empty scoreboard!
# ** Error: Assertion error.
#    Time: 142073 ns  Scope: test_NtnuTfe4171Lab1Fifo.scoreBoardPopAndCheck File: ./tb/test_NtnuTfe4171Lab1Fifo.sv Line: 75
# [142073] MISMATCH: expected=0xx actual=0x9a
# ** Error: Assertion error.
#    Time: 142073 ns  Scope: test_NtnuTfe4171Lab1Fifo.scoreBoardPopAndCheck File: ./tb/test_NtnuTfe4171Lab1Fifo.sv Line: 85
#    142073 |   1    0x09a  |   1   0x09a  |   0     0     0
#    142135 |   1    0x09a  |   0   0x09a  |   0     0     0
# [142197] ERROR: Read with empty scoreboard!
# ** Error: Assertion error.
#    Time: 142197 ns  Scope: test_NtnuTfe4171Lab1Fifo.scoreBoardPopAndCheck File: ./tb/test_NtnuTfe4171Lab1Fifo.sv Line: 75
# [142197] MISMATCH: expected=0xx actual=0x9a
# ** Error: Assertion error.
#    Time: 142197 ns  Scope: test_NtnuTfe4171Lab1Fifo.scoreBoardPopAndCheck File: ./tb/test_NtnuTfe4171Lab1Fifo.sv Line: 85
#    142197 |   1    0x09a  |   1   0x09a  |   0     0     0
#    142259 |   1    0x09a  |   0   0x09a  |   0     0     0
# [142321] ERROR: Read with empty scoreboard!
# ** Error: Assertion error.
#    Time: 142321 ns  Scope: test_NtnuTfe4171Lab1Fifo.scoreBoardPopAndCheck File: ./tb/test_NtnuTfe4171Lab1Fifo.sv Line: 75
# [142321] MISMATCH: expected=0xx actual=0x9a
# ** Error: Assertion error.
#    Time: 142321 ns  Scope: test_NtnuTfe4171Lab1Fifo.scoreBoardPopAndCheck File: ./tb/test_NtnuTfe4171Lab1Fifo.sv Line: 85
#    142321 |   1    0x09a  |   1   0x09a  |   0     0     0
#    142383 |   1    0x09a  |   0   0x09a  |   0     0     0
# [142445] ERROR: Read with empty scoreboard!
# ** Error: Assertion error.
#    Time: 142445 ns  Scope: test_NtnuTfe4171Lab1Fifo.scoreBoardPopAndCheck File: ./tb/test_NtnuTfe4171Lab1Fifo.sv Line: 75
# [142445] MISMATCH: expected=0xx actual=0x9a
# ** Error: Assertion error.
#    Time: 142445 ns  Scope: test_NtnuTfe4171Lab1Fifo.scoreBoardPopAndCheck File: ./tb/test_NtnuTfe4171Lab1Fifo.sv Line: 85
#    142445 |   1    0x09a  |   1   0x09a  |   0     0     0
#    142507 |   1    0x09a  |   0   0x09a  |   0     0     0
# [142569] ERROR: Read with empty scoreboard!
# ** Error: Assertion error.
#    Time: 142569 ns  Scope: test_NtnuTfe4171Lab1Fifo.scoreBoardPopAndCheck File: ./tb/test_NtnuTfe4171Lab1Fifo.sv Line: 75
# [142569] MISMATCH: expected=0xx actual=0x9a
# ** Error: Assertion error.
#    Time: 142569 ns  Scope: test_NtnuTfe4171Lab1Fifo.scoreBoardPopAndCheck File: ./tb/test_NtnuTfe4171Lab1Fifo.sv Line: 85
#    142569 |   1    0x09a  |   1   0x09a  |   0     0     0
#    142631 |   1    0x09a  |   0   0x09a  |   0     0     0
# [142693] ERROR: Read with empty scoreboard!
# ** Error: Assertion error.
#    Time: 142693 ns  Scope: test_NtnuTfe4171Lab1Fifo.scoreBoardPopAndCheck File: ./tb/test_NtnuTfe4171Lab1Fifo.sv Line: 75
# [142693] MISMATCH: expected=0xx actual=0x9a
# ** Error: Assertion error.
#    Time: 142693 ns  Scope: test_NtnuTfe4171Lab1Fifo.scoreBoardPopAndCheck File: ./tb/test_NtnuTfe4171Lab1Fifo.sv Line: 85
#    142693 |   1    0x09a  |   1   0x09a  |   0     0     0
#    142755 |   1    0x09a  |   0   0x09a  |   0     0     0
# [142817] ERROR: Read with empty scoreboard!
# ** Error: Assertion error.
#    Time: 142817 ns  Scope: test_NtnuTfe4171Lab1Fifo.scoreBoardPopAndCheck File: ./tb/test_NtnuTfe4171Lab1Fifo.sv Line: 75
# [142817] MISMATCH: expected=0xx actual=0x9a
# ** Error: Assertion error.
#    Time: 142817 ns  Scope: test_NtnuTfe4171Lab1Fifo.scoreBoardPopAndCheck File: ./tb/test_NtnuTfe4171Lab1Fifo.sv Line: 85
#    142817 |   1    0x09a  |   1   0x09a  |   0     0     0
#    142879 |   1    0x09a  |   0   0x09a  |   0     0     0
# [142941] ERROR: Read with empty scoreboard!
# ** Error: Assertion error.
#    Time: 142941 ns  Scope: test_NtnuTfe4171Lab1Fifo.scoreBoardPopAndCheck File: ./tb/test_NtnuTfe4171Lab1Fifo.sv Line: 75
# [142941] MISMATCH: expected=0xx actual=0x9a
# ** Error: Assertion error.
#    Time: 142941 ns  Scope: test_NtnuTfe4171Lab1Fifo.scoreBoardPopAndCheck File: ./tb/test_NtnuTfe4171Lab1Fifo.sv Line: 85
#    142941 |   1    0x09a  |   1   0x09a  |   0     0     0
#    143003 |   1    0x09a  |   0   0x09a  |   0     0     0
# [143065] ERROR: Read with empty scoreboard!
# ** Error: Assertion error.
#    Time: 143065 ns  Scope: test_NtnuTfe4171Lab1Fifo.scoreBoardPopAndCheck File: ./tb/test_NtnuTfe4171Lab1Fifo.sv Line: 75
# [143065] MISMATCH: expected=0xx actual=0x9a
# ** Error: Assertion error.
#    Time: 143065 ns  Scope: test_NtnuTfe4171Lab1Fifo.scoreBoardPopAndCheck File: ./tb/test_NtnuTfe4171Lab1Fifo.sv Line: 85
#    143065 |   1    0x09a  |   1   0x09a  |   0     0     0
#    143127 |   1    0x09a  |   0   0x09a  |   0     0     0
# [143189] ERROR: Read with empty scoreboard!
# ** Error: Assertion error.
#    Time: 143189 ns  Scope: test_NtnuTfe4171Lab1Fifo.scoreBoardPopAndCheck File: ./tb/test_NtnuTfe4171Lab1Fifo.sv Line: 75
# [143189] MISMATCH: expected=0xx actual=0x9a
# ** Error: Assertion error.
#    Time: 143189 ns  Scope: test_NtnuTfe4171Lab1Fifo.scoreBoardPopAndCheck File: ./tb/test_NtnuTfe4171Lab1Fifo.sv Line: 85
#    143189 |   1    0x09a  |   1   0x09a  |   0     0     0
#    143251 |   1    0x09a  |   0   0x09a  |   0     0     0
# [143313] ERROR: Read with empty scoreboard!
# ** Error: Assertion error.
#    Time: 143313 ns  Scope: test_NtnuTfe4171Lab1Fifo.scoreBoardPopAndCheck File: ./tb/test_NtnuTfe4171Lab1Fifo.sv Line: 75
# [143313] MISMATCH: expected=0xx actual=0x9a
# ** Error: Assertion error.
#    Time: 143313 ns  Scope: test_NtnuTfe4171Lab1Fifo.scoreBoardPopAndCheck File: ./tb/test_NtnuTfe4171Lab1Fifo.sv Line: 85
#    143313 |   1    0x09a  |   1   0x09a  |   0     0     0
#    143375 |   1    0x09a  |   0   0x09a  |   0     0     0
# [143437] ERROR: Read with empty scoreboard!
# ** Error: Assertion error.
#    Time: 143437 ns  Scope: test_NtnuTfe4171Lab1Fifo.scoreBoardPopAndCheck File: ./tb/test_NtnuTfe4171Lab1Fifo.sv Line: 75
# [143437] MISMATCH: expected=0xx actual=0x9a
# ** Error: Assertion error.
#    Time: 143437 ns  Scope: test_NtnuTfe4171Lab1Fifo.scoreBoardPopAndCheck File: ./tb/test_NtnuTfe4171Lab1Fifo.sv Line: 85
#    143437 |   1    0x09a  |   1   0x09a  |   0     0     0
#    143499 |   1    0x09a  |   0   0x09a  |   0     0     0
# [143561] ERROR: Read with empty scoreboard!
# ** Error: Assertion error.
#    Time: 143561 ns  Scope: test_NtnuTfe4171Lab1Fifo.scoreBoardPopAndCheck File: ./tb/test_NtnuTfe4171Lab1Fifo.sv Line: 75
# [143561] MISMATCH: expected=0xx actual=0x9a
# ** Error: Assertion error.
#    Time: 143561 ns  Scope: test_NtnuTfe4171Lab1Fifo.scoreBoardPopAndCheck File: ./tb/test_NtnuTfe4171Lab1Fifo.sv Line: 85
#    143561 |   1    0x09a  |   1   0x09a  |   0     0     0
#    143623 |   1    0x09a  |   0   0x09a  |   0     0     0
# [143685] ERROR: Read with empty scoreboard!
# ** Error: Assertion error.
#    Time: 143685 ns  Scope: test_NtnuTfe4171Lab1Fifo.scoreBoardPopAndCheck File: ./tb/test_NtnuTfe4171Lab1Fifo.sv Line: 75
# [143685] MISMATCH: expected=0xx actual=0x9a
# ** Error: Assertion error.
#    Time: 143685 ns  Scope: test_NtnuTfe4171Lab1Fifo.scoreBoardPopAndCheck File: ./tb/test_NtnuTfe4171Lab1Fifo.sv Line: 85
#    143685 |   1    0x09a  |   1   0x09a  |   0     0     0
#    143747 |   1    0x09a  |   0   0x09a  |   0     0     0
# [143809] ERROR: Read with empty scoreboard!
# ** Error: Assertion error.
#    Time: 143809 ns  Scope: test_NtnuTfe4171Lab1Fifo.scoreBoardPopAndCheck File: ./tb/test_NtnuTfe4171Lab1Fifo.sv Line: 75
# [143809] MISMATCH: expected=0xx actual=0x9a
# ** Error: Assertion error.
#    Time: 143809 ns  Scope: test_NtnuTfe4171Lab1Fifo.scoreBoardPopAndCheck File: ./tb/test_NtnuTfe4171Lab1Fifo.sv Line: 85
#    143809 |   1    0x09a  |   1   0x09a  |   0     0     0
#    143871 |   1    0x09a  |   0   0x09a  |   0     0     0
# [143933] ERROR: Read with empty scoreboard!
# ** Error: Assertion error.
#    Time: 143933 ns  Scope: test_NtnuTfe4171Lab1Fifo.scoreBoardPopAndCheck File: ./tb/test_NtnuTfe4171Lab1Fifo.sv Line: 75
# [143933] MISMATCH: expected=0xx actual=0x9a
# ** Error: Assertion error.
#    Time: 143933 ns  Scope: test_NtnuTfe4171Lab1Fifo.scoreBoardPopAndCheck File: ./tb/test_NtnuTfe4171Lab1Fifo.sv Line: 85
#    143933 |   1    0x09a  |   1   0x09a  |   0     0     0
#    143995 |   1    0x09a  |   0   0x09a  |   0     0     0
# [144057] ERROR: Read with empty scoreboard!
# ** Error: Assertion error.
#    Time: 144057 ns  Scope: test_NtnuTfe4171Lab1Fifo.scoreBoardPopAndCheck File: ./tb/test_NtnuTfe4171Lab1Fifo.sv Line: 75
# [144057] MISMATCH: expected=0xx actual=0x9a
# ** Error: Assertion error.
#    Time: 144057 ns  Scope: test_NtnuTfe4171Lab1Fifo.scoreBoardPopAndCheck File: ./tb/test_NtnuTfe4171Lab1Fifo.sv Line: 85
#    144057 |   1    0x09a  |   1   0x09a  |   0     0     0
#    144119 |   1    0x09a  |   0   0x09a  |   0     0     0
# [144181] ERROR: Read with empty scoreboard!
# ** Error: Assertion error.
#    Time: 144181 ns  Scope: test_NtnuTfe4171Lab1Fifo.scoreBoardPopAndCheck File: ./tb/test_NtnuTfe4171Lab1Fifo.sv Line: 75
# [144181] MISMATCH: expected=0xx actual=0x9a
# ** Error: Assertion error.
#    Time: 144181 ns  Scope: test_NtnuTfe4171Lab1Fifo.scoreBoardPopAndCheck File: ./tb/test_NtnuTfe4171Lab1Fifo.sv Line: 85
#    144181 |   1    0x09a  |   1   0x09a  |   0     0     0
#    144243 |   1    0x09a  |   0   0x09a  |   0     0     0
# [144305] ERROR: Read with empty scoreboard!
# ** Error: Assertion error.
#    Time: 144305 ns  Scope: test_NtnuTfe4171Lab1Fifo.scoreBoardPopAndCheck File: ./tb/test_NtnuTfe4171Lab1Fifo.sv Line: 75
# [144305] MISMATCH: expected=0xx actual=0x9a
# ** Error: Assertion error.
#    Time: 144305 ns  Scope: test_NtnuTfe4171Lab1Fifo.scoreBoardPopAndCheck File: ./tb/test_NtnuTfe4171Lab1Fifo.sv Line: 85
#    144305 |   1    0x09a  |   1   0x09a  |   0     0     0
#    144367 |   1    0x09a  |   0   0x09a  |   0     0     0
# [144429] ERROR: Read with empty scoreboard!
# ** Error: Assertion error.
#    Time: 144429 ns  Scope: test_NtnuTfe4171Lab1Fifo.scoreBoardPopAndCheck File: ./tb/test_NtnuTfe4171Lab1Fifo.sv Line: 75
# [144429] MISMATCH: expected=0xx actual=0x9a
# ** Error: Assertion error.
#    Time: 144429 ns  Scope: test_NtnuTfe4171Lab1Fifo.scoreBoardPopAndCheck File: ./tb/test_NtnuTfe4171Lab1Fifo.sv Line: 85
#    144429 |   1    0x09a  |   1   0x09a  |   0     0     0
#    144491 |   1    0x09a  |   0   0x09a  |   0     0     0
# [144553] ERROR: Read with empty scoreboard!
# ** Error: Assertion error.
#    Time: 144553 ns  Scope: test_NtnuTfe4171Lab1Fifo.scoreBoardPopAndCheck File: ./tb/test_NtnuTfe4171Lab1Fifo.sv Line: 75
# [144553] MISMATCH: expected=0xx actual=0x9a
# ** Error: Assertion error.
#    Time: 144553 ns  Scope: test_NtnuTfe4171Lab1Fifo.scoreBoardPopAndCheck File: ./tb/test_NtnuTfe4171Lab1Fifo.sv Line: 85
#    144553 |   1    0x09a  |   1   0x09a  |   0     0     0
#    144615 |   1    0x09a  |   0   0x09a  |   0     0     0
# [144677] ERROR: Read with empty scoreboard!
# ** Error: Assertion error.
#    Time: 144677 ns  Scope: test_NtnuTfe4171Lab1Fifo.scoreBoardPopAndCheck File: ./tb/test_NtnuTfe4171Lab1Fifo.sv Line: 75
# [144677] MISMATCH: expected=0xx actual=0x9a
# ** Error: Assertion error.
#    Time: 144677 ns  Scope: test_NtnuTfe4171Lab1Fifo.scoreBoardPopAndCheck File: ./tb/test_NtnuTfe4171Lab1Fifo.sv Line: 85
#    144677 |   1    0x09a  |   1   0x09a  |   0     0     0
#    144739 |   1    0x09a  |   0   0x09a  |   0     0     0
# [144801] ERROR: Read with empty scoreboard!
# ** Error: Assertion error.
#    Time: 144801 ns  Scope: test_NtnuTfe4171Lab1Fifo.scoreBoardPopAndCheck File: ./tb/test_NtnuTfe4171Lab1Fifo.sv Line: 75
# [144801] MISMATCH: expected=0xx actual=0x9a
# ** Error: Assertion error.
#    Time: 144801 ns  Scope: test_NtnuTfe4171Lab1Fifo.scoreBoardPopAndCheck File: ./tb/test_NtnuTfe4171Lab1Fifo.sv Line: 85
#    144801 |   1    0x09a  |   1   0x09a  |   0     0     0
#    144863 |   1    0x09a  |   0   0x09a  |   0     0     0
# [144925] ERROR: Read with empty scoreboard!
# ** Error: Assertion error.
#    Time: 144925 ns  Scope: test_NtnuTfe4171Lab1Fifo.scoreBoardPopAndCheck File: ./tb/test_NtnuTfe4171Lab1Fifo.sv Line: 75
# [144925] MISMATCH: expected=0xx actual=0x9a
# ** Error: Assertion error.
#    Time: 144925 ns  Scope: test_NtnuTfe4171Lab1Fifo.scoreBoardPopAndCheck File: ./tb/test_NtnuTfe4171Lab1Fifo.sv Line: 85
#    144925 |   1    0x09a  |   1   0x09a  |   0     0     0
#    144987 |   1    0x09a  |   0   0x09a  |   0     0     0
# [145049] ERROR: Read with empty scoreboard!
# ** Error: Assertion error.
#    Time: 145049 ns  Scope: test_NtnuTfe4171Lab1Fifo.scoreBoardPopAndCheck File: ./tb/test_NtnuTfe4171Lab1Fifo.sv Line: 75
# [145049] MISMATCH: expected=0xx actual=0x9a
# ** Error: Assertion error.
#    Time: 145049 ns  Scope: test_NtnuTfe4171Lab1Fifo.scoreBoardPopAndCheck File: ./tb/test_NtnuTfe4171Lab1Fifo.sv Line: 85
#    145049 |   1    0x09a  |   1   0x09a  |   0     0     0
#    145111 |   1    0x09a  |   0   0x09a  |   0     0     0
# [145173] ERROR: Read with empty scoreboard!
# ** Error: Assertion error.
#    Time: 145173 ns  Scope: test_NtnuTfe4171Lab1Fifo.scoreBoardPopAndCheck File: ./tb/test_NtnuTfe4171Lab1Fifo.sv Line: 75
# [145173] MISMATCH: expected=0xx actual=0x9a
# ** Error: Assertion error.
#    Time: 145173 ns  Scope: test_NtnuTfe4171Lab1Fifo.scoreBoardPopAndCheck File: ./tb/test_NtnuTfe4171Lab1Fifo.sv Line: 85
#    145173 |   1    0x09a  |   1   0x09a  |   0     0     0
#    145235 |   1    0x09a  |   0   0x09a  |   0     0     0
# [145297] ERROR: Read with empty scoreboard!
# ** Error: Assertion error.
#    Time: 145297 ns  Scope: test_NtnuTfe4171Lab1Fifo.scoreBoardPopAndCheck File: ./tb/test_NtnuTfe4171Lab1Fifo.sv Line: 75
# [145297] MISMATCH: expected=0xx actual=0x9a
# ** Error: Assertion error.
#    Time: 145297 ns  Scope: test_NtnuTfe4171Lab1Fifo.scoreBoardPopAndCheck File: ./tb/test_NtnuTfe4171Lab1Fifo.sv Line: 85
#    145297 |   1    0x09a  |   1   0x09a  |   0     0     0
#    145359 |   1    0x09a  |   0   0x09a  |   0     0     0
# [145421] ERROR: Read with empty scoreboard!
# ** Error: Assertion error.
#    Time: 145421 ns  Scope: test_NtnuTfe4171Lab1Fifo.scoreBoardPopAndCheck File: ./tb/test_NtnuTfe4171Lab1Fifo.sv Line: 75
# [145421] MISMATCH: expected=0xx actual=0x9a
# ** Error: Assertion error.
#    Time: 145421 ns  Scope: test_NtnuTfe4171Lab1Fifo.scoreBoardPopAndCheck File: ./tb/test_NtnuTfe4171Lab1Fifo.sv Line: 85
#    145421 |   1    0x09a  |   1   0x09a  |   0     0     0
#    145483 |   1    0x09a  |   0   0x09a  |   0     0     0
# [145545] ERROR: Read with empty scoreboard!
# ** Error: Assertion error.
#    Time: 145545 ns  Scope: test_NtnuTfe4171Lab1Fifo.scoreBoardPopAndCheck File: ./tb/test_NtnuTfe4171Lab1Fifo.sv Line: 75
# [145545] MISMATCH: expected=0xx actual=0x9a
# ** Error: Assertion error.
#    Time: 145545 ns  Scope: test_NtnuTfe4171Lab1Fifo.scoreBoardPopAndCheck File: ./tb/test_NtnuTfe4171Lab1Fifo.sv Line: 85
#    145545 |   1    0x09a  |   1   0x09a  |   0     0     0
#    145607 |   1    0x09a  |   0   0x09a  |   0     0     0
# [145669] ERROR: Read with empty scoreboard!
# ** Error: Assertion error.
#    Time: 145669 ns  Scope: test_NtnuTfe4171Lab1Fifo.scoreBoardPopAndCheck File: ./tb/test_NtnuTfe4171Lab1Fifo.sv Line: 75
# [145669] MISMATCH: expected=0xx actual=0x9a
# ** Error: Assertion error.
#    Time: 145669 ns  Scope: test_NtnuTfe4171Lab1Fifo.scoreBoardPopAndCheck File: ./tb/test_NtnuTfe4171Lab1Fifo.sv Line: 85
#    145669 |   1    0x09a  |   1   0x09a  |   1     0     0
#    145731 |   1    0x09a  |   0   0x09a  |   0     0     0
# [145793] ERROR: Read with empty scoreboard!
# ** Error: Assertion error.
#    Time: 145793 ns  Scope: test_NtnuTfe4171Lab1Fifo.scoreBoardPopAndCheck File: ./tb/test_NtnuTfe4171Lab1Fifo.sv Line: 75
# [145793] MISMATCH: expected=0xx actual=0x9a
# ** Error: Assertion error.
#    Time: 145793 ns  Scope: test_NtnuTfe4171Lab1Fifo.scoreBoardPopAndCheck File: ./tb/test_NtnuTfe4171Lab1Fifo.sv Line: 85
#    145793 |   1    0x09a  |   1   0x09a  |   1     0     0
#    145855 |   1    0x09a  |   0   0x09a  |   0     0     0
# [145917] ERROR: Read with empty scoreboard!
# ** Error: Assertion error.
#    Time: 145917 ns  Scope: test_NtnuTfe4171Lab1Fifo.scoreBoardPopAndCheck File: ./tb/test_NtnuTfe4171Lab1Fifo.sv Line: 75
# [145917] MISMATCH: expected=0xx actual=0x9a
# ** Error: Assertion error.
#    Time: 145917 ns  Scope: test_NtnuTfe4171Lab1Fifo.scoreBoardPopAndCheck File: ./tb/test_NtnuTfe4171Lab1Fifo.sv Line: 85
#    145917 |   1    0x09a  |   1   0x09a  |   0     0     0
#    145979 |   1    0x09a  |   0   0x09a  |   0     0     0
# [146041] ERROR: Read with empty scoreboard!
# ** Error: Assertion error.
#    Time: 146041 ns  Scope: test_NtnuTfe4171Lab1Fifo.scoreBoardPopAndCheck File: ./tb/test_NtnuTfe4171Lab1Fifo.sv Line: 75
# [146041] MISMATCH: expected=0xx actual=0x9a
# ** Error: Assertion error.
#    Time: 146041 ns  Scope: test_NtnuTfe4171Lab1Fifo.scoreBoardPopAndCheck File: ./tb/test_NtnuTfe4171Lab1Fifo.sv Line: 85
#    146041 |   1    0x09a  |   1   0x09a  |   0     0     0
#    146103 |   1    0x09a  |   0   0x09a  |   0     0     0
# [146165] ERROR: Read with empty scoreboard!
# ** Error: Assertion error.
#    Time: 146165 ns  Scope: test_NtnuTfe4171Lab1Fifo.scoreBoardPopAndCheck File: ./tb/test_NtnuTfe4171Lab1Fifo.sv Line: 75
# [146165] MISMATCH: expected=0xx actual=0x9a
# ** Error: Assertion error.
#    Time: 146165 ns  Scope: test_NtnuTfe4171Lab1Fifo.scoreBoardPopAndCheck File: ./tb/test_NtnuTfe4171Lab1Fifo.sv Line: 85
#    146165 |   1    0x09a  |   1   0x09a  |   0     0     0
#    146227 |   1    0x09a  |   0   0x09a  |   0     0     0
# [146289] ERROR: Read with empty scoreboard!
# ** Error: Assertion error.
#    Time: 146289 ns  Scope: test_NtnuTfe4171Lab1Fifo.scoreBoardPopAndCheck File: ./tb/test_NtnuTfe4171Lab1Fifo.sv Line: 75
# [146289] MISMATCH: expected=0xx actual=0x9a
# ** Error: Assertion error.
#    Time: 146289 ns  Scope: test_NtnuTfe4171Lab1Fifo.scoreBoardPopAndCheck File: ./tb/test_NtnuTfe4171Lab1Fifo.sv Line: 85
#    146289 |   1    0x09a  |   1   0x09a  |   0     0     0
#    146351 |   1    0x09a  |   0   0x09a  |   0     0     0
# [146413] ERROR: Read with empty scoreboard!
# ** Error: Assertion error.
#    Time: 146413 ns  Scope: test_NtnuTfe4171Lab1Fifo.scoreBoardPopAndCheck File: ./tb/test_NtnuTfe4171Lab1Fifo.sv Line: 75
# [146413] MISMATCH: expected=0xx actual=0x9a
# ** Error: Assertion error.
#    Time: 146413 ns  Scope: test_NtnuTfe4171Lab1Fifo.scoreBoardPopAndCheck File: ./tb/test_NtnuTfe4171Lab1Fifo.sv Line: 85
#    146413 |   1    0x09a  |   1   0x09a  |   0     0     0
#    146475 |   1    0x09a  |   0   0x09a  |   0     0     0
# [146537] ERROR: Read with empty scoreboard!
# ** Error: Assertion error.
#    Time: 146537 ns  Scope: test_NtnuTfe4171Lab1Fifo.scoreBoardPopAndCheck File: ./tb/test_NtnuTfe4171Lab1Fifo.sv Line: 75
# [146537] MISMATCH: expected=0xx actual=0x9a
# ** Error: Assertion error.
#    Time: 146537 ns  Scope: test_NtnuTfe4171Lab1Fifo.scoreBoardPopAndCheck File: ./tb/test_NtnuTfe4171Lab1Fifo.sv Line: 85
#    146537 |   1    0x09a  |   1   0x09a  |   0     0     0
#    146599 |   1    0x09a  |   0   0x09a  |   0     0     0
# [146661] ERROR: Read with empty scoreboard!
# ** Error: Assertion error.
#    Time: 146661 ns  Scope: test_NtnuTfe4171Lab1Fifo.scoreBoardPopAndCheck File: ./tb/test_NtnuTfe4171Lab1Fifo.sv Line: 75
# [146661] MISMATCH: expected=0xx actual=0x9a
# ** Error: Assertion error.
#    Time: 146661 ns  Scope: test_NtnuTfe4171Lab1Fifo.scoreBoardPopAndCheck File: ./tb/test_NtnuTfe4171Lab1Fifo.sv Line: 85
#    146661 |   1    0x09a  |   1   0x09a  |   0     0     0
#    146723 |   1    0x09a  |   0   0x09a  |   0     0     0
# [146785] ERROR: Read with empty scoreboard!
# ** Error: Assertion error.
#    Time: 146785 ns  Scope: test_NtnuTfe4171Lab1Fifo.scoreBoardPopAndCheck File: ./tb/test_NtnuTfe4171Lab1Fifo.sv Line: 75
# [146785] MISMATCH: expected=0xx actual=0x9a
# ** Error: Assertion error.
#    Time: 146785 ns  Scope: test_NtnuTfe4171Lab1Fifo.scoreBoardPopAndCheck File: ./tb/test_NtnuTfe4171Lab1Fifo.sv Line: 85
#    146785 |   1    0x09a  |   1   0x09a  |   0     0     0
#    146847 |   1    0x09a  |   0   0x09a  |   0     0     0
# [146909] ERROR: Read with empty scoreboard!
# ** Error: Assertion error.
#    Time: 146909 ns  Scope: test_NtnuTfe4171Lab1Fifo.scoreBoardPopAndCheck File: ./tb/test_NtnuTfe4171Lab1Fifo.sv Line: 75
# [146909] MISMATCH: expected=0xx actual=0x9a
# ** Error: Assertion error.
#    Time: 146909 ns  Scope: test_NtnuTfe4171Lab1Fifo.scoreBoardPopAndCheck File: ./tb/test_NtnuTfe4171Lab1Fifo.sv Line: 85
#    146909 |   1    0x09a  |   1   0x09a  |   0     0     0
#    146971 |   1    0x09a  |   0   0x09a  |   0     0     0
# [147033] ERROR: Read with empty scoreboard!
# ** Error: Assertion error.
#    Time: 147033 ns  Scope: test_NtnuTfe4171Lab1Fifo.scoreBoardPopAndCheck File: ./tb/test_NtnuTfe4171Lab1Fifo.sv Line: 75
# [147033] MISMATCH: expected=0xx actual=0x9a
# ** Error: Assertion error.
#    Time: 147033 ns  Scope: test_NtnuTfe4171Lab1Fifo.scoreBoardPopAndCheck File: ./tb/test_NtnuTfe4171Lab1Fifo.sv Line: 85
#    147033 |   1    0x09a  |   1   0x09a  |   0     0     0
#    147095 |   1    0x09a  |   0   0x09a  |   0     0     0
# [147157] ERROR: Read with empty scoreboard!
# ** Error: Assertion error.
#    Time: 147157 ns  Scope: test_NtnuTfe4171Lab1Fifo.scoreBoardPopAndCheck File: ./tb/test_NtnuTfe4171Lab1Fifo.sv Line: 75
# [147157] MISMATCH: expected=0xx actual=0x9a
# ** Error: Assertion error.
#    Time: 147157 ns  Scope: test_NtnuTfe4171Lab1Fifo.scoreBoardPopAndCheck File: ./tb/test_NtnuTfe4171Lab1Fifo.sv Line: 85
#    147157 |   1    0x09a  |   1   0x09a  |   0     0     0
#    147219 |   1    0x09a  |   0   0x09a  |   0     0     0
# [147281] ERROR: Read with empty scoreboard!
# ** Error: Assertion error.
#    Time: 147281 ns  Scope: test_NtnuTfe4171Lab1Fifo.scoreBoardPopAndCheck File: ./tb/test_NtnuTfe4171Lab1Fifo.sv Line: 75
# [147281] MISMATCH: expected=0xx actual=0x9a
# ** Error: Assertion error.
#    Time: 147281 ns  Scope: test_NtnuTfe4171Lab1Fifo.scoreBoardPopAndCheck File: ./tb/test_NtnuTfe4171Lab1Fifo.sv Line: 85
#    147281 |   1    0x09a  |   1   0x09a  |   0     0     0
#    147343 |   1    0x09a  |   0   0x09a  |   0     0     0
# [147405] ERROR: Read with empty scoreboard!
# ** Error: Assertion error.
#    Time: 147405 ns  Scope: test_NtnuTfe4171Lab1Fifo.scoreBoardPopAndCheck File: ./tb/test_NtnuTfe4171Lab1Fifo.sv Line: 75
# [147405] MISMATCH: expected=0xx actual=0x9a
# ** Error: Assertion error.
#    Time: 147405 ns  Scope: test_NtnuTfe4171Lab1Fifo.scoreBoardPopAndCheck File: ./tb/test_NtnuTfe4171Lab1Fifo.sv Line: 85
#    147405 |   1    0x09a  |   1   0x09a  |   0     0     0
#    147467 |   1    0x09a  |   0   0x09a  |   0     0     0
# [147529] ERROR: Read with empty scoreboard!
# ** Error: Assertion error.
#    Time: 147529 ns  Scope: test_NtnuTfe4171Lab1Fifo.scoreBoardPopAndCheck File: ./tb/test_NtnuTfe4171Lab1Fifo.sv Line: 75
# [147529] MISMATCH: expected=0xx actual=0x9a
# ** Error: Assertion error.
#    Time: 147529 ns  Scope: test_NtnuTfe4171Lab1Fifo.scoreBoardPopAndCheck File: ./tb/test_NtnuTfe4171Lab1Fifo.sv Line: 85
#    147529 |   1    0x09a  |   1   0x09a  |   0     0     0
#    147591 |   1    0x09a  |   0   0x09a  |   0     0     0
# [147653] ERROR: Read with empty scoreboard!
# ** Error: Assertion error.
#    Time: 147653 ns  Scope: test_NtnuTfe4171Lab1Fifo.scoreBoardPopAndCheck File: ./tb/test_NtnuTfe4171Lab1Fifo.sv Line: 75
# [147653] MISMATCH: expected=0xx actual=0x9a
# ** Error: Assertion error.
#    Time: 147653 ns  Scope: test_NtnuTfe4171Lab1Fifo.scoreBoardPopAndCheck File: ./tb/test_NtnuTfe4171Lab1Fifo.sv Line: 85
#    147653 |   1    0x09a  |   1   0x09a  |   0     0     0
#    147715 |   1    0x09a  |   0   0x09a  |   0     0     0
# [147777] ERROR: Read with empty scoreboard!
# ** Error: Assertion error.
#    Time: 147777 ns  Scope: test_NtnuTfe4171Lab1Fifo.scoreBoardPopAndCheck File: ./tb/test_NtnuTfe4171Lab1Fifo.sv Line: 75
# [147777] MISMATCH: expected=0xx actual=0x9a
# ** Error: Assertion error.
#    Time: 147777 ns  Scope: test_NtnuTfe4171Lab1Fifo.scoreBoardPopAndCheck File: ./tb/test_NtnuTfe4171Lab1Fifo.sv Line: 85
#    147777 |   1    0x09a  |   1   0x09a  |   0     0     0
#    147839 |   1    0x09a  |   0   0x09a  |   0     0     0
# [147901] ERROR: Read with empty scoreboard!
# ** Error: Assertion error.
#    Time: 147901 ns  Scope: test_NtnuTfe4171Lab1Fifo.scoreBoardPopAndCheck File: ./tb/test_NtnuTfe4171Lab1Fifo.sv Line: 75
# [147901] MISMATCH: expected=0xx actual=0x9a
# ** Error: Assertion error.
#    Time: 147901 ns  Scope: test_NtnuTfe4171Lab1Fifo.scoreBoardPopAndCheck File: ./tb/test_NtnuTfe4171Lab1Fifo.sv Line: 85
#    147901 |   1    0x09a  |   1   0x09a  |   0     0     0
#    147963 |   1    0x09a  |   0   0x09a  |   0     0     0
# [148025] ERROR: Read with empty scoreboard!
# ** Error: Assertion error.
#    Time: 148025 ns  Scope: test_NtnuTfe4171Lab1Fifo.scoreBoardPopAndCheck File: ./tb/test_NtnuTfe4171Lab1Fifo.sv Line: 75
# [148025] MISMATCH: expected=0xx actual=0x9a
# ** Error: Assertion error.
#    Time: 148025 ns  Scope: test_NtnuTfe4171Lab1Fifo.scoreBoardPopAndCheck File: ./tb/test_NtnuTfe4171Lab1Fifo.sv Line: 85
#    148025 |   1    0x09a  |   1   0x09a  |   0     0     0
#    148087 |   1    0x09a  |   0   0x09a  |   0     0     0
# [148149] ERROR: Read with empty scoreboard!
# ** Error: Assertion error.
#    Time: 148149 ns  Scope: test_NtnuTfe4171Lab1Fifo.scoreBoardPopAndCheck File: ./tb/test_NtnuTfe4171Lab1Fifo.sv Line: 75
# [148149] MISMATCH: expected=0xx actual=0x9a
# ** Error: Assertion error.
#    Time: 148149 ns  Scope: test_NtnuTfe4171Lab1Fifo.scoreBoardPopAndCheck File: ./tb/test_NtnuTfe4171Lab1Fifo.sv Line: 85
#    148149 |   1    0x09a  |   1   0x09a  |   0     0     0
#    148211 |   1    0x09a  |   0   0x09a  |   0     0     0
# [148273] ERROR: Read with empty scoreboard!
# ** Error: Assertion error.
#    Time: 148273 ns  Scope: test_NtnuTfe4171Lab1Fifo.scoreBoardPopAndCheck File: ./tb/test_NtnuTfe4171Lab1Fifo.sv Line: 75
# [148273] MISMATCH: expected=0xx actual=0x9a
# ** Error: Assertion error.
#    Time: 148273 ns  Scope: test_NtnuTfe4171Lab1Fifo.scoreBoardPopAndCheck File: ./tb/test_NtnuTfe4171Lab1Fifo.sv Line: 85
#    148273 |   1    0x09a  |   1   0x09a  |   0     0     0
#    148335 |   1    0x09a  |   0   0x09a  |   0     0     0
# [148397] ERROR: Read with empty scoreboard!
# ** Error: Assertion error.
#    Time: 148397 ns  Scope: test_NtnuTfe4171Lab1Fifo.scoreBoardPopAndCheck File: ./tb/test_NtnuTfe4171Lab1Fifo.sv Line: 75
# [148397] MISMATCH: expected=0xx actual=0x9a
# ** Error: Assertion error.
#    Time: 148397 ns  Scope: test_NtnuTfe4171Lab1Fifo.scoreBoardPopAndCheck File: ./tb/test_NtnuTfe4171Lab1Fifo.sv Line: 85
#    148397 |   1    0x09a  |   1   0x09a  |   0     0     0
#    148459 |   1    0x09a  |   0   0x09a  |   0     0     0
# [148521] ERROR: Read with empty scoreboard!
# ** Error: Assertion error.
#    Time: 148521 ns  Scope: test_NtnuTfe4171Lab1Fifo.scoreBoardPopAndCheck File: ./tb/test_NtnuTfe4171Lab1Fifo.sv Line: 75
# [148521] MISMATCH: expected=0xx actual=0x9a
# ** Error: Assertion error.
#    Time: 148521 ns  Scope: test_NtnuTfe4171Lab1Fifo.scoreBoardPopAndCheck File: ./tb/test_NtnuTfe4171Lab1Fifo.sv Line: 85
#    148521 |   1    0x09a  |   1   0x09a  |   0     0     0
#    148583 |   1    0x09a  |   0   0x09a  |   0     0     0
# [148645] ERROR: Read with empty scoreboard!
# ** Error: Assertion error.
#    Time: 148645 ns  Scope: test_NtnuTfe4171Lab1Fifo.scoreBoardPopAndCheck File: ./tb/test_NtnuTfe4171Lab1Fifo.sv Line: 75
# [148645] MISMATCH: expected=0xx actual=0x9a
# ** Error: Assertion error.
#    Time: 148645 ns  Scope: test_NtnuTfe4171Lab1Fifo.scoreBoardPopAndCheck File: ./tb/test_NtnuTfe4171Lab1Fifo.sv Line: 85
#    148645 |   1    0x09a  |   1   0x09a  |   0     0     0
#    148707 |   1    0x09a  |   0   0x09a  |   0     0     0
# [148769] ERROR: Read with empty scoreboard!
# ** Error: Assertion error.
#    Time: 148769 ns  Scope: test_NtnuTfe4171Lab1Fifo.scoreBoardPopAndCheck File: ./tb/test_NtnuTfe4171Lab1Fifo.sv Line: 75
# [148769] MISMATCH: expected=0xx actual=0x9a
# ** Error: Assertion error.
#    Time: 148769 ns  Scope: test_NtnuTfe4171Lab1Fifo.scoreBoardPopAndCheck File: ./tb/test_NtnuTfe4171Lab1Fifo.sv Line: 85
#    148769 |   1    0x09a  |   1   0x09a  |   0     0     0
#    148831 |   1    0x09a  |   0   0x09a  |   0     0     0
# [148893] ERROR: Read with empty scoreboard!
# ** Error: Assertion error.
#    Time: 148893 ns  Scope: test_NtnuTfe4171Lab1Fifo.scoreBoardPopAndCheck File: ./tb/test_NtnuTfe4171Lab1Fifo.sv Line: 75
# [148893] MISMATCH: expected=0xx actual=0x9a
# ** Error: Assertion error.
#    Time: 148893 ns  Scope: test_NtnuTfe4171Lab1Fifo.scoreBoardPopAndCheck File: ./tb/test_NtnuTfe4171Lab1Fifo.sv Line: 85
#    148893 |   1    0x09a  |   1   0x09a  |   0     0     0
#    148955 |   1    0x09a  |   0   0x09a  |   0     0     0
# [149017] ERROR: Read with empty scoreboard!
# ** Error: Assertion error.
#    Time: 149017 ns  Scope: test_NtnuTfe4171Lab1Fifo.scoreBoardPopAndCheck File: ./tb/test_NtnuTfe4171Lab1Fifo.sv Line: 75
# [149017] MISMATCH: expected=0xx actual=0x9a
# ** Error: Assertion error.
#    Time: 149017 ns  Scope: test_NtnuTfe4171Lab1Fifo.scoreBoardPopAndCheck File: ./tb/test_NtnuTfe4171Lab1Fifo.sv Line: 85
#    149017 |   1    0x09a  |   1   0x09a  |   0     0     0
#    149079 |   1    0x09a  |   0   0x09a  |   0     0     0
# [149141] ERROR: Read with empty scoreboard!
# ** Error: Assertion error.
#    Time: 149141 ns  Scope: test_NtnuTfe4171Lab1Fifo.scoreBoardPopAndCheck File: ./tb/test_NtnuTfe4171Lab1Fifo.sv Line: 75
# [149141] MISMATCH: expected=0xx actual=0x9a
# ** Error: Assertion error.
#    Time: 149141 ns  Scope: test_NtnuTfe4171Lab1Fifo.scoreBoardPopAndCheck File: ./tb/test_NtnuTfe4171Lab1Fifo.sv Line: 85
#    149141 |   1    0x09a  |   1   0x09a  |   0     0     0
#    149203 |   1    0x09a  |   0   0x09a  |   0     0     0
# [149265] ERROR: Read with empty scoreboard!
# ** Error: Assertion error.
#    Time: 149265 ns  Scope: test_NtnuTfe4171Lab1Fifo.scoreBoardPopAndCheck File: ./tb/test_NtnuTfe4171Lab1Fifo.sv Line: 75
# [149265] MISMATCH: expected=0xx actual=0x9a
# ** Error: Assertion error.
#    Time: 149265 ns  Scope: test_NtnuTfe4171Lab1Fifo.scoreBoardPopAndCheck File: ./tb/test_NtnuTfe4171Lab1Fifo.sv Line: 85
#    149265 |   1    0x09a  |   1   0x09a  |   0     0     0
#    149327 |   1    0x09a  |   0   0x09a  |   0     0     0
# [149389] ERROR: Read with empty scoreboard!
# ** Error: Assertion error.
#    Time: 149389 ns  Scope: test_NtnuTfe4171Lab1Fifo.scoreBoardPopAndCheck File: ./tb/test_NtnuTfe4171Lab1Fifo.sv Line: 75
# [149389] MISMATCH: expected=0xx actual=0x9a
# ** Error: Assertion error.
#    Time: 149389 ns  Scope: test_NtnuTfe4171Lab1Fifo.scoreBoardPopAndCheck File: ./tb/test_NtnuTfe4171Lab1Fifo.sv Line: 85
#    149389 |   1    0x09a  |   1   0x09a  |   0     0     0
#    149451 |   1    0x09a  |   0   0x09a  |   0     0     0
# [149513] ERROR: Read with empty scoreboard!
# ** Error: Assertion error.
#    Time: 149513 ns  Scope: test_NtnuTfe4171Lab1Fifo.scoreBoardPopAndCheck File: ./tb/test_NtnuTfe4171Lab1Fifo.sv Line: 75
# [149513] MISMATCH: expected=0xx actual=0x9a
# ** Error: Assertion error.
#    Time: 149513 ns  Scope: test_NtnuTfe4171Lab1Fifo.scoreBoardPopAndCheck File: ./tb/test_NtnuTfe4171Lab1Fifo.sv Line: 85
#    149513 |   1    0x09a  |   1   0x09a  |   0     0     0
#    149575 |   1    0x09a  |   0   0x09a  |   0     0     0
# [149637] ERROR: Read with empty scoreboard!
# ** Error: Assertion error.
#    Time: 149637 ns  Scope: test_NtnuTfe4171Lab1Fifo.scoreBoardPopAndCheck File: ./tb/test_NtnuTfe4171Lab1Fifo.sv Line: 75
# [149637] MISMATCH: expected=0xx actual=0x9a
# ** Error: Assertion error.
#    Time: 149637 ns  Scope: test_NtnuTfe4171Lab1Fifo.scoreBoardPopAndCheck File: ./tb/test_NtnuTfe4171Lab1Fifo.sv Line: 85
#    149637 |   1    0x09a  |   1   0x09a  |   0     0     0
#    149699 |   1    0x09a  |   0   0x09a  |   0     0     0
# [149761] ERROR: Read with empty scoreboard!
# ** Error: Assertion error.
#    Time: 149761 ns  Scope: test_NtnuTfe4171Lab1Fifo.scoreBoardPopAndCheck File: ./tb/test_NtnuTfe4171Lab1Fifo.sv Line: 75
# [149761] MISMATCH: expected=0xx actual=0x9a
# ** Error: Assertion error.
#    Time: 149761 ns  Scope: test_NtnuTfe4171Lab1Fifo.scoreBoardPopAndCheck File: ./tb/test_NtnuTfe4171Lab1Fifo.sv Line: 85
#    149761 |   1    0x09a  |   1   0x09a  |   0     0     0
#    149823 |   1    0x09a  |   0   0x09a  |   0     0     0
#    149885 |   1    0x09a  |   1   0x09a  |   0     1     0
#    149947 |   1    0x09a  |   0   0x09a  |   0     0     0
# [150009] ERROR: Read with empty scoreboard!
# ** Error: Assertion error.
#    Time: 150009 ns  Scope: test_NtnuTfe4171Lab1Fifo.scoreBoardPopAndCheck File: ./tb/test_NtnuTfe4171Lab1Fifo.sv Line: 75
# [150009] MISMATCH: expected=0xx actual=0x9a
# ** Error: Assertion error.
#    Time: 150009 ns  Scope: test_NtnuTfe4171Lab1Fifo.scoreBoardPopAndCheck File: ./tb/test_NtnuTfe4171Lab1Fifo.sv Line: 85
#    150009 |   1    0x09a  |   1   0x09a  |   0     0     0
#    150071 |   1    0x09a  |   0   0x09a  |   0     0     0
# [150133] ERROR: Read with empty scoreboard!
# ** Error: Assertion error.
#    Time: 150133 ns  Scope: test_NtnuTfe4171Lab1Fifo.scoreBoardPopAndCheck File: ./tb/test_NtnuTfe4171Lab1Fifo.sv Line: 75
# [150133] MISMATCH: expected=0xx actual=0x9a
# ** Error: Assertion error.
#    Time: 150133 ns  Scope: test_NtnuTfe4171Lab1Fifo.scoreBoardPopAndCheck File: ./tb/test_NtnuTfe4171Lab1Fifo.sv Line: 85
#    150133 |   1    0x09a  |   1   0x09a  |   0     0     0
#    150195 |   1    0x09a  |   0   0x09a  |   0     0     0
# [150257] ERROR: Read with empty scoreboard!
# ** Error: Assertion error.
#    Time: 150257 ns  Scope: test_NtnuTfe4171Lab1Fifo.scoreBoardPopAndCheck File: ./tb/test_NtnuTfe4171Lab1Fifo.sv Line: 75
# [150257] MISMATCH: expected=0xx actual=0x9a
# ** Error: Assertion error.
#    Time: 150257 ns  Scope: test_NtnuTfe4171Lab1Fifo.scoreBoardPopAndCheck File: ./tb/test_NtnuTfe4171Lab1Fifo.sv Line: 85
#    150257 |   1    0x09a  |   1   0x09a  |   0     0     0
#    150319 |   1    0x09a  |   0   0x09a  |   0     0     0
# [150381] ERROR: Read with empty scoreboard!
# ** Error: Assertion error.
#    Time: 150381 ns  Scope: test_NtnuTfe4171Lab1Fifo.scoreBoardPopAndCheck File: ./tb/test_NtnuTfe4171Lab1Fifo.sv Line: 75
# [150381] MISMATCH: expected=0xx actual=0x9a
# ** Error: Assertion error.
#    Time: 150381 ns  Scope: test_NtnuTfe4171Lab1Fifo.scoreBoardPopAndCheck File: ./tb/test_NtnuTfe4171Lab1Fifo.sv Line: 85
#    150381 |   1    0x09a  |   1   0x09a  |   0     0     0
#    150443 |   1    0x09a  |   0   0x09a  |   0     0     0
# [150505] ERROR: Read with empty scoreboard!
# ** Error: Assertion error.
#    Time: 150505 ns  Scope: test_NtnuTfe4171Lab1Fifo.scoreBoardPopAndCheck File: ./tb/test_NtnuTfe4171Lab1Fifo.sv Line: 75
# [150505] MISMATCH: expected=0xx actual=0x9a
# ** Error: Assertion error.
#    Time: 150505 ns  Scope: test_NtnuTfe4171Lab1Fifo.scoreBoardPopAndCheck File: ./tb/test_NtnuTfe4171Lab1Fifo.sv Line: 85
#    150505 |   1    0x09a  |   1   0x09a  |   0     0     0
#    150567 |   1    0x09a  |   0   0x09a  |   0     0     0
# [150629] ERROR: Read with empty scoreboard!
# ** Error: Assertion error.
#    Time: 150629 ns  Scope: test_NtnuTfe4171Lab1Fifo.scoreBoardPopAndCheck File: ./tb/test_NtnuTfe4171Lab1Fifo.sv Line: 75
# [150629] MISMATCH: expected=0xx actual=0x9a
# ** Error: Assertion error.
#    Time: 150629 ns  Scope: test_NtnuTfe4171Lab1Fifo.scoreBoardPopAndCheck File: ./tb/test_NtnuTfe4171Lab1Fifo.sv Line: 85
#    150629 |   1    0x09a  |   1   0x09a  |   0     0     0
#    150691 |   1    0x09a  |   0   0x09a  |   0     0     0
# [150753] ERROR: Read with empty scoreboard!
# ** Error: Assertion error.
#    Time: 150753 ns  Scope: test_NtnuTfe4171Lab1Fifo.scoreBoardPopAndCheck File: ./tb/test_NtnuTfe4171Lab1Fifo.sv Line: 75
# [150753] MISMATCH: expected=0xx actual=0x9a
# ** Error: Assertion error.
#    Time: 150753 ns  Scope: test_NtnuTfe4171Lab1Fifo.scoreBoardPopAndCheck File: ./tb/test_NtnuTfe4171Lab1Fifo.sv Line: 85
#    150753 |   1    0x09a  |   1   0x09a  |   0     0     0
#    150815 |   1    0x09a  |   0   0x09a  |   0     0     0
# [150877] ERROR: Read with empty scoreboard!
# ** Error: Assertion error.
#    Time: 150877 ns  Scope: test_NtnuTfe4171Lab1Fifo.scoreBoardPopAndCheck File: ./tb/test_NtnuTfe4171Lab1Fifo.sv Line: 75
# [150877] MISMATCH: expected=0xx actual=0x9a
# ** Error: Assertion error.
#    Time: 150877 ns  Scope: test_NtnuTfe4171Lab1Fifo.scoreBoardPopAndCheck File: ./tb/test_NtnuTfe4171Lab1Fifo.sv Line: 85
#    150877 |   1    0x09a  |   1   0x09a  |   0     0     0
#    150939 |   1    0x09a  |   0   0x09a  |   0     0     0
# [151001] ERROR: Read with empty scoreboard!
# ** Error: Assertion error.
#    Time: 151001 ns  Scope: test_NtnuTfe4171Lab1Fifo.scoreBoardPopAndCheck File: ./tb/test_NtnuTfe4171Lab1Fifo.sv Line: 75
# [151001] MISMATCH: expected=0xx actual=0x9a
# ** Error: Assertion error.
#    Time: 151001 ns  Scope: test_NtnuTfe4171Lab1Fifo.scoreBoardPopAndCheck File: ./tb/test_NtnuTfe4171Lab1Fifo.sv Line: 85
#    151001 |   1    0x09a  |   1   0x09a  |   0     0     0
#    151063 |   1    0x09a  |   0   0x09a  |   0     0     0
# [151125] ERROR: Read with empty scoreboard!
# ** Error: Assertion error.
#    Time: 151125 ns  Scope: test_NtnuTfe4171Lab1Fifo.scoreBoardPopAndCheck File: ./tb/test_NtnuTfe4171Lab1Fifo.sv Line: 75
# [151125] MISMATCH: expected=0xx actual=0x9a
# ** Error: Assertion error.
#    Time: 151125 ns  Scope: test_NtnuTfe4171Lab1Fifo.scoreBoardPopAndCheck File: ./tb/test_NtnuTfe4171Lab1Fifo.sv Line: 85
#    151125 |   1    0x09a  |   1   0x09a  |   0     0     0
#    151187 |   1    0x09a  |   0   0x09a  |   0     0     0
# [151249] ERROR: Read with empty scoreboard!
# ** Error: Assertion error.
#    Time: 151249 ns  Scope: test_NtnuTfe4171Lab1Fifo.scoreBoardPopAndCheck File: ./tb/test_NtnuTfe4171Lab1Fifo.sv Line: 75
# [151249] MISMATCH: expected=0xx actual=0x9a
# ** Error: Assertion error.
#    Time: 151249 ns  Scope: test_NtnuTfe4171Lab1Fifo.scoreBoardPopAndCheck File: ./tb/test_NtnuTfe4171Lab1Fifo.sv Line: 85
#    151249 |   1    0x09a  |   1   0x09a  |   0     0     0
#    151311 |   1    0x09a  |   0   0x09a  |   0     0     0
# [151373] ERROR: Read with empty scoreboard!
# ** Error: Assertion error.
#    Time: 151373 ns  Scope: test_NtnuTfe4171Lab1Fifo.scoreBoardPopAndCheck File: ./tb/test_NtnuTfe4171Lab1Fifo.sv Line: 75
# [151373] MISMATCH: expected=0xx actual=0x9a
# ** Error: Assertion error.
#    Time: 151373 ns  Scope: test_NtnuTfe4171Lab1Fifo.scoreBoardPopAndCheck File: ./tb/test_NtnuTfe4171Lab1Fifo.sv Line: 85
#    151373 |   1    0x09a  |   1   0x09a  |   0     0     0
#    151435 |   1    0x09a  |   0   0x09a  |   0     0     0
# [151497] ERROR: Read with empty scoreboard!
# ** Error: Assertion error.
#    Time: 151497 ns  Scope: test_NtnuTfe4171Lab1Fifo.scoreBoardPopAndCheck File: ./tb/test_NtnuTfe4171Lab1Fifo.sv Line: 75
# [151497] MISMATCH: expected=0xx actual=0x9a
# ** Error: Assertion error.
#    Time: 151497 ns  Scope: test_NtnuTfe4171Lab1Fifo.scoreBoardPopAndCheck File: ./tb/test_NtnuTfe4171Lab1Fifo.sv Line: 85
#    151497 |   1    0x09a  |   1   0x09a  |   0     0     0
#    151559 |   1    0x09a  |   0   0x09a  |   0     0     0
# [151621] ERROR: Read with empty scoreboard!
# ** Error: Assertion error.
#    Time: 151621 ns  Scope: test_NtnuTfe4171Lab1Fifo.scoreBoardPopAndCheck File: ./tb/test_NtnuTfe4171Lab1Fifo.sv Line: 75
# [151621] MISMATCH: expected=0xx actual=0x9a
# ** Error: Assertion error.
#    Time: 151621 ns  Scope: test_NtnuTfe4171Lab1Fifo.scoreBoardPopAndCheck File: ./tb/test_NtnuTfe4171Lab1Fifo.sv Line: 85
#    151621 |   1    0x09a  |   1   0x09a  |   0     0     0
#    151683 |   1    0x09a  |   0   0x09a  |   0     0     0
# [151745] ERROR: Read with empty scoreboard!
# ** Error: Assertion error.
#    Time: 151745 ns  Scope: test_NtnuTfe4171Lab1Fifo.scoreBoardPopAndCheck File: ./tb/test_NtnuTfe4171Lab1Fifo.sv Line: 75
# [151745] MISMATCH: expected=0xx actual=0x9a
# ** Error: Assertion error.
#    Time: 151745 ns  Scope: test_NtnuTfe4171Lab1Fifo.scoreBoardPopAndCheck File: ./tb/test_NtnuTfe4171Lab1Fifo.sv Line: 85
#    151745 |   1    0x09a  |   1   0x09a  |   0     0     0
#    151807 |   1    0x09a  |   0   0x09a  |   0     0     0
# [151869] ERROR: Read with empty scoreboard!
# ** Error: Assertion error.
#    Time: 151869 ns  Scope: test_NtnuTfe4171Lab1Fifo.scoreBoardPopAndCheck File: ./tb/test_NtnuTfe4171Lab1Fifo.sv Line: 75
# [151869] MISMATCH: expected=0xx actual=0x9a
# ** Error: Assertion error.
#    Time: 151869 ns  Scope: test_NtnuTfe4171Lab1Fifo.scoreBoardPopAndCheck File: ./tb/test_NtnuTfe4171Lab1Fifo.sv Line: 85
#    151869 |   1    0x09a  |   1   0x09a  |   0     0     0
#    151931 |   1    0x09a  |   0   0x09a  |   0     0     0
# [151993] ERROR: Read with empty scoreboard!
# ** Error: Assertion error.
#    Time: 151993 ns  Scope: test_NtnuTfe4171Lab1Fifo.scoreBoardPopAndCheck File: ./tb/test_NtnuTfe4171Lab1Fifo.sv Line: 75
# [151993] MISMATCH: expected=0xx actual=0x9a
# ** Error: Assertion error.
#    Time: 151993 ns  Scope: test_NtnuTfe4171Lab1Fifo.scoreBoardPopAndCheck File: ./tb/test_NtnuTfe4171Lab1Fifo.sv Line: 85
#    151993 |   1    0x09a  |   1   0x09a  |   0     0     0
#    152055 |   1    0x09a  |   0   0x09a  |   0     0     0
# [152117] ERROR: Read with empty scoreboard!
# ** Error: Assertion error.
#    Time: 152117 ns  Scope: test_NtnuTfe4171Lab1Fifo.scoreBoardPopAndCheck File: ./tb/test_NtnuTfe4171Lab1Fifo.sv Line: 75
# [152117] MISMATCH: expected=0xx actual=0x9a
# ** Error: Assertion error.
#    Time: 152117 ns  Scope: test_NtnuTfe4171Lab1Fifo.scoreBoardPopAndCheck File: ./tb/test_NtnuTfe4171Lab1Fifo.sv Line: 85
#    152117 |   1    0x09a  |   1   0x09a  |   0     0     0
#    152179 |   1    0x09a  |   0   0x09a  |   0     0     0
# [152241] ERROR: Read with empty scoreboard!
# ** Error: Assertion error.
#    Time: 152241 ns  Scope: test_NtnuTfe4171Lab1Fifo.scoreBoardPopAndCheck File: ./tb/test_NtnuTfe4171Lab1Fifo.sv Line: 75
# [152241] MISMATCH: expected=0xx actual=0x9a
# ** Error: Assertion error.
#    Time: 152241 ns  Scope: test_NtnuTfe4171Lab1Fifo.scoreBoardPopAndCheck File: ./tb/test_NtnuTfe4171Lab1Fifo.sv Line: 85
#    152241 |   1    0x09a  |   1   0x09a  |   0     0     0
#    152303 |   1    0x09a  |   0   0x09a  |   0     0     0
# [152365] ERROR: Read with empty scoreboard!
# ** Error: Assertion error.
#    Time: 152365 ns  Scope: test_NtnuTfe4171Lab1Fifo.scoreBoardPopAndCheck File: ./tb/test_NtnuTfe4171Lab1Fifo.sv Line: 75
# [152365] MISMATCH: expected=0xx actual=0x9a
# ** Error: Assertion error.
#    Time: 152365 ns  Scope: test_NtnuTfe4171Lab1Fifo.scoreBoardPopAndCheck File: ./tb/test_NtnuTfe4171Lab1Fifo.sv Line: 85
#    152365 |   1    0x09a  |   1   0x09a  |   0     0     0
#    152427 |   1    0x09a  |   0   0x09a  |   0     0     0
# [152489] ERROR: Read with empty scoreboard!
# ** Error: Assertion error.
#    Time: 152489 ns  Scope: test_NtnuTfe4171Lab1Fifo.scoreBoardPopAndCheck File: ./tb/test_NtnuTfe4171Lab1Fifo.sv Line: 75
# [152489] MISMATCH: expected=0xx actual=0x9a
# ** Error: Assertion error.
#    Time: 152489 ns  Scope: test_NtnuTfe4171Lab1Fifo.scoreBoardPopAndCheck File: ./tb/test_NtnuTfe4171Lab1Fifo.sv Line: 85
#    152489 |   1    0x09a  |   1   0x09a  |   0     0     0
#    152551 |   1    0x09a  |   0   0x09a  |   0     0     0
# [152613] ERROR: Read with empty scoreboard!
# ** Error: Assertion error.
#    Time: 152613 ns  Scope: test_NtnuTfe4171Lab1Fifo.scoreBoardPopAndCheck File: ./tb/test_NtnuTfe4171Lab1Fifo.sv Line: 75
# [152613] MISMATCH: expected=0xx actual=0x9a
# ** Error: Assertion error.
#    Time: 152613 ns  Scope: test_NtnuTfe4171Lab1Fifo.scoreBoardPopAndCheck File: ./tb/test_NtnuTfe4171Lab1Fifo.sv Line: 85
#    152613 |   1    0x09a  |   1   0x09a  |   0     0     0
#    152675 |   1    0x09a  |   0   0x09a  |   0     0     0
# [152737] ERROR: Read with empty scoreboard!
# ** Error: Assertion error.
#    Time: 152737 ns  Scope: test_NtnuTfe4171Lab1Fifo.scoreBoardPopAndCheck File: ./tb/test_NtnuTfe4171Lab1Fifo.sv Line: 75
# [152737] MISMATCH: expected=0xx actual=0x9a
# ** Error: Assertion error.
#    Time: 152737 ns  Scope: test_NtnuTfe4171Lab1Fifo.scoreBoardPopAndCheck File: ./tb/test_NtnuTfe4171Lab1Fifo.sv Line: 85
#    152737 |   1    0x09a  |   1   0x09a  |   0     0     0
#    152799 |   1    0x09a  |   0   0x09a  |   0     0     0
# [152861] ERROR: Read with empty scoreboard!
# ** Error: Assertion error.
#    Time: 152861 ns  Scope: test_NtnuTfe4171Lab1Fifo.scoreBoardPopAndCheck File: ./tb/test_NtnuTfe4171Lab1Fifo.sv Line: 75
# [152861] MISMATCH: expected=0xx actual=0x9a
# ** Error: Assertion error.
#    Time: 152861 ns  Scope: test_NtnuTfe4171Lab1Fifo.scoreBoardPopAndCheck File: ./tb/test_NtnuTfe4171Lab1Fifo.sv Line: 85
#    152861 |   1    0x09a  |   1   0x09a  |   0     0     0
#    152923 |   1    0x09a  |   0   0x09a  |   0     0     0
# [152985] ERROR: Read with empty scoreboard!
# ** Error: Assertion error.
#    Time: 152985 ns  Scope: test_NtnuTfe4171Lab1Fifo.scoreBoardPopAndCheck File: ./tb/test_NtnuTfe4171Lab1Fifo.sv Line: 75
# [152985] MISMATCH: expected=0xx actual=0x9a
# ** Error: Assertion error.
#    Time: 152985 ns  Scope: test_NtnuTfe4171Lab1Fifo.scoreBoardPopAndCheck File: ./tb/test_NtnuTfe4171Lab1Fifo.sv Line: 85
#    152985 |   1    0x09a  |   1   0x09a  |   0     0     0
#    153047 |   1    0x09a  |   0   0x09a  |   0     0     0
# [153109] ERROR: Read with empty scoreboard!
# ** Error: Assertion error.
#    Time: 153109 ns  Scope: test_NtnuTfe4171Lab1Fifo.scoreBoardPopAndCheck File: ./tb/test_NtnuTfe4171Lab1Fifo.sv Line: 75
# [153109] MISMATCH: expected=0xx actual=0x9a
# ** Error: Assertion error.
#    Time: 153109 ns  Scope: test_NtnuTfe4171Lab1Fifo.scoreBoardPopAndCheck File: ./tb/test_NtnuTfe4171Lab1Fifo.sv Line: 85
#    153109 |   1    0x09a  |   1   0x09a  |   0     0     0
#    153171 |   1    0x09a  |   0   0x09a  |   0     0     0
# [153233] ERROR: Read with empty scoreboard!
# ** Error: Assertion error.
#    Time: 153233 ns  Scope: test_NtnuTfe4171Lab1Fifo.scoreBoardPopAndCheck File: ./tb/test_NtnuTfe4171Lab1Fifo.sv Line: 75
# [153233] MISMATCH: expected=0xx actual=0x9a
# ** Error: Assertion error.
#    Time: 153233 ns  Scope: test_NtnuTfe4171Lab1Fifo.scoreBoardPopAndCheck File: ./tb/test_NtnuTfe4171Lab1Fifo.sv Line: 85
#    153233 |   1    0x09a  |   1   0x09a  |   0     0     0
#    153295 |   1    0x09a  |   0   0x09a  |   0     0     0
# [153357] ERROR: Read with empty scoreboard!
# ** Error: Assertion error.
#    Time: 153357 ns  Scope: test_NtnuTfe4171Lab1Fifo.scoreBoardPopAndCheck File: ./tb/test_NtnuTfe4171Lab1Fifo.sv Line: 75
# [153357] MISMATCH: expected=0xx actual=0x9a
# ** Error: Assertion error.
#    Time: 153357 ns  Scope: test_NtnuTfe4171Lab1Fifo.scoreBoardPopAndCheck File: ./tb/test_NtnuTfe4171Lab1Fifo.sv Line: 85
#    153357 |   1    0x09a  |   1   0x09a  |   0     0     0
#    153419 |   1    0x09a  |   0   0x09a  |   0     0     0
# [153481] ERROR: Read with empty scoreboard!
# ** Error: Assertion error.
#    Time: 153481 ns  Scope: test_NtnuTfe4171Lab1Fifo.scoreBoardPopAndCheck File: ./tb/test_NtnuTfe4171Lab1Fifo.sv Line: 75
# [153481] MISMATCH: expected=0xx actual=0x9a
# ** Error: Assertion error.
#    Time: 153481 ns  Scope: test_NtnuTfe4171Lab1Fifo.scoreBoardPopAndCheck File: ./tb/test_NtnuTfe4171Lab1Fifo.sv Line: 85
#    153481 |   1    0x09a  |   1   0x09a  |   0     0     0
#    153543 |   1    0x09a  |   0   0x09a  |   0     0     0
# [153605] ERROR: Read with empty scoreboard!
# ** Error: Assertion error.
#    Time: 153605 ns  Scope: test_NtnuTfe4171Lab1Fifo.scoreBoardPopAndCheck File: ./tb/test_NtnuTfe4171Lab1Fifo.sv Line: 75
# [153605] MISMATCH: expected=0xx actual=0x9a
# ** Error: Assertion error.
#    Time: 153605 ns  Scope: test_NtnuTfe4171Lab1Fifo.scoreBoardPopAndCheck File: ./tb/test_NtnuTfe4171Lab1Fifo.sv Line: 85
#    153605 |   1    0x09a  |   1   0x09a  |   0     0     0
#    153667 |   1    0x09a  |   0   0x09a  |   0     0     0
# [153729] ERROR: Read with empty scoreboard!
# ** Error: Assertion error.
#    Time: 153729 ns  Scope: test_NtnuTfe4171Lab1Fifo.scoreBoardPopAndCheck File: ./tb/test_NtnuTfe4171Lab1Fifo.sv Line: 75
# [153729] MISMATCH: expected=0xx actual=0x9a
# ** Error: Assertion error.
#    Time: 153729 ns  Scope: test_NtnuTfe4171Lab1Fifo.scoreBoardPopAndCheck File: ./tb/test_NtnuTfe4171Lab1Fifo.sv Line: 85
#    153729 |   1    0x09a  |   1   0x09a  |   1     0     0
#    153791 |   1    0x09a  |   0   0x09a  |   0     0     0
# [153853] ERROR: Read with empty scoreboard!
# ** Error: Assertion error.
#    Time: 153853 ns  Scope: test_NtnuTfe4171Lab1Fifo.scoreBoardPopAndCheck File: ./tb/test_NtnuTfe4171Lab1Fifo.sv Line: 75
# [153853] MISMATCH: expected=0xx actual=0x9a
# ** Error: Assertion error.
#    Time: 153853 ns  Scope: test_NtnuTfe4171Lab1Fifo.scoreBoardPopAndCheck File: ./tb/test_NtnuTfe4171Lab1Fifo.sv Line: 85
#    153853 |   1    0x09a  |   1   0x09a  |   1     0     0
#    153915 |   1    0x09a  |   0   0x09a  |   0     0     0
# [153977] ERROR: Read with empty scoreboard!
# ** Error: Assertion error.
#    Time: 153977 ns  Scope: test_NtnuTfe4171Lab1Fifo.scoreBoardPopAndCheck File: ./tb/test_NtnuTfe4171Lab1Fifo.sv Line: 75
# [153977] MISMATCH: expected=0xx actual=0x9a
# ** Error: Assertion error.
#    Time: 153977 ns  Scope: test_NtnuTfe4171Lab1Fifo.scoreBoardPopAndCheck File: ./tb/test_NtnuTfe4171Lab1Fifo.sv Line: 85
#    153977 |   1    0x09a  |   1   0x09a  |   0     0     0
#    154039 |   1    0x09a  |   0   0x09a  |   0     0     0
# [154101] ERROR: Read with empty scoreboard!
# ** Error: Assertion error.
#    Time: 154101 ns  Scope: test_NtnuTfe4171Lab1Fifo.scoreBoardPopAndCheck File: ./tb/test_NtnuTfe4171Lab1Fifo.sv Line: 75
# [154101] MISMATCH: expected=0xx actual=0x9a
# ** Error: Assertion error.
#    Time: 154101 ns  Scope: test_NtnuTfe4171Lab1Fifo.scoreBoardPopAndCheck File: ./tb/test_NtnuTfe4171Lab1Fifo.sv Line: 85
#    154101 |   1    0x09a  |   1   0x09a  |   0     0     0
#    154163 |   1    0x09a  |   0   0x09a  |   0     0     0
# [154225] ERROR: Read with empty scoreboard!
# ** Error: Assertion error.
#    Time: 154225 ns  Scope: test_NtnuTfe4171Lab1Fifo.scoreBoardPopAndCheck File: ./tb/test_NtnuTfe4171Lab1Fifo.sv Line: 75
# [154225] MISMATCH: expected=0xx actual=0x9a
# ** Error: Assertion error.
#    Time: 154225 ns  Scope: test_NtnuTfe4171Lab1Fifo.scoreBoardPopAndCheck File: ./tb/test_NtnuTfe4171Lab1Fifo.sv Line: 85
#    154225 |   1    0x09a  |   1   0x09a  |   0     0     0
#    154287 |   1    0x09a  |   0   0x09a  |   0     0     0
# [154349] ERROR: Read with empty scoreboard!
# ** Error: Assertion error.
#    Time: 154349 ns  Scope: test_NtnuTfe4171Lab1Fifo.scoreBoardPopAndCheck File: ./tb/test_NtnuTfe4171Lab1Fifo.sv Line: 75
# [154349] MISMATCH: expected=0xx actual=0x9a
# ** Error: Assertion error.
#    Time: 154349 ns  Scope: test_NtnuTfe4171Lab1Fifo.scoreBoardPopAndCheck File: ./tb/test_NtnuTfe4171Lab1Fifo.sv Line: 85
#    154349 |   1    0x09a  |   1   0x09a  |   0     0     0
#    154411 |   1    0x09a  |   0   0x09a  |   0     0     0
# [154473] ERROR: Read with empty scoreboard!
# ** Error: Assertion error.
#    Time: 154473 ns  Scope: test_NtnuTfe4171Lab1Fifo.scoreBoardPopAndCheck File: ./tb/test_NtnuTfe4171Lab1Fifo.sv Line: 75
# [154473] MISMATCH: expected=0xx actual=0x9a
# ** Error: Assertion error.
#    Time: 154473 ns  Scope: test_NtnuTfe4171Lab1Fifo.scoreBoardPopAndCheck File: ./tb/test_NtnuTfe4171Lab1Fifo.sv Line: 85
#    154473 |   1    0x09a  |   1   0x09a  |   0     0     0
#    154535 |   1    0x09a  |   0   0x09a  |   0     0     0
# [154597] ERROR: Read with empty scoreboard!
# ** Error: Assertion error.
#    Time: 154597 ns  Scope: test_NtnuTfe4171Lab1Fifo.scoreBoardPopAndCheck File: ./tb/test_NtnuTfe4171Lab1Fifo.sv Line: 75
# [154597] MISMATCH: expected=0xx actual=0x9a
# ** Error: Assertion error.
#    Time: 154597 ns  Scope: test_NtnuTfe4171Lab1Fifo.scoreBoardPopAndCheck File: ./tb/test_NtnuTfe4171Lab1Fifo.sv Line: 85
#    154597 |   1    0x09a  |   1   0x09a  |   0     0     0
#    154659 |   1    0x09a  |   0   0x09a  |   0     0     0
# [154721] ERROR: Read with empty scoreboard!
# ** Error: Assertion error.
#    Time: 154721 ns  Scope: test_NtnuTfe4171Lab1Fifo.scoreBoardPopAndCheck File: ./tb/test_NtnuTfe4171Lab1Fifo.sv Line: 75
# [154721] MISMATCH: expected=0xx actual=0x9a
# ** Error: Assertion error.
#    Time: 154721 ns  Scope: test_NtnuTfe4171Lab1Fifo.scoreBoardPopAndCheck File: ./tb/test_NtnuTfe4171Lab1Fifo.sv Line: 85
#    154721 |   1    0x09a  |   1   0x09a  |   0     0     0
#    154783 |   1    0x09a  |   0   0x09a  |   0     0     0
# [154845] ERROR: Read with empty scoreboard!
# ** Error: Assertion error.
#    Time: 154845 ns  Scope: test_NtnuTfe4171Lab1Fifo.scoreBoardPopAndCheck File: ./tb/test_NtnuTfe4171Lab1Fifo.sv Line: 75
# [154845] MISMATCH: expected=0xx actual=0x9a
# ** Error: Assertion error.
#    Time: 154845 ns  Scope: test_NtnuTfe4171Lab1Fifo.scoreBoardPopAndCheck File: ./tb/test_NtnuTfe4171Lab1Fifo.sv Line: 85
#    154845 |   1    0x09a  |   1   0x09a  |   0     0     0
#    154907 |   1    0x09a  |   0   0x09a  |   0     0     0
# [154969] ERROR: Read with empty scoreboard!
# ** Error: Assertion error.
#    Time: 154969 ns  Scope: test_NtnuTfe4171Lab1Fifo.scoreBoardPopAndCheck File: ./tb/test_NtnuTfe4171Lab1Fifo.sv Line: 75
# [154969] MISMATCH: expected=0xx actual=0x9a
# ** Error: Assertion error.
#    Time: 154969 ns  Scope: test_NtnuTfe4171Lab1Fifo.scoreBoardPopAndCheck File: ./tb/test_NtnuTfe4171Lab1Fifo.sv Line: 85
#    154969 |   1    0x09a  |   1   0x09a  |   0     0     0
#    155031 |   1    0x09a  |   0   0x09a  |   0     0     0
# [155093] ERROR: Read with empty scoreboard!
# ** Error: Assertion error.
#    Time: 155093 ns  Scope: test_NtnuTfe4171Lab1Fifo.scoreBoardPopAndCheck File: ./tb/test_NtnuTfe4171Lab1Fifo.sv Line: 75
# [155093] MISMATCH: expected=0xx actual=0x9a
# ** Error: Assertion error.
#    Time: 155093 ns  Scope: test_NtnuTfe4171Lab1Fifo.scoreBoardPopAndCheck File: ./tb/test_NtnuTfe4171Lab1Fifo.sv Line: 85
#    155093 |   1    0x09a  |   1   0x09a  |   0     0     0
#    155155 |   1    0x09a  |   0   0x09a  |   0     0     0
# [155217] ERROR: Read with empty scoreboard!
# ** Error: Assertion error.
#    Time: 155217 ns  Scope: test_NtnuTfe4171Lab1Fifo.scoreBoardPopAndCheck File: ./tb/test_NtnuTfe4171Lab1Fifo.sv Line: 75
# [155217] MISMATCH: expected=0xx actual=0x9a
# ** Error: Assertion error.
#    Time: 155217 ns  Scope: test_NtnuTfe4171Lab1Fifo.scoreBoardPopAndCheck File: ./tb/test_NtnuTfe4171Lab1Fifo.sv Line: 85
#    155217 |   1    0x09a  |   1   0x09a  |   0     0     0
#    155279 |   1    0x09a  |   0   0x09a  |   0     0     0
# [155341] ERROR: Read with empty scoreboard!
# ** Error: Assertion error.
#    Time: 155341 ns  Scope: test_NtnuTfe4171Lab1Fifo.scoreBoardPopAndCheck File: ./tb/test_NtnuTfe4171Lab1Fifo.sv Line: 75
# [155341] MISMATCH: expected=0xx actual=0x9a
# ** Error: Assertion error.
#    Time: 155341 ns  Scope: test_NtnuTfe4171Lab1Fifo.scoreBoardPopAndCheck File: ./tb/test_NtnuTfe4171Lab1Fifo.sv Line: 85
#    155341 |   1    0x09a  |   1   0x09a  |   0     0     0
#    155403 |   1    0x09a  |   0   0x09a  |   0     0     0
# [155465] ERROR: Read with empty scoreboard!
# ** Error: Assertion error.
#    Time: 155465 ns  Scope: test_NtnuTfe4171Lab1Fifo.scoreBoardPopAndCheck File: ./tb/test_NtnuTfe4171Lab1Fifo.sv Line: 75
# [155465] MISMATCH: expected=0xx actual=0x9a
# ** Error: Assertion error.
#    Time: 155465 ns  Scope: test_NtnuTfe4171Lab1Fifo.scoreBoardPopAndCheck File: ./tb/test_NtnuTfe4171Lab1Fifo.sv Line: 85
#    155465 |   1    0x09a  |   1   0x09a  |   0     0     0
#    155527 |   1    0x09a  |   0   0x09a  |   0     0     0
# [155589] ERROR: Read with empty scoreboard!
# ** Error: Assertion error.
#    Time: 155589 ns  Scope: test_NtnuTfe4171Lab1Fifo.scoreBoardPopAndCheck File: ./tb/test_NtnuTfe4171Lab1Fifo.sv Line: 75
# [155589] MISMATCH: expected=0xx actual=0x9a
# ** Error: Assertion error.
#    Time: 155589 ns  Scope: test_NtnuTfe4171Lab1Fifo.scoreBoardPopAndCheck File: ./tb/test_NtnuTfe4171Lab1Fifo.sv Line: 85
#    155589 |   1    0x09a  |   1   0x09a  |   0     0     0
#    155651 |   1    0x09a  |   0   0x09a  |   0     0     0
# [155713] ERROR: Read with empty scoreboard!
# ** Error: Assertion error.
#    Time: 155713 ns  Scope: test_NtnuTfe4171Lab1Fifo.scoreBoardPopAndCheck File: ./tb/test_NtnuTfe4171Lab1Fifo.sv Line: 75
# [155713] MISMATCH: expected=0xx actual=0x9a
# ** Error: Assertion error.
#    Time: 155713 ns  Scope: test_NtnuTfe4171Lab1Fifo.scoreBoardPopAndCheck File: ./tb/test_NtnuTfe4171Lab1Fifo.sv Line: 85
#    155713 |   1    0x09a  |   1   0x09a  |   0     0     0
#    155775 |   1    0x09a  |   0   0x09a  |   0     0     0
# [155837] ERROR: Read with empty scoreboard!
# ** Error: Assertion error.
#    Time: 155837 ns  Scope: test_NtnuTfe4171Lab1Fifo.scoreBoardPopAndCheck File: ./tb/test_NtnuTfe4171Lab1Fifo.sv Line: 75
# [155837] MISMATCH: expected=0xx actual=0x9a
# ** Error: Assertion error.
#    Time: 155837 ns  Scope: test_NtnuTfe4171Lab1Fifo.scoreBoardPopAndCheck File: ./tb/test_NtnuTfe4171Lab1Fifo.sv Line: 85
#    155837 |   1    0x09a  |   1   0x09a  |   0     0     0
#    155899 |   1    0x09a  |   0   0x09a  |   0     0     0
# [155961] ERROR: Read with empty scoreboard!
# ** Error: Assertion error.
#    Time: 155961 ns  Scope: test_NtnuTfe4171Lab1Fifo.scoreBoardPopAndCheck File: ./tb/test_NtnuTfe4171Lab1Fifo.sv Line: 75
# [155961] MISMATCH: expected=0xx actual=0x9a
# ** Error: Assertion error.
#    Time: 155961 ns  Scope: test_NtnuTfe4171Lab1Fifo.scoreBoardPopAndCheck File: ./tb/test_NtnuTfe4171Lab1Fifo.sv Line: 85
#    155961 |   1    0x09a  |   1   0x09a  |   0     0     0
#    156023 |   1    0x09a  |   0   0x09a  |   0     0     0
# [156085] ERROR: Read with empty scoreboard!
# ** Error: Assertion error.
#    Time: 156085 ns  Scope: test_NtnuTfe4171Lab1Fifo.scoreBoardPopAndCheck File: ./tb/test_NtnuTfe4171Lab1Fifo.sv Line: 75
# [156085] MISMATCH: expected=0xx actual=0x9a
# ** Error: Assertion error.
#    Time: 156085 ns  Scope: test_NtnuTfe4171Lab1Fifo.scoreBoardPopAndCheck File: ./tb/test_NtnuTfe4171Lab1Fifo.sv Line: 85
#    156085 |   1    0x09a  |   1   0x09a  |   0     0     0
#    156147 |   1    0x09a  |   0   0x09a  |   0     0     0
# [156209] ERROR: Read with empty scoreboard!
# ** Error: Assertion error.
#    Time: 156209 ns  Scope: test_NtnuTfe4171Lab1Fifo.scoreBoardPopAndCheck File: ./tb/test_NtnuTfe4171Lab1Fifo.sv Line: 75
# [156209] MISMATCH: expected=0xx actual=0x9a
# ** Error: Assertion error.
#    Time: 156209 ns  Scope: test_NtnuTfe4171Lab1Fifo.scoreBoardPopAndCheck File: ./tb/test_NtnuTfe4171Lab1Fifo.sv Line: 85
#    156209 |   1    0x09a  |   1   0x09a  |   0     0     0
#    156271 |   1    0x09a  |   0   0x09a  |   0     0     0
# [156333] ERROR: Read with empty scoreboard!
# ** Error: Assertion error.
#    Time: 156333 ns  Scope: test_NtnuTfe4171Lab1Fifo.scoreBoardPopAndCheck File: ./tb/test_NtnuTfe4171Lab1Fifo.sv Line: 75
# [156333] MISMATCH: expected=0xx actual=0x9a
# ** Error: Assertion error.
#    Time: 156333 ns  Scope: test_NtnuTfe4171Lab1Fifo.scoreBoardPopAndCheck File: ./tb/test_NtnuTfe4171Lab1Fifo.sv Line: 85
#    156333 |   1    0x09a  |   1   0x09a  |   0     0     0
#    156395 |   1    0x09a  |   0   0x09a  |   0     0     0
# [156457] ERROR: Read with empty scoreboard!
# ** Error: Assertion error.
#    Time: 156457 ns  Scope: test_NtnuTfe4171Lab1Fifo.scoreBoardPopAndCheck File: ./tb/test_NtnuTfe4171Lab1Fifo.sv Line: 75
# [156457] MISMATCH: expected=0xx actual=0x9a
# ** Error: Assertion error.
#    Time: 156457 ns  Scope: test_NtnuTfe4171Lab1Fifo.scoreBoardPopAndCheck File: ./tb/test_NtnuTfe4171Lab1Fifo.sv Line: 85
#    156457 |   1    0x09a  |   1   0x09a  |   0     0     0
#    156519 |   1    0x09a  |   0   0x09a  |   0     0     0
# [156581] ERROR: Read with empty scoreboard!
# ** Error: Assertion error.
#    Time: 156581 ns  Scope: test_NtnuTfe4171Lab1Fifo.scoreBoardPopAndCheck File: ./tb/test_NtnuTfe4171Lab1Fifo.sv Line: 75
# [156581] MISMATCH: expected=0xx actual=0x9a
# ** Error: Assertion error.
#    Time: 156581 ns  Scope: test_NtnuTfe4171Lab1Fifo.scoreBoardPopAndCheck File: ./tb/test_NtnuTfe4171Lab1Fifo.sv Line: 85
#    156581 |   1    0x09a  |   1   0x09a  |   0     0     0
#    156643 |   1    0x09a  |   0   0x09a  |   0     0     0
# [156705] ERROR: Read with empty scoreboard!
# ** Error: Assertion error.
#    Time: 156705 ns  Scope: test_NtnuTfe4171Lab1Fifo.scoreBoardPopAndCheck File: ./tb/test_NtnuTfe4171Lab1Fifo.sv Line: 75
# [156705] MISMATCH: expected=0xx actual=0x9a
# ** Error: Assertion error.
#    Time: 156705 ns  Scope: test_NtnuTfe4171Lab1Fifo.scoreBoardPopAndCheck File: ./tb/test_NtnuTfe4171Lab1Fifo.sv Line: 85
# Break key hit
# Break at ./tb/test_NtnuTfe4171Lab1Fifo.sv line 85
# Stopped at ./tb/test_NtnuTfe4171Lab1Fifo.sv line 85
#  quit
# End time: 09:01:38 on Jan 26,2026, Elapsed time: 0:00:06
# Errors: 2059, Warnings: 1
